Source,Target,Type,Label
person_100162294,person_19743305,Undirected,MS_Add_B_54
person_100166736,person_52779630,Undirected,MS_Lat_class_c_7
person_100166736,person_316003889,Undirected,MS_Lat_class_c_7
person_100166736,person_43812064,Undirected,MS_Lat_class_c_7
person_100177277,person_39733678,Undirected,MS_Bodl_80
person_100177277,person_3752,Undirected,MS_Bodl_80
person_100177277,person_3753,Undirected,MS_Bodl_80
person_100177277,person_3754,Undirected,MS_Bodl_80
person_100177277,person_3745,Undirected,MS_Bodl_80
person_100177277,person_51728429,Undirected,MS_Arch_Selden_B_50
person_100177277,person_3755,Undirected,MS_Bodl_80
person_100177277,person_3756,Undirected,MS_Bodl_80
person_100177277,person_32345104,Undirected,MS_Bodl_80
person_100177277,person_3024,Undirected,MS_Bodl_646
person_100177277,person_2956,Undirected,MS_Bodl_646
person_100183464,person_95890653,Undirected,MS_Bodl_563-part1
person_100183464,person_1888150518475403650006,Undirected,MS_Bodl_61
person_100187947,person_67932423,Undirected,MS_Bodl_345
person_100187947,person_2919,Undirected,MS_Bodl_345
person_100187947,person_2920,Undirected,MS_Bodl_345
person_100187947,person_49213023,Undirected,MS_Laud_Misc_388
person_100187947,person_54940373,Undirected,MS_Laud_Misc_388
person_100187947,person_51728429,Undirected,MS_Selden_Supra_51
person_100187947,person_2920,Undirected,MS_Auct_E_inf_7
person_100187947,person_2919,Undirected,MS_Auct_E_inf_7
person_100187947,person_67932423,Undirected,MS_Auct_E_inf_7
person_100187947,person_2918,Undirected,MS_Auct_E_inf_7
person_100218411,person_860159248596504870003,Undirected,MS_Savile_13
person_100218411,person_860159248596504870003,Undirected,MS_Savile_3
person_100218411,person_860159248596504870003,Undirected,MS_Savile_5
person_100218411,person_860159248596504870003,Undirected,MS_Savile_4
person_100218411,person_4234,Undirected,Merton_College_MS_304
person_1004,person_1034,Undirected,MS_Lat_th_e_46
person_1004,person_22151132,Undirected,MS_Lat_th_e_46
person_1004,person_291,Undirected,MS_Lat_th_e_46
person_1005,person_485,Undirected,MS_Lat_misc_d_64
person_100577675,person_47563478,Undirected,MS_Rawl_G_140
person_1006,person_47563478,Undirected,MS_Rawl_G_126
person_1008,person_52779630,Undirected,MS_Lat_class_d_27
person_1009,person_1035,Undirected,MS_Lat_bib_b_4
person_1009,person_29877812,Undirected,MS_Lat_bib_b_4
person_100906238,person_47563478,Undirected,MS_Rawl_liturg_f_18
person_100906238,person_4930,Undirected,MS_Rawl_liturg_f_18
person_101089289,person_3292,Undirected,MS_Bodl_178
person_101089289,person_15121578,Undirected,MS_Bodl_178
person_101092513,person_73979081,Undirected,Christ_Church_MS_508
person_101092513,person_66754839,Undirected,Christ_Church_MS_508
person_101092513,person_83056404,Undirected,Christ_Church_MS_508
person_1015,person_51728429,Undirected,MS_Selden_Supra_22
person_101584699,person_69868741,Undirected,MS_DOrville_136
person_101584699,person_283293486,Undirected,MS_DOrville_136
person_101584699,person_3392,Undirected,MS_DOrville_136
person_101584699,person_3393,Undirected,MS_DOrville_136
person_101584699,person_3394,Undirected,MS_DOrville_136
person_101584699,person_24945908,Undirected,MS_DOrville_136
person_1017,person_1168,Undirected,MS_Lat_liturg_d_44
person_1026,person_72,Undirected,MS_Lat_misc_e_103
person_1026,person_677,Undirected,MS_Lat_misc_e_103
person_1030,person_49357645,Undirected,MS_Digby_29
person_1030,person_39386049,Undirected,MS_Digby_29
person_103146822249007381493,person_3393,Undirected,MS_DOrville_105
person_103146822249007381493,person_24945908,Undirected,MS_DOrville_105
person_103146822249007381493,person_3394,Undirected,MS_DOrville_105
person_103146822249007381493,person_3392,Undirected,MS_DOrville_105
person_1036,person_458,Undirected,MS_Lat_th_e_39
person_1040,person_379,Undirected,MS_Lat_th_d_15
person_1040,person_1110,Undirected,MS_Lat_th_d_15
person_1064,person_2677,Undirected,MS_Bodl_600
person_10646608,person_314808468,Undirected,Hertford_College_MS_2
person_10646727,person_957,Undirected,MS_Bywater_4
person_10646727,person_65146762,Undirected,MS_Bywater_38
person_10646727,person_308770014,Undirected,MS_Bywater_38
person_10646727,person_2384880,Undirected,MS_Bywater_38
person_10646727,person_446,Undirected,MS_Bywater_38
person_10646727,person_8145335,Undirected,MS_Holkham_Gr_95
person_10646727,person_431,Undirected,MS_Bywater_38
person_10646727,person_61892402,Undirected,MS_Bywater_4
person_10646727,person_60702448,Undirected,MS_Bywater_38
person_10646727,person_54942062,Undirected,MS_Bywater_4
person_10646727,person_76391283,Undirected,MS_Bywater_4
person_10646727,person_202392039,Undirected,MS_Bywater_4
person_10646727,person_76391283,Undirected,MS_Bywater_38
person_1066,person_1042,Undirected,MS_Lat_th_c_24
person_1066,person_513,Undirected,MS_Lat_th_c_24
person_1066,person_118,Undirected,MS_Lat_th_c_24
person_1066,person_522,Undirected,MS_Lat_th_c_24
person_1067,person_249,Undirected,MS_Lat_liturg_g_8
person_1067,person_1118,Undirected,MS_Lat_liturg_g_8
person_1067,person_20486290,Undirected,MS_Lat_liturg_g_8
person_106872042,person_2691,Undirected,MS_Holkham_Gr_81
person_106872042,person_2691,Undirected,MS_Holkham_Gr_37
person_106872042,person_2691,Undirected,MS_Holkham_Gr_23
person_106872042,person_2691,Undirected,MS_Holkham_Gr_27
person_106872042,person_2691,Undirected,MS_Holkham_Gr_26
person_106872042,person_2691,Undirected,MS_Holkham_Gr_18
person_106872042,person_2691,Undirected,MS_Holkham_Gr_19
person_106872042,person_2691,Undirected,MS_Holkham_Gr_45
person_106872042,person_2691,Undirected,MS_Holkham_Gr_57
person_106872042,person_2691,Undirected,MS_Holkham_Gr_9
person_106872042,person_2691,Undirected,MS_Holkham_Gr_40
person_106872042,person_2691,Undirected,MS_Holkham_Gr_41
person_106872042,person_2691,Undirected,MS_Holkham_Gr_80
person_106872042,person_2691,Undirected,MS_Holkham_Gr_43
person_106872042,person_2691,Undirected,MS_Holkham_Gr_46
person_106872042,person_2691,Undirected,MS_Holkham_Gr_36
person_106872042,person_2691,Undirected,MS_Holkham_Gr_1
person_106872042,person_2691,Undirected,MS_Holkham_Gr_38
person_106872042,person_2691,Undirected,MS_Holkham_Gr_62
person_106872042,person_2691,Undirected,MS_Holkham_Gr_35
person_106872042,person_2691,Undirected,MS_Holkham_Gr_7
person_106872042,person_2691,Undirected,MS_Holkham_Gr_64
person_106872042,person_2691,Undirected,MS_Holkham_Gr_66
person_106872042,person_2691,Undirected,MS_Holkham_Gr_73
person_106872042,person_1339,Undirected,MS_Holkham_Gr_28
person_106872042,person_2691,Undirected,MS_Holkham_Gr_77
person_106872042,person_2691,Undirected,MS_Holkham_Gr_28
person_106872042,person_2691,Undirected,MS_Holkham_Gr_15
person_106872042,person_2691,Undirected,MS_Holkham_Gr_17
person_106872042,person_2691,Undirected,MS_Holkham_Gr_16
person_106872042,person_2691,Undirected,MS_Holkham_Gr_13
person_106872042,person_106872042,Undirected,MS_Holkham_Gr_39
person_106872042,person_2691,Undirected,MS_Holkham_Gr_39
person_106872042,person_2917,Undirected,MS_Holkham_Gr_28
person_1074,person_803,Undirected,MS_Lat_misc_d_74
person_1074,person_63873133,Undirected,MS_Lat_misc_d_74
person_1074,person_38465038,Undirected,MS_Lat_misc_d_74
person_1074,person_46796537,Undirected,MS_Lat_misc_d_74
person_1074,person_708,Undirected,MS_Lat_misc_d_74
person_1074,person_39249508,Undirected,MS_Lat_misc_d_74
person_107982066,person_821,Undirected,MS_Lat_class_e_48
person_1080,person_55959601,Undirected,MS_Lat_th_f_15
person_1089,person_311,Undirected,MS_Lat_liturg_f_29
person_1103102,person_44408726,Undirected,MS_Lat_th_f_20
person_1103102,person_168027631,Undirected,MS_Lat_th_f_20
person_1103102,person_37714110,Undirected,MS_Lat_th_f_20
person_1115,person_315945273,Undirected,MS_Lyell_2
person_1115,person_64157046,Undirected,MS_Lyell_2
person_1115,person_62916116,Undirected,MS_Lyell_2
person_1117,person_41970552,Undirected,MS_Gough_Liturg_19
person_1126,person_54940373,Undirected,MS_Laud_Misc_740
person_1126,person_3382,Undirected,MS_Laud_Misc_740
person_1126,person_3383,Undirected,MS_Laud_Misc_740
person_1132,person_52779630,Undirected,MS_Lat_liturg_f_24
person_114,person_271,Undirected,MS_Lat_th_d_31
person_1144,person_44557546,Undirected,MS_Buchanan_e_9
person_1144,person_886,Undirected,MS_Buchanan_e_9
person_1144,person_678,Undirected,MS_Buchanan_e_9
person_1155,person_17500732,Undirected,MS_Holkham_misc_49
person_1155,person_100215915,Undirected,MS_Holkham_misc_49
person_1155,person_8145335,Undirected,MS_Holkham_misc_49
person_116,person_8145335,Undirected,MS_Holkham_misc_8
person_116,person_8145335,Undirected,MS_Holkham_misc_15
person_116,person_17500732,Undirected,MS_Holkham_misc_15
person_116,person_8145335,Undirected,MS_Holkham_misc_6
person_116,person_8145335,Undirected,MS_Holkham_misc_20
person_116,person_17500732,Undirected,MS_Holkham_misc_6
person_1169,person_28,Undirected,MS_Lat_th_d_27
person_1169,person_1191,Undirected,MS_Lat_th_d_27
person_1170,person_100218411,Undirected,MS_Bodl_521
person_1170,person_3404,Undirected,MS_Bodl_521
person_1170,person_3403,Undirected,MS_Bodl_521
person_1170,person_37266689,Undirected,MS_Bodl_521
person_1170,person_7488414,Undirected,MS_Bodl_521
person_1170,person_3405,Undirected,MS_Bodl_521
person_1177,person_2837388,Undirected,MS_Lat_liturg_e_38
person_1179,person_1252,Undirected,MS_Lat_misc_e_108
person_1179,person_897,Undirected,MS_Lat_misc_e_108
person_1179,person_771,Undirected,MS_Lat_misc_e_108
person_1179,person_516,Undirected,MS_Lat_misc_e_108
person_1182,person_695,Undirected,MS_Lat_bib_c_9
person_1182,person_1025,Undirected,MS_Lat_bib_c_9
person_1182,person_282,Undirected,MS_Lat_bib_c_9
person_1190,person_1016,Undirected,MS_Lat_misc_e_118
person_1193,person_8145335,Undirected,MS_Holkham_misc_22
person_1198,person_69848690,Undirected,MS_Douce_240
person_11989189,person_1265,Undirected,MS_Lat_misc_c_55
person_11989189,person_213,Undirected,MS_Lat_misc_c_55
person_11989189,person_980,Undirected,MS_Lat_misc_c_55
person_1200,person_854,Undirected,MS_Don_e_120
person_1200,person_294,Undirected,MS_Don_e_120
person_1200,person_1201,Undirected,MS_Don_e_120
person_1200,person_855,Undirected,MS_Don_e_120
person_1200,person_54,Undirected,MS_Don_e_120
person_1200,person_558,Undirected,MS_Don_e_120
person_1200,person_190,Undirected,MS_Don_e_120
person_1200,person_287,Undirected,MS_Don_e_120
person_1200,person_491,Undirected,MS_Don_e_120
person_1200,person_919,Undirected,MS_Don_e_120
person_1200,person_801,Undirected,MS_Don_e_120
person_1200,person_191,Undirected,MS_Don_e_120
person_1200,person_16,Undirected,MS_Don_e_120
person_1203,person_47563478,Undirected,MS_Rawl_D_3
person_1203,person_47563478,Undirected,MS_Rawl_G_51
person_1203,person_47563478,Undirected,MS_Bodl_189
person_1203,person_47563478,Undirected,MS_Rawl_D_403
person_1203,person_47563478,Undirected,MS_Rawl_G_58
person_1203,person_47563478,Undirected,MS_Rawl_G_155
person_1203,person_47563478,Undirected,MS_Rawl_C_257
person_1203,person_47563478,Undirected,MS_Rawl_G_128
person_1203,person_47563478,Undirected,MS_Rawl_G_115
person_1203,person_47563478,Undirected,MS_Rawl_G_35
person_1203,person_47563478,Undirected,MS_Rawl_G_32
person_1203,person_47563478,Undirected,MS_Rawl_G_33
person_1203,person_47563478,Undirected,MS_Rawl_G_34
person_1203,person_47563478,Undirected,MS_Rawl_G_40
person_1203,person_47563478,Undirected,MS_Rawl_G_41
person_1203,person_47563478,Undirected,MS_Rawl_G_23
person_1203,person_47563478,Undirected,MS_Rawl_G_137
person_1203,person_47563478,Undirected,MS_Rawl_A_411
person_1203,person_47563478,Undirected,MS_Rawl_G_39
person_1203,person_47563478,Undirected,MS_Rawl_G_43
person_1203,person_47563478,Undirected,MS_Rawl_G_52
person_1203,person_47563478,Undirected,MS_Rawl_G_133
person_1203,person_47563478,Undirected,MS_Rawl_G_53
person_1203,person_47563478,Undirected,MS_Rawl_C_258
person_1203,person_47563478,Undirected,MS_Rawl_G_163
person_1203,person_47563478,Undirected,MS_Rawl_C_301
person_1203,person_47563478,Undirected,MS_Rawl_C_533
person_1203,person_47563478,Undirected,MS_Rawl_C_883
person_1203,person_47563478,Undirected,MS_Rawl_G_30
person_1203,person_29543710,Undirected,MS_Rawl_G_186
person_1203,person_47563478,Undirected,MS_Rawl_G_187
person_1203,person_56951183,Undirected,MS_Douce_265
person_1203,person_69848690,Undirected,MS_Douce_265
person_1203,person_41944166,Undirected,MS_Douce_265
person_1203,person_47563478,Undirected,MS_Rawl_G_144
person_1203,person_47563478,Undirected,MS_Rawl_G_186
person_1203,person_90543170,Undirected,MS_Douce_265
person_1203,person_29543710,Undirected,MS_Rawl_G_187
person_121097216,person_194,Undirected,MS_Lat_liturg_g_2
person_121287180,person_14803186,Undirected,MS_Wood_empt_6
person_121287180,person_41970552,Undirected,MS_Gough_Liturg_18
person_121287180,person_14803186,Undirected,MS_Wood_empt_3
person_12179247,person_69848690,Undirected,MS_Douce_71
person_12179247,person_3982,Undirected,MS_Douce_71
person_1219,person_76597685,Undirected,MS_Auct_T_1_23
person_1219,person_12545856,Undirected,MS_Auct_T_1_23
person_1219,person_27,Undirected,MS_Auct_T_1_23
person_1219,person_1069,Undirected,MS_Auct_T_1_23
person_1221,person_805,Undirected,MS_Lat_th_e_37
person_1221,person_583,Undirected,MS_Lat_th_e_37
person_1221,person_255,Undirected,MS_Lat_th_e_37
person_1221,person_1250,Undirected,MS_Lat_th_e_37
person_1221,person_1147,Undirected,MS_Lat_th_e_37
person_1222,person_100180276,Undirected,MS_Lat_bib_d_9
person_122252078,person_70543315,Undirected,MS_Holkham_Gr_71
person_122252078,person_44367442,Undirected,MS_Holkham_Gr_71
person_12234890,person_140,Undirected,MS_Bywater_35
person_12234890,person_76391283,Undirected,MS_Bywater_35
person_12314392,person_54940373,Undirected,MS_Laud_Lat_118
person_12314392,person_54940373,Undirected,MS_Laud_Misc_449
person_12314392,person_54940373,Undirected,MS_Laud_Misc_560
person_12314392,person_54940373,Undirected,MS_Laud_Misc_445
person_1232,person_112588309,Undirected,MS_Lat_misc_d_85
person_1232,person_45105738,Undirected,MS_Lat_misc_d_85
person_1232,person_711,Undirected,MS_Lat_misc_d_85
person_1234,person_73979081,Undirected,MS_Lat_misc_e_77
person_1236,person_11255508,Undirected,MS_Eng_th_c_57
person_12411440,person_44194610,Undirected,MS_Douce_36
person_12411440,person_69848690,Undirected,MS_Douce_36
person_12411440,person_56951183,Undirected,MS_Douce_36
person_12420076,person_69848690,Undirected,MS_Douce_112
person_12420076,person_2852,Undirected,MS_Douce_112
person_1243,person_47563478,Undirected,MS_Rawl_D_328
person_1243,person_5051,Undirected,MS_Rawl_D_328
person_1243,person_29543710,Undirected,MS_Rawl_D_328
person_1248,person_2601732,Undirected,MS_Lat_liturg_e_47
person_12523608,person_1318653,Undirected,MS_Eng_hist_e_29
person_12523608,person_375,Undirected,MS_Eng_hist_e_29
person_1255,person_46998533,Undirected,MS_Lat_liturg_f_21
person_1255,person_532,Undirected,MS_Lat_liturg_f_21
person_1259,person_111104108,Undirected,MS_Lat_th_d_29
person_1259,person_40764209,Undirected,MS_Lat_th_d_29
person_1259,person_61575100,Undirected,MS_Lat_th_d_29
person_12651892,person_47563478,Undirected,MS_Rawl_C_157
person_12651892,person_86389711,Undirected,MS_Rawl_C_157
person_12660057,person_4997,Undirected,MS_Ital_e_2
person_1268,person_1029,Undirected,MS_Eng_hist_b_208
person_1268,person_489,Undirected,MS_Eng_hist_b_208
person_1268,person_812,Undirected,MS_Eng_hist_b_208
person_1268,person_1297,Undirected,MS_Eng_hist_b_208
person_1268,person_1214,Undirected,MS_Eng_hist_b_208
person_1268,person_1283,Undirected,MS_Eng_hist_b_208
person_1268,person_907,Undirected,MS_Eng_hist_b_208
person_1268,person_197,Undirected,MS_Eng_hist_b_208
person_1268,person_199,Undirected,MS_Eng_hist_b_208
person_1268,person_1290,Undirected,MS_Eng_hist_b_208
person_1268,person_19,Undirected,MS_Eng_hist_b_208
person_1268,person_585,Undirected,MS_Eng_hist_b_208
person_1268,person_589,Undirected,MS_Eng_hist_b_208
person_1268,person_603,Undirected,MS_Eng_hist_b_208
person_1268,person_505,Undirected,MS_Eng_hist_b_208
person_1268,person_881,Undirected,MS_Eng_hist_b_208
person_1268,person_297,Undirected,MS_Eng_hist_b_208
person_1268,person_1347,Undirected,MS_Eng_hist_b_208
person_1268,person_267,Undirected,MS_Eng_hist_b_208
person_1268,person_1289,Undirected,MS_Eng_hist_b_208
person_1268,person_13,Undirected,MS_Eng_hist_b_208
person_1268,person_360,Undirected,MS_Eng_hist_b_208
person_1278,person_1086,Undirected,MS_Lat_liturg_e_39
person_1278,person_46909597,Undirected,MS_Lat_liturg_e_39
person_1278,person_5674585,Undirected,MS_Lat_liturg_e_39
person_1282,person_15,Undirected,MS_Don_b_5
person_1282,person_1021,Undirected,MS_Don_b_5
person_1282,person_17,Undirected,MS_Don_b_5
person_1282,person_89051780,Undirected,MS_Don_b_5
person_1282,person_1119,Undirected,MS_Don_b_5
person_1282,person_719,Undirected,MS_Don_b_5
person_1282,person_1125,Undirected,MS_Don_b_5
person_1285,person_803,Undirected,MS_Eng_th_c_58
person_1285,person_673,Undirected,MS_Eng_th_c_58
person_1285,person_63873133,Undirected,MS_Eng_th_c_58
person_1285,person_39249508,Undirected,MS_Eng_th_c_58
person_1286,person_51728429,Undirected,MS_Arch_Selden_B_23
person_1288,person_722,Undirected,MS_Lat_th_d_17
person_1294,person_104499957,Undirected,MS_Lat_liturg_e_41
person_1294,person_29438200,Undirected,MS_Lat_liturg_e_41
person_1301,person_2685,Undirected,MS_Fr_e_23
person_1305,person_8145335,Undirected,MS_Holkham_misc_14
person_1305,person_41,Undirected,MS_Holkham_misc_14
person_1305,person_39728066,Undirected,MS_Holkham_misc_14
person_1309,person_196,Undirected,MS_Lat_th_f_23
person_1309,person_1327,Undirected,MS_Lat_th_f_23
person_1309,person_100180276,Undirected,MS_Lat_th_f_23
person_1309,person_173,Undirected,MS_Lat_th_f_23
person_1309,person_60459449,Undirected,MS_Lat_th_f_23
person_13101431,person_35262846,Undirected,MS_Douce_180
person_13101431,person_2854,Undirected,MS_Douce_180
person_13101431,person_69848690,Undirected,MS_Douce_180
person_1318,person_44557546,Undirected,MS_Buchanan_g_2
person_1318,person_886,Undirected,MS_Buchanan_g_2
person_1319,person_869,Undirected,MS_Fr_c_30
person_1319,person_22266810,Undirected,MS_Fr_c_30
person_1320,person_26,Undirected,MS_Holkham_misc_34
person_1320,person_8145335,Undirected,MS_Holkham_misc_34
person_1326,person_867,Undirected,MS_Lat_misc_d_54
person_1326,person_397,Undirected,MS_Lat_misc_d_54
person_1326,person_922,Undirected,MS_Lat_misc_d_54
person_1328,person_54195353,Undirected,MS_Hamilton_30
person_1328,person_382,Undirected,Dep_c_630
person_1328,person_24953683,Undirected,Dep_c_630
person_1329,person_100180276,Undirected,MS_Lat_th_c_34
person_1329,person_64157046,Undirected,MS_Lat_th_c_34
person_1329,person_518,Undirected,MS_Lat_th_c_34
person_1329,person_17394594,Undirected,MS_Lat_th_c_34
person_1330,person_743,Undirected,MS_Lat_liturg_e_48
person_1330,person_996,Undirected,MS_Lat_liturg_e_48
person_1330,person_251695875,Undirected,MS_Lat_liturg_e_48
person_1330,person_1199,Undirected,MS_Lat_liturg_e_48
person_1330,person_1205,Undirected,MS_Lat_liturg_e_48
person_1330,person_385,Undirected,MS_Lat_liturg_e_48
person_1332,person_1020,Undirected,MS_Lat_bib_d_7
person_1332,person_46810685,Undirected,MS_Lat_bib_d_7
person_1334,person_892,Undirected,MS_Lat_th_e_30
person_1341,person_531,Undirected,MS_Barocci_30
person_1341,person_1409,Undirected,MS_Barocci_30
person_13618315,person_25374986,Undirected,MS_Auct_F_1_7
person_13781981,person_47563478,Undirected,MS_Rawl_B_214
person_1390,person_8145335,Undirected,MS_Holkham_misc_40
person_1390,person_27099070,Undirected,MS_Holkham_misc_40
person_1394,person_1395,Undirected,MS_Ital_e_18
person_14,person_311,Undirected,MS_Eng_misc_e_558
person_14,person_89775123,Undirected,Smith_newsb_d_19
person_1401,person_1403,Undirected,MS_Barocci_17
person_141,person_771,Undirected,MS_Lat_th_d_36
person_1433,person_159912813,Undirected,MS_Fr_e_32
person_1433,person_73979081,Undirected,MS_Fr_e_32
person_1433,person_1170,Undirected,MS_Fr_e_32
person_1434,person_73979081,Undirected,MS_Top_Devon_d_5
person_1434,person_1437,Undirected,MS_Top_Devon_d_5
person_1434,person_1436,Undirected,MS_Top_Devon_d_5
person_1434,person_1435,Undirected,MS_Top_Devon_d_5
person_1434,person_1438,Undirected,MS_Top_Devon_d_5
person_1440,person_1441,Undirected,MS_Top_Suffolk_d_15
person_1440,person_1441,Undirected,MS_Top_Lincs_d_1
person_144153876,person_2384880,Undirected,MS_Canon_Pat_Lat_29
person_144153876,person_446,Undirected,MS_Canon_Pat_Lat_29
person_144153876,person_67260733,Undirected,MS_Canon_Pat_Lat_29
person_146,person_4705,Undirected,MS_Bodl_686
person_146,person_3507,Undirected,MS_Bodl_686
person_14803186,person_121287180,Undirected,MS_Wood_empt_9
person_14849374,person_54940373,Undirected,St_Johns_College_MS_99
person_14849374,person_39386049,Undirected,MS_Digby_76
person_14849374,person_49357645,Undirected,MS_Digby_76
person_14849374,person_37261411,Undirected,MS_Digby_76
person_149,person_24733638,Undirected,MS_Holkham_misc_53
person_149,person_25551534,Undirected,MS_Holkham_misc_53
person_149,person_8145335,Undirected,MS_Holkham_misc_53
person_149,person_24733638,Undirected,MS_Holkham_misc_50
person_149,person_8145335,Undirected,MS_Holkham_misc_52
person_149,person_24733638,Undirected,MS_Holkham_misc_51
person_149,person_25551534,Undirected,MS_Holkham_misc_51
person_149,person_8145335,Undirected,MS_Holkham_misc_50
person_149,person_25551534,Undirected,MS_Holkham_misc_50
person_149,person_25551534,Undirected,MS_Holkham_misc_52
person_149,person_24733638,Undirected,MS_Holkham_misc_52
person_149,person_8145335,Undirected,MS_Holkham_misc_51
person_15117440,person_47563478,Undirected,MS_Rawl_G_45
person_15202032,person_8145335,Undirected,MS_Holkham_misc_4
person_15202032,person_39728066,Undirected,MS_Holkham_misc_4
person_1563669,person_1563669,Undirected,MS_Add_A_62
person_16212389,person_2615949,Undirected,MS_Lat_liturg_f_26
person_162978974,person_56600848,Undirected,MS_Douce_222
person_162978974,person_69848690,Undirected,MS_Douce_222
person_166,person_8145335,Undirected,MS_Holkham_misc_24
person_168027631,person_64157046,Undirected,MS_Lyell_88
person_16904434,person_70399355,Undirected,MS_Lat_bib_d_10
person_16904434,person_4303,Undirected,Exeter_College_MS_23
person_16904434,person_34512366,Undirected,MS_Bodl_738
person_16904434,person_47563478,Undirected,MS_Rawl_G_170
person_16904434,person_4152,Undirected,Merton_College_MS_256B
person_16904434,person_4069,Undirected,Merton_College_MS_256B
person_16904434,person_1357,Undirected,MS_Lat_bib_d_10
person_16904434,person_359,Undirected,MS_Lat_bib_d_10
person_16904434,person_1058,Undirected,MS_Lat_bib_d_10
person_16904434,person_56735647,Undirected,MS_Lat_bib_d_10
person_16904434,person_1059,Undirected,MS_Lat_bib_d_10
person_16904434,person_22516011,Undirected,MS_Lat_bib_d_10
person_16904434,person_1262,Undirected,MS_Lat_bib_d_10
person_16904434,person_55959601,Undirected,MS_Lat_bib_d_10
person_16904434,person_2822,Undirected,MS_Bodl_783
person_171210661,person_3977,Undirected,MS_DOrville_76
person_171210661,person_24945908,Undirected,MS_DOrville_76
person_171210661,person_3393,Undirected,MS_DOrville_76
person_171210661,person_3394,Undirected,MS_DOrville_76
person_171210661,person_3392,Undirected,MS_DOrville_76
person_17133283,person_4612,Undirected,St_Johns_College_MS_60
person_17133283,person_54940373,Undirected,St_Johns_College_MS_60
person_17133283,person_4441,Undirected,St_Johns_College_MS_60
person_17133283,person_78992726,Undirected,St_Johns_College_MS_60
person_17138652,person_1085,Undirected,MS_Lat_misc_b_17
person_172419710,person_76469410,Undirected,MS_Bodl_331
person_172419710,person_14849374,Undirected,MS_Auct_D_1_15
person_172419710,person_76469410,Undirected,MS_Auct_D_1_15
person_172419710,person_3724,Undirected,MS_Bodl_883
person_172419710,person_76469410,Undirected,MS_Bodl_458
person_172419710,person_76469410,Undirected,MS_Bodl_209
person_172419710,person_12652996,Undirected,MS_Laud_Misc_509
person_172419710,person_76469410,Undirected,MS_Bodl_354
person_172419710,person_76469410,Undirected,MS_Bodl_245
person_172419710,person_224758718,Undirected,MS_Bodl_218
person_172419710,person_37261411,Undirected,MS_Laud_Misc_509
person_172419710,person_28246381,Undirected,MS_Bodl_218
person_172419710,person_76469410,Undirected,MS_Bodl_218
person_172419710,person_54940373,Undirected,MS_Laud_Misc_509
person_172419710,person_3014,Undirected,MS_Bodl_504
person_172419710,person_3013,Undirected,MS_Bodl_504
person_172419710,person_3012,Undirected,MS_Bodl_504
person_172419710,person_76469410,Undirected,MS_Bodl_284
person_172847083,person_69848690,Undirected,MS_Douce_131
person_172847083,person_4713,Undirected,MS_Douce_131
person_172847083,person_3959,Undirected,MS_Douce_131
person_172847083,person_3960,Undirected,MS_Douce_131
person_174,person_583,Undirected,MS_Lat_th_e_36
person_174,person_805,Undirected,MS_Lat_th_e_36
person_174,person_882,Undirected,MS_Lat_th_e_36
person_174,person_184,Undirected,MS_Lat_th_e_36
person_174,person_467,Undirected,MS_Lat_th_e_36
person_175,person_557,Undirected,MS_Lat_misc_e_87
person_175,person_61630238,Undirected,MS_Lat_misc_e_87
person_175,person_55959601,Undirected,MS_Lat_th_e_32
person_175,person_378,Undirected,MS_Lat_th_e_32
person_17522991,person_4039,Undirected,Merton_College_MS_123
person_17522991,person_4044,Undirected,Merton_College_MS_126
person_17522991,person_4043,Undirected,Merton_College_MS_126
person_17522991,person_4042,Undirected,Merton_College_MS_126
person_17522991,person_4041,Undirected,Merton_College_MS_126
person_178,person_311,Undirected,MS_Lat_th_c_20
person_18,person_1119,Undirected,MS_Don_b_6
person_18,person_89051780,Undirected,MS_Don_b_6
person_18015860,person_27215170,Undirected,MS_Ashmole_40
person_18015860,person_27215170,Undirected,MS_Ashmole_40
person_18312186,person_37261411,Undirected,Christ_Church_Allestree_Library_MS_L41
person_18312186,person_9878742,Undirected,Christ_Church_Allestree_Library_MS_L41
person_187082578,person_47563478,Undirected,MS_Rawl_G_36
person_196294866,person_546,Undirected,MS_Lat_th_f_18
person_19683296,person_69848690,Undirected,MS_Douce_176
person_19743305,person_73979081,Undirected,MS_Lat_class_d_26
person_19743305,person_28418540,Undirected,MS_Lat_class_d_26
person_19743305,person_27097808,Undirected,MS_Broxb_842
person_19743305,person_1018,Undirected,MS_Lat_class_d_26
person_197853031,person_59225563,Undirected,MS_Junius_83
person_198673897,person_2384880,Undirected,MS_Canon_Misc_172
person_198673897,person_446,Undirected,MS_Canon_Misc_172
person_203402485,person_5284082,Undirected,Merton_College_MS_241
person_203402485,person_96298161,Undirected,Merton_College_MS_241
person_203402485,person_203402485,Undirected,Merton_College_MS_241
person_204,person_5195545,Undirected,MS_Lat_th_e_26
person_204,person_755,Undirected,MS_Lat_th_e_26
person_20479002,person_54944694,Undirected,MS_Arch_Selden_A_1-part1
person_20479002,person_59122682,Undirected,MS_Arch_Selden_A_1-part1
person_20479002,person_22239295,Undirected,MS_Arch_Selden_A_1-part1
person_20479002,person_13131731,Undirected,MS_Arch_Selden_A_1-part1
person_205034998,person_49548280,Undirected,St_Johns_College_MS_69
person_205295992,person_4016,Undirected,Merton_College_MS_181
person_205295992,person_4022,Undirected,Merton_College_MS_181
person_207471336,person_3394,Undirected,MS_DOrville_188
person_207471336,person_3393,Undirected,MS_DOrville_188
person_207471336,person_3392,Undirected,MS_DOrville_188
person_207471336,person_122020529,Undirected,MS_DOrville_188
person_207471336,person_24945908,Undirected,MS_DOrville_188
person_2079,person_53056049,Undirected,MS_Broxb_843
person_2079,person_250878058,Undirected,MS_Broxb_843
person_208,person_121,Undirected,MS_Buchanan_e_4
person_208,person_44557546,Undirected,MS_Buchanan_e_4
person_208,person_886,Undirected,MS_Buchanan_e_4
person_211900592,person_54940373,Undirected,MS_Laud_Misc_296
person_212020527,person_802,Undirected,MS_Bywater_adds_2
person_212020527,person_864,Undirected,MS_Bywater_adds_2
person_212020527,person_68918597,Undirected,MS_Bywater_adds_2
person_212020527,person_120726,Undirected,MS_Bywater_adds_2
person_212020527,person_49332641,Undirected,MS_Bywater_adds_2
person_215,person_9916798,Undirected,MS_Top_Denbigh_c_1
person_220,person_194721142,Undirected,MS_Lat_th_d_46
person_220,person_1109,Undirected,MS_Lat_th_d_46
person_220,person_11255508,Undirected,MS_Lat_th_d_46
person_2202,person_4190,Undirected,Merton_College_MS_284
person_2202,person_4191,Undirected,Merton_College_MS_284
person_221801978,person_316003889,Undirected,Christ_Church_MS_507
person_221801978,person_83056404,Undirected,Christ_Church_MS_507
person_227066592,person_2920,Undirected,MS_Auct_E_inf_6
person_227066592,person_2919,Undirected,MS_Auct_E_inf_6
person_227066592,person_2918,Undirected,MS_Auct_E_inf_6
person_227066592,person_67932423,Undirected,MS_Auct_E_inf_6
person_229,person_311,Undirected,MS_Lat_liturg_d_38
person_22937889,person_2558,Undirected,Christ_Church_MS_101
person_22937889,person_2560,Undirected,Christ_Church_MS_101
person_22937889,person_3322,Undirected,Christ_Church_MS_338
person_22942952,person_36520321,Undirected,MS_Montagu_d_32
person_22942952,person_73846445,Undirected,MS_Montagu_d_32
person_22942952,person_37146217850209142537,Undirected,MS_Montagu_d_32
person_22942952,person_46673152,Undirected,MS_Montagu_d_32
person_231851090,person_1208,Undirected,MS_Lat_class_d_39
person_231851090,person_1181,Undirected,MS_Lat_class_d_39
person_231852344,person_29618091,Undirected,MS_Lat_misc_d_80
person_231852344,person_3528936,Undirected,MS_Lat_misc_d_80
person_232472552,person_54940373,Undirected,MS_Laud_Misc_113
person_234,person_2531,Undirected,MS_Lat_liturg_f_19
person_234,person_54157151,Undirected,MS_Lat_liturg_f_19
person_234,person_866,Undirected,MS_Lat_liturg_f_19
person_234,person_746,Undirected,MS_Lat_liturg_f_19
person_234705467,person_47563478,Undirected,MS_Rawl_C_238
person_234705467,person_47563478,Undirected,MS_Rawl_C_237
person_236,person_1022,Undirected,MS_Lat_th_e_38
person_236,person_69848690,Undirected,MS_Douce_125
person_2384880,person_446,Undirected,MS_Canon_Misc_251
person_2384880,person_446,Undirected,MS_Canon_Pat_Lat_114
person_2384880,person_446,Undirected,MS_Canon_Pat_Lat_35
person_2384880,person_446,Undirected,MS_Canon_Pat_Lat_34
person_2384880,person_446,Undirected,MS_Canon_Pat_Lat_21
person_2384880,person_446,Undirected,MS_Canon_Pat_Lat_37
person_2384880,person_446,Undirected,MS_Canon_Pat_Lat_23
person_2384880,person_446,Undirected,MS_Canon_Misc_204
person_2384880,person_446,Undirected,MS_Canon_Pat_Lat_102
person_2384880,person_446,Undirected,MS_Canon_Pat_Lat_116
person_2384880,person_446,Undirected,MS_Canon_Pat_Lat_20
person_2384880,person_446,Undirected,MS_Canon_Misc_170
person_2384880,person_446,Undirected,MS_Canon_Misc_164
person_2384880,person_446,Undirected,MS_Canon_Misc_158
person_2384880,person_446,Undirected,MS_Canon_Pat_Lat_100
person_2384880,person_446,Undirected,MS_Canon_Pat_Lat_128
person_2384880,person_446,Undirected,MS_Canon_Misc_199
person_2384880,person_446,Undirected,MS_Canon_Misc_293
person_2384880,person_446,Undirected,MS_Canon_Misc_537
person_2384880,person_446,Undirected,MS_Canon_Misc_279
person_2384880,person_446,Undirected,MS_Canon_Misc_286
person_2384880,person_446,Undirected,MS_Canon_Misc_17
person_2384880,person_446,Undirected,MS_Canon_Misc_576
person_2384880,person_446,Undirected,MS_Canon_Misc_210
person_2384880,person_446,Undirected,MS_Canon_Misc_358
person_2384880,person_446,Undirected,MS_Canon_Misc_370
person_2384880,person_446,Undirected,MS_Canon_Misc_562
person_2384880,person_446,Undirected,MS_Canon_Misc_416
person_2384880,person_446,Undirected,MS_Canon_Pat_Lat_115
person_2384880,person_446,Undirected,MS_Canon_Pat_Lat_101
person_2384880,person_446,Undirected,MS_Canon_Misc_402
person_2384880,person_446,Undirected,MS_Canon_Pat_Lat_129
person_2384880,person_446,Undirected,MS_Canon_Misc_364
person_2384880,person_446,Undirected,MS_Canon_Misc_245
person_2384880,person_446,Undirected,MS_Canon_Pat_Lat_117
person_2384880,person_446,Undirected,MS_Canon_Misc_372
person_2384880,person_446,Undirected,MS_Canon_Misc_414
person_2384880,person_446,Undirected,MS_Canon_Misc_548
person_2384880,person_446,Undirected,MS_Canon_Misc_82
person_2384880,person_446,Undirected,MS_Canon_Pat_Lat_164
person_2384880,person_446,Undirected,MS_Canon_Pat_Lat_170
person_2384880,person_446,Undirected,MS_Canon_Misc_244
person_2384880,person_446,Undirected,MS_Canon_Misc_481
person_2384880,person_446,Undirected,MS_Canon_Misc_96
person_2384880,person_446,Undirected,MS_Canon_Misc_41
person_2384880,person_446,Undirected,MS_Canon_Misc_55
person_2384880,person_446,Undirected,MS_Canon_Pat_Lat_171
person_2384880,person_446,Undirected,MS_Canon_Pat_Lat_165
person_2384880,person_446,Undirected,MS_Canon_Misc_69
person_2384880,person_446,Undirected,MS_Canon_Misc_68
person_2384880,person_446,Undirected,MS_Canon_Misc_54
person_2384880,person_446,Undirected,MS_Canon_Misc_495
person_2384880,person_446,Undirected,MS_Canon_Misc_442
person_2384880,person_446,Undirected,MS_Canon_Misc_456
person_2384880,person_446,Undirected,MS_Canon_Misc_40
person_2384880,person_446,Undirected,MS_Canon_Misc_97
person_2384880,person_446,Undirected,MS_Canon_Misc_522
person_2384880,person_446,Undirected,MS_Canon_Pat_Lat_103
person_2384880,person_446,Undirected,MS_Canon_Pat_Lat_158
person_2384880,person_446,Undirected,MS_Canon_Pat_Lat_86
person_2384880,person_446,Undirected,MS_Canon_Pat_Lat_22
person_2384880,person_446,Undirected,MS_Canon_Pat_Lat_36
person_2384880,person_446,Undirected,MS_Canon_Pat_Lat_1
person_2384880,person_446,Undirected,MS_Canon_Misc_366
person_2384880,person_446,Undirected,MS_Canon_Misc_400
person_2384880,person_446,Undirected,MS_Canon_Pat_Lat_79
person_2384880,person_446,Undirected,MS_Canon_Misc_287
person_2384880,person_446,Undirected,MS_Canon_Pat_Lat_51
person_2384880,person_446,Undirected,MS_Canon_Pat_Lat_212
person_2384880,person_446,Undirected,MS_Canon_Pat_Lat_45
person_2384880,person_446,Undirected,MS_Canon_Misc_428
person_2384880,person_446,Undirected,MS_Canon_Misc_399
person_2384880,person_446,Undirected,MS_Canon_Misc_560
person_2384880,person_446,Undirected,MS_Canon_Misc_206
person_2384880,person_446,Undirected,MS_Canon_Pat_Lat_206
person_2384880,person_446,Undirected,MS_Canon_Pat_Lat_92
person_2384880,person_446,Undirected,MS_Canon_Misc_212
person_2384880,person_446,Undirected,MS_Canon_Misc_574
person_2384880,person_446,Undirected,MS_Canon_Misc_250
person_2384880,person_446,Undirected,MS_Canon_Misc_536
person_2384880,person_446,Undirected,MS_Canon_Pat_Lat_18
person_2384880,person_446,Undirected,MS_Canon_Misc_523
person_2384880,person_446,Undirected,MS_Canon_Pat_Lat_30
person_2384880,person_446,Undirected,MS_Canon_Misc_382
person_2384880,person_446,Undirected,MS_Canon_Misc_355
person_2384880,person_446,Undirected,MS_Canon_Misc_433
person_2384880,person_446,Undirected,MS_Canon_Misc_484
person_2384880,person_446,Undirected,MS_Canon_Misc_427
person_2384880,person_446,Undirected,MS_Canon_Misc_181
person_2384880,person_446,Undirected,MS_Canon_Misc_156
person_2384880,person_446,Undirected,MS_Canon_Misc_447
person_2384880,person_446,Undirected,MS_Canon_Misc_490
person_2384880,person_446,Undirected,MS_Canon_Misc_341
person_2384880,person_446,Undirected,MS_Canon_Misc_142
person_2384880,person_446,Undirected,MS_Canon_Misc_335
person_2384880,person_446,Undirected,MS_Canon_Misc_369
person_2384880,person_446,Undirected,MS_Canon_Misc_453
person_2384880,person_446,Undirected,MS_Canon_Misc_309
person_2384880,person_446,Undirected,MS_Canon_Pat_Lat_32
person_2384880,person_446,Undirected,MS_Canon_Misc_167
person_2384880,person_446,Undirected,MS_Canon_Misc_123
person_2384880,person_446,Undirected,MS_Canon_Misc_321
person_2384880,person_446,Undirected,MS_Canon_Misc_396
person_2384880,person_446,Undirected,MS_Canon_Misc_553
person_2384880,person_446,Undirected,MS_Canon_Misc_547
person_2384880,person_446,Undirected,MS_Canon_Misc_234
person_2384880,person_446,Undirected,MS_Canon_Misc_220
person_2384880,person_446,Undirected,MS_Canon_Misc_546
person_2384880,person_446,Undirected,MS_Canon_Misc_98
person_2384880,person_446,Undirected,MS_Canon_Misc_73
person_2384880,person_446,Undirected,MS_Canon_Misc_552
person_2384880,person_446,Undirected,MS_Canon_Misc_397
person_2384880,person_446,Undirected,MS_Canon_Misc_383
person_2384880,person_446,Undirected,MS_Canon_Misc_432
person_2384880,person_446,Undirected,MS_Canon_Misc_354
person_2384880,person_446,Undirected,MS_Canon_Misc_340
person_2384880,person_446,Undirected,MS_Canon_Misc_67
person_2384880,person_446,Undirected,MS_Canon_Misc_66
person_2384880,person_446,Undirected,MS_Canon_Misc_72
person_2384880,person_446,Undirected,MS_Canon_Misc_426
person_2384880,person_446,Undirected,MS_Canon_Misc_368
person_2384880,person_446,Undirected,MS_Canon_Misc_195
person_2384880,person_446,Undirected,MS_Canon_Misc_99
person_2384880,person_446,Undirected,MS_Canon_Misc_221
person_2384880,person_446,Undirected,MS_Canon_Misc_137
person_2384880,person_446,Undirected,MS_Canon_Pat_Lat_24
person_2384880,person_446,Undirected,MS_Canon_Misc_173
person_2384880,person_446,Undirected,MS_Canon_Misc_133
person_2384880,person_446,Undirected,MS_Canon_Misc_443
person_2384880,person_446,Undirected,MS_Canon_Misc_319
person_2384880,person_446,Undirected,MS_Canon_Misc_81
person_2384880,person_446,Undirected,MS_Canon_Misc_56
person_2384880,person_446,Undirected,MS_Canon_Misc_42
person_2384880,person_446,Undirected,MS_Canon_Pat_Lat_31
person_2384880,person_446,Undirected,MS_Canon_Misc_43
person_2384880,person_446,Undirected,MS_Canon_Pat_Lat_138
person_2384880,person_446,Undirected,MS_Canon_Misc_325
person_2384880,person_446,Undirected,MS_Canon_Pat_Lat_110
person_2384880,person_446,Undirected,MS_Canon_Misc_57
person_2384880,person_446,Undirected,MS_Canon_Misc_94
person_2384880,person_446,Undirected,MS_Canon_Pat_Lat_105
person_2384880,person_446,Undirected,MS_Canon_Misc_238
person_2384880,person_446,Undirected,MS_Canon_Misc_494
person_2384880,person_446,Undirected,MS_Canon_Pat_Lat_111
person_2384880,person_446,Undirected,MS_Canon_Pat_Lat_139
person_2384880,person_446,Undirected,MS_Canon_Misc_480
person_2384880,person_446,Undirected,MS_Canon_Pat_Lat_104
person_2384880,person_446,Undirected,MS_Canon_Misc_331
person_2384880,person_446,Undirected,MS_Canon_Pat_Lat_25
person_2384880,person_446,Undirected,MS_Canon_Pat_Lat_19
person_2384880,person_446,Undirected,MS_Canon_Pat_Lat_107
person_2384880,person_446,Undirected,MS_Canon_Pat_Lat_113
person_2384880,person_446,Undirected,MS_Canon_Misc_198
person_2384880,person_446,Undirected,MS_Canon_Pat_Lat_112
person_2384880,person_446,Undirected,MS_Canon_Misc_403
person_2384880,person_446,Undirected,MS_Canon_Misc_365
person_2384880,person_446,Undirected,MS_Canon_Misc_371
person_2384880,person_446,Undirected,MS_Canon_Misc_417
person_2384880,person_446,Undirected,MS_Canon_Pat_Lat_106
person_2384880,person_446,Undirected,MS_Canon_Pat_Lat_27
person_2384880,person_446,Undirected,MS_Canon_Misc_359
person_2384880,person_446,Undirected,MS_Canon_Misc_211
person_2384880,person_446,Undirected,MS_Canon_Misc_205
person_2384880,person_446,Undirected,MS_Canon_Misc_563
person_2384880,person_446,Undirected,MS_Canon_Misc_239
person_2384880,person_446,Undirected,MS_Canon_Misc_127
person_2384880,person_446,Undirected,MS_Canon_Pat_Lat_33
person_2384880,person_446,Undirected,MS_Canon_Misc_457
person_2384880,person_446,Undirected,MS_Canon_Misc_95
person_2384880,person_446,Undirected,MS_Canon_Pat_Lat_26
person_2384880,person_446,Undirected,MS_Canon_Misc_451
person_2384880,person_446,Undirected,MS_Canon_Misc_508
person_2384880,person_446,Undirected,MS_Canon_Misc_549
person_2384880,person_446,Undirected,MS_Canon_Misc_104
person_2384880,person_446,Undirected,MS_Canon_Misc_110
person_2384880,person_446,Undirected,MS_Canon_Liturg_297
person_2384880,person_446,Undirected,MS_Canon_Misc_138
person_2384880,person_446,Undirected,MS_Canon_Misc_306
person_2384880,person_446,Undirected,MS_Canon_Misc_460
person_2384880,person_446,Undirected,MS_Canon_Misc_474
person_2384880,person_446,Undirected,MS_Canon_Misc_312
person_2384880,person_446,Undirected,MS_Canon_Misc_448
person_2384880,person_446,Undirected,MSS_Canon_Misc_208-9
person_2384880,person_446,Undirected,MS_Canon_Liturg_319
person_2384880,person_446,Undirected,MS_Canon_Misc_514
person_2384880,person_446,Undirected,MS_Canon_Misc_500
person_2384880,person_446,Undirected,MS_Canon_Misc_266
person_2384880,person_446,Undirected,MS_Canon_Misc_528
person_2384880,person_446,Undirected,MS_Canon_Liturg_99
person_2384880,person_446,Undirected,MS_Canon_Misc_299
person_2384880,person_446,Undirected,MS_Canon_Misc_35
person_2384880,person_446,Undirected,MS_Canon_Liturg_354
person_2384880,person_446,Undirected,MS_Canon_Misc_21
person_2384880,person_446,Undirected,MS_Canon_Misc_272
person_2384880,person_446,Undirected,MS_Canon_Liturg_341
person_2384880,person_446,Undirected,MS_Canon_Misc_177
person_2384880,person_60702448,Undirected,MS_Fr_d_16
person_2384880,person_446,Undirected,MS_Canon_Misc_572
person_2384880,person_446,Undirected,MS_Canon_Misc_566
person_2384880,person_446,Undirected,MS_Canon_Misc_200
person_2384880,person_446,Undirected,MS_Canon_Misc_90
person_2384880,person_446,Undirected,MS_Canon_Misc_84
person_2384880,person_446,Undirected,MS_Canon_Misc_53
person_2384880,person_446,Undirected,MS_Canon_Misc_47
person_2384880,person_446,Undirected,MS_Canon_Misc_46
person_2384880,person_446,Undirected,MS_Canon_Misc_52
person_2384880,person_446,Undirected,MS_Canon_Misc_188
person_2384880,person_446,Undirected,MS_Canon_Misc_85
person_2384880,person_446,Undirected,MS_Canon_Misc_201
person_2384880,person_446,Undirected,MS_Canon_Misc_215
person_2384880,person_446,Undirected,MS_Canon_Misc_573
person_2384880,person_446,Undirected,MS_Canon_Misc_229
person_2384880,person_446,Undirected,MS_Canon_Misc_413
person_2384880,person_446,Undirected,MS_Canon_Misc_375
person_2384880,person_446,Undirected,MS_Canon_Misc_361
person_2384880,person_446,Undirected,MS_Canon_Misc_407
person_2384880,person_446,Undirected,MS_Canon_Misc_349
person_2384880,person_446,Undirected,MS_Canon_Misc_91
person_2384880,person_446,Undirected,MS_Canon_Misc_214
person_2384880,person_446,Undirected,MS_Canon_Liturg_382
person_2384880,person_446,Undirected,MS_Canon_Liturg_202
person_2384880,person_446,Undirected,MS_Canon_Misc_311
person_2384880,person_446,Undirected,MS_Canon_Misc_463
person_2384880,person_446,Undirected,MS_Canon_Misc_305
person_2384880,person_446,Undirected,MS_Canon_Misc_339
person_2384880,person_446,Undirected,MS_Canon_Misc_488
person_2384880,person_446,Undirected,MS_Canon_Misc_265
person_2384880,person_446,Undirected,MS_Canon_Misc_503
person_2384880,person_446,Undirected,MS_Canon_Misc_517
person_2384880,person_446,Undirected,MS_Canon_Misc_271
person_2384880,person_446,Undirected,MS_Canon_Misc_107
person_2384880,person_446,Undirected,MS_Canon_Misc_3
person_2384880,person_446,Undirected,MS_Canon_Misc_36
person_2384880,person_446,Undirected,MS_Canon_Misc_37
person_2384880,person_446,Undirected,MS_Canon_Misc_23
person_2384880,person_446,Undirected,MS_Canon_Misc_2
person_2384880,person_446,Undirected,MS_Canon_Misc_258
person_2384880,person_446,Undirected,MS_Canon_Misc_516
person_2384880,person_446,Undirected,MS_Canon_Misc_270
person_2384880,person_446,Undirected,MS_Canon_Misc_264
person_2384880,person_446,Undirected,MS_Canon_Misc_502
person_2384880,person_446,Undirected,MS_Canon_Misc_22
person_2384880,person_446,Undirected,MS_Canon_Liturg_352
person_2384880,person_446,Undirected,MS_Canon_Misc_113
person_2384880,person_446,Undirected,MS_Canon_Misc_111
person_2384880,person_446,Undirected,MS_Canon_Liturg_414
person_2384880,person_446,Undirected,MS_Canon_Liturg_1
person_2384880,person_446,Undirected,MS_Canon_Liturg_3
person_2384880,person_446,Undirected,MS_Canon_Misc_34
person_2384880,person_446,Undirected,MS_Canon_Misc_298
person_2384880,person_446,Undirected,MS_Canon_Liturg_114
person_2384880,person_446,Undirected,MS_Canon_Liturg_2
person_2384880,person_446,Undirected,MS_Canon_Liturg_5
person_2384880,person_446,Undirected,MS_Canon_Misc_1
person_2384880,person_446,Undirected,MS_Canon_Misc_105
person_2384880,person_446,Undirected,MS_Canon_Liturg_37
person_2384880,person_446,Undirected,MS_Canon_Misc_501
person_2384880,person_446,Undirected,MS_Canon_Misc_267
person_2384880,person_446,Undirected,MS_Canon_Misc_273
person_2384880,person_446,Undirected,MS_Canon_Misc_515
person_2384880,person_446,Undirected,MS_Canon_Misc_475
person_2384880,person_446,Undirected,MS_Canon_Misc_313
person_2384880,person_446,Undirected,MS_Canon_Misc_307
person_2384880,person_446,Undirected,MS_Canon_Misc_461
person_2384880,person_446,Undirected,MS_Canon_Misc_139
person_2384880,person_446,Undirected,MS_Canon_Misc_529
person_2384880,person_446,Undirected,MS_Canon_Misc_374
person_2384880,person_446,Undirected,MS_Canon_Misc_412
person_2384880,person_446,Undirected,MS_Canon_Misc_406
person_2384880,person_446,Undirected,MS_Canon_Misc_497
person_2384880,person_446,Undirected,MS_Canon_Misc_175
person_2384880,person_446,Undirected,MS_Canon_Misc_161
person_2384880,person_446,Undirected,MS_Canon_Misc_534
person_2384880,person_446,Undirected,MS_Canon_Misc_252
person_2384880,person_446,Undirected,MS_Canon_Misc_246
person_2384880,person_446,Undirected,MS_Canon_Misc_439
person_2384880,person_446,Undirected,MS_Canon_Misc_377
person_2384880,person_446,Undirected,MS_Canon_Misc_411
person_2384880,person_446,Undirected,MS_Canon_Misc_483
person_2384880,person_446,Undirected,MS_Canon_Misc_405
person_2384880,person_446,Undirected,MS_Canon_Pat_Lat_159
person_2384880,person_446,Undirected,MS_Canon_Misc_291
person_2384880,person_446,Undirected,MS_Canon_Misc_285
person_2384880,person_446,Undirected,MS_Canon_Misc_388
person_2384880,person_446,Undirected,MS_Canon_Misc_8
person_2384880,person_446,Undirected,MS_Canon_Misc_559
person_2384880,person_446,Undirected,MS_Canon_Misc_203
person_2384880,person_446,Undirected,MS_Canon_Misc_565
person_2384880,person_446,Undirected,MS_Canon_Misc_217
person_2384880,person_446,Undirected,MS_Canon_Misc_363
person_2384880,person_446,Undirected,MS_Canon_Misc_15
person_2384880,person_446,Undirected,MS_Canon_Misc_468
person_2384880,person_446,Undirected,MS_Canon_Misc_332
person_2384880,person_446,Undirected,MS_Canon_Misc_575
person_2384880,person_446,Undirected,MS_Canon_Misc_330
person_2384880,person_446,Undirected,MS_Canon_Misc_561
person_2384880,person_446,Undirected,MS_Canon_Misc_126
person_2384880,person_446,Undirected,MS_Canon_Misc_132
person_2384880,person_446,Undirected,MS_Canon_Misc_207
person_2384880,person_446,Undirected,MS_Canon_Misc_398
person_2384880,person_446,Undirected,MS_Canon_Misc_429
person_2384880,person_446,Undirected,MS_Canon_Misc_367
person_2384880,person_446,Undirected,MS_Canon_Misc_454
person_2384880,person_446,Undirected,MS_Canon_Misc_401
person_2384880,person_446,Undirected,MS_Canon_Misc_373
person_2384880,person_446,Undirected,MS_Canon_Misc_159
person_2384880,person_446,Undirected,MS_Canon_Misc_165
person_2384880,person_446,Undirected,MS_Canon_Misc_171
person_2384880,person_446,Undirected,MS_Canon_Misc_124
person_2384880,person_446,Undirected,MS_Canon_Misc_130
person_2384880,person_446,Undirected,MS_Canon_Misc_149
person_2384880,person_446,Undirected,MS_Canon_Misc_118
person_2384880,person_446,Undirected,MS_Canon_Misc_440
person_2384880,person_446,Undirected,MS_Canon_Misc_415
person_2384880,person_446,Undirected,MS_Canon_Misc_29
person_2384880,person_446,Undirected,MS_Canon_Misc_28
person_2384880,person_446,Undirected,MS_Canon_Misc_14
person_2384880,person_446,Undirected,MS_Canon_Misc_482
person_2384880,person_446,Undirected,MS_Canon_Misc_404
person_2384880,person_446,Undirected,MS_Canon_Misc_362
person_2384880,person_446,Undirected,MS_Canon_Misc_333
person_2384880,person_446,Undirected,MS_Canon_Misc_455
person_2384880,person_446,Undirected,MS_Canon_Misc_441
person_2384880,person_446,Undirected,MS_Canon_Misc_327
person_2384880,person_446,Undirected,MS_Canon_Misc_376
person_2384880,person_446,Undirected,MS_Canon_Misc_119
person_2384880,person_446,Undirected,MS_Canon_Misc_496
person_2384880,person_446,Undirected,MS_Canon_Misc_125
person_2384880,person_446,Undirected,MS_Canon_Misc_438
person_2384880,person_446,Undirected,MS_Canon_Misc_160
person_2384880,person_446,Undirected,MS_Canon_Misc_174
person_2384880,person_446,Undirected,MS_Canon_Misc_148
person_2384880,person_446,Undirected,MS_Canon_Misc_162
person_2384880,person_446,Undirected,MS_Canon_Misc_176
person_2384880,person_446,Undirected,MS_Canon_Misc_189
person_2384880,person_446,Undirected,MS_Canon_Misc_348
person_2384880,person_446,Undirected,MS_Canon_Misc_360
person_2384880,person_446,Undirected,MS_Canon_Misc_410
person_2384880,person_446,Undirected,MS_Canon_Misc_253
person_2384880,person_446,Undirected,MS_Canon_Misc_389
person_2384880,person_446,Undirected,MS_Canon_Misc_558
person_2384880,person_446,Undirected,MS_Canon_Misc_9
person_2384880,person_446,Undirected,MS_Canon_Misc_284
person_2384880,person_446,Undirected,MS_Canon_Misc_290
person_2384880,person_446,Undirected,MS_Canon_Misc_87
person_2384880,person_446,Undirected,MS_Canon_Misc_93
person_2384880,person_446,Undirected,MS_Canon_Misc_78
person_2384880,person_446,Undirected,MS_Canon_Misc_44
person_2384880,person_446,Undirected,MS_Canon_Misc_50
person_2384880,person_446,Undirected,MS_Canon_Misc_51
person_2384880,person_446,Undirected,MS_Canon_Misc_45
person_2384880,person_446,Undirected,MS_Canon_Misc_79
person_2384880,person_446,Undirected,MS_Canon_Misc_92
person_2384880,person_446,Undirected,MS_Canon_Misc_86
person_2384880,person_446,Undirected,MS_Canon_Misc_570
person_2384880,person_446,Undirected,MS_Canon_Misc_509
person_2384880,person_446,Undirected,MS_Canon_Misc_247
person_2384880,person_446,Undirected,MS_Canon_Misc_521
person_2384880,person_446,Undirected,MS_Canon_Misc_216
person_2384880,person_446,Undirected,MS_Canon_Misc_535
person_2384880,person_446,Undirected,MS_Canon_Misc_202
person_2384880,person_446,Undirected,MS_Canon_Misc_564
person_2384880,person_446,Undirected,MS_Canon_Misc_83
person_2384880,person_446,Undirected,MS_Canon_Pat_Lat_87
person_2384880,person_446,Undirected,MS_Canon_Pat_Lat_211
person_2384880,person_446,Undirected,MS_Canon_Pat_Lat_207
person_2384880,person_446,Undirected,MS_Canon_Gr_102
person_2384880,person_446,Undirected,MS_Canon_Gr_116
person_2384880,person_446,Undirected,MS_Canon_Gr_103
person_2384880,person_446,Undirected,MS_Canon_Gr_15
person_2384880,person_446,Undirected,MS_Canon_Misc_295
person_2384880,person_446,Undirected,MS_Canon_Gr_99
person_2384880,person_446,Undirected,MS_Canon_Gr_66
person_2384880,person_446,Undirected,MS_Canon_Gr_72
person_2384880,person_446,Undirected,MS_Canon_Gr_4
person_2384880,person_446,Undirected,MS_Canon_Gr_5
person_2384880,person_446,Undirected,MS_Canon_Gr_73
person_2384880,person_446,Undirected,MS_Canon_Gr_14
person_2384880,person_446,Undirected,MS_Canon_Gr_98
person_2384880,person_446,Undirected,MS_Canon_Gr_65
person_2384880,person_446,Undirected,MS_Canon_Gr_64
person_2384880,person_446,Undirected,MS_Canon_Gr_70
person_2384880,person_446,Undirected,MS_Canon_Gr_58
person_2384880,person_446,Undirected,MS_Canon_Gr_74
person_2384880,person_446,Undirected,MS_Canon_Gr_60
person_2384880,person_446,Undirected,MS_Canon_Gr_48
person_2384880,person_446,Undirected,MS_Canon_Gr_3
person_2384880,person_446,Undirected,MS_Canon_Gr_49
person_2384880,person_446,Undirected,MS_Canon_Gr_61
person_2384880,person_446,Undirected,MS_Canon_Gr_88
person_2384880,person_446,Undirected,MS_Canon_Gr_71
person_2384880,person_446,Undirected,MS_Canon_Gr_16
person_2384880,person_446,Undirected,MS_Canon_Misc_281
person_2384880,person_446,Undirected,MS_Canon_Gr_128
person_2384880,person_446,Undirected,MS_Canon_Gr_21
person_2384880,person_446,Undirected,MS_Canon_Gr_35
person_2384880,person_446,Undirected,MS_Canon_Gr_123
person_2384880,person_446,Undirected,MS_Canon_Gr_122
person_2384880,person_446,Undirected,MS_Canon_Misc_11
person_2384880,person_446,Undirected,MS_Canon_Misc_39
person_2384880,person_446,Undirected,MS_Canon_Gr_34
person_2384880,person_446,Undirected,MS_Canon_Gr_20
person_2384880,person_446,Undirected,MS_Canon_Gr_39
person_2384880,person_446,Undirected,MS_Canon_Gr_107
person_2384880,person_446,Undirected,MS_Canon_Gr_113
person_2384880,person_446,Undirected,MS_Canon_Gr_112
person_2384880,person_446,Undirected,MS_Canon_Gr_106
person_2384880,person_446,Undirected,MS_Canon_Gr_10
person_2384880,person_446,Undirected,MS_Canon_Gr_38
person_2384880,person_446,Undirected,MS_Canon_Gr_12
person_2384880,person_446,Undirected,MS_Canon_Gr_110
person_2384880,person_446,Undirected,MS_Canon_Gr_104
person_2384880,person_446,Undirected,MS_Canon_Gr_105
person_2384880,person_446,Undirected,MS_Canon_Gr_111
person_2384880,person_446,Undirected,MS_Canon_Gr_13
person_2384880,person_446,Undirected,MS_Canon_Gr_17
person_2384880,person_446,Undirected,MS_Canon_Gr_101
person_2384880,person_446,Undirected,MS_Canon_Gr_100
person_2384880,person_446,Undirected,MS_Canon_Gr_114
person_2384880,person_446,Undirected,MS_Canon_Gr_63
person_2384880,person_446,Undirected,MS_Canon_Gr_77
person_2384880,person_446,Undirected,MS_Canon_Gr_76
person_2384880,person_446,Undirected,MS_Canon_Gr_62
person_2384880,person_446,Undirected,MS_Canon_Misc_434
person_2384880,person_446,Undirected,MS_Canon_Misc_352
person_2384880,person_446,Undirected,MS_Canon_Misc_187
person_2384880,person_446,Undirected,MS_Canon_Misc_193
person_2384880,person_446,Undirected,MS_Canon_Misc_530
person_2384880,person_446,Undirected,MS_Canon_Misc_518
person_2384880,person_446,Undirected,MS_Canon_Misc_493
person_2384880,person_446,Undirected,MS_Canon_Misc_487
person_2384880,person_446,Undirected,MS_Canon_Misc_450
person_2384880,person_446,Undirected,MS_Canon_Misc_336
person_2384880,person_446,Undirected,MS_Canon_Misc_322
person_2384880,person_446,Undirected,MS_Canon_Misc_444
person_2384880,person_446,Undirected,MS_Canon_Misc_478
person_2384880,person_446,Undirected,MS_Canon_Misc_134
person_2384880,person_446,Undirected,MS_Canon_Misc_178
person_2384880,person_446,Undirected,MS_Canon_Misc_144
person_2384880,person_446,Undirected,MS_Canon_Misc_150
person_2384880,person_446,Undirected,MS_Canon_Misc_108
person_2384880,person_446,Undirected,MS_Canon_Misc_136
person_2384880,person_446,Undirected,MS_Canon_Misc_308
person_2384880,person_446,Undirected,MS_Canon_Misc_334
person_2384880,person_446,Undirected,MS_Canon_Misc_452
person_2384880,person_446,Undirected,MS_Canon_Misc_446
person_2384880,person_446,Undirected,MS_Canon_Misc_320
person_2384880,person_446,Undirected,MS_Canon_Misc_491
person_2384880,person_446,Undirected,MS_Canon_Misc_420
person_2384880,person_446,Undirected,MS_Canon_Gr_37
person_2384880,person_446,Undirected,MS_Canon_Misc_346
person_2384880,person_446,Undirected,MS_Canon_Misc_391
person_2384880,person_446,Undirected,MS_Canon_Gr_89
person_2384880,person_446,Undirected,MS_Canon_Misc_347
person_2384880,person_446,Undirected,MS_Canon_Misc_421
person_2384880,person_446,Undirected,MS_Canon_Misc_409
person_2384880,person_446,Undirected,MS_Canon_Misc_524
person_2384880,person_446,Undirected,MS_Canon_Misc_390
person_2384880,person_446,Undirected,MS_Canon_Misc_384
person_2384880,person_446,Undirected,MS_Canon_Misc_242
person_2384880,person_446,Undirected,MS_Canon_Misc_256
person_2384880,person_446,Undirected,MS_Canon_Misc_541
person_2384880,person_446,Undirected,MS_Canon_Misc_227
person_2384880,person_446,Undirected,MS_Canon_Misc_233
person_2384880,person_446,Undirected,MS_Canon_Misc_555
person_2384880,person_446,Undirected,MS_Canon_Misc_569
person_2384880,person_446,Undirected,MS_Canon_Misc_74
person_2384880,person_446,Undirected,MS_Canon_Misc_48
person_2384880,person_446,Undirected,MS_Canon_Misc_49
person_2384880,person_446,Undirected,MS_Canon_Misc_75
person_2384880,person_446,Undirected,MS_Canon_Misc_61
person_2384880,person_446,Undirected,MS_Canon_Misc_568
person_2384880,person_446,Undirected,MS_Canon_Misc_232
person_2384880,person_446,Undirected,MS_Canon_Misc_554
person_2384880,person_446,Undirected,MS_Canon_Misc_540
person_2384880,person_446,Undirected,MS_Canon_Misc_226
person_2384880,person_446,Undirected,MS_Canon_Misc_385
person_2384880,person_446,Undirected,MS_Canon_Misc_408
person_2384880,person_446,Undirected,MS_Canon_Misc_485
person_2384880,person_446,Undirected,MS_Canon_Gr_23
person_2384880,person_446,Undirected,MS_Canon_Gr_121
person_2384880,person_446,Undirected,MS_Canon_Misc_557
person_2384880,person_446,Undirected,MS_Canon_Misc_486
person_2384880,person_446,Undirected,MS_Canon_Misc_492
person_2384880,person_446,Undirected,MS_Canon_Misc_231
person_2384880,person_446,Undirected,MS_Canon_Misc_392
person_2384880,person_446,Undirected,MS_Canon_Misc_386
person_2384880,person_446,Undirected,MS_Canon_Misc_379
person_2384880,person_446,Undirected,MS_Canon_Misc_351
person_2384880,person_446,Undirected,MS_Canon_Misc_437
person_2384880,person_446,Undirected,MS_Canon_Misc_423
person_2384880,person_446,Undirected,MS_Canon_Misc_519
person_2384880,person_446,Undirected,MS_Canon_Misc_543
person_2384880,person_446,Undirected,MS_Canon_Misc_257
person_2384880,person_446,Undirected,MS_Canon_Misc_190
person_2384880,person_446,Undirected,MS_Canon_Misc_184
person_2384880,person_446,Undirected,MS_Canon_Misc_153
person_2384880,person_446,Undirected,MS_Canon_Misc_147
person_2384880,person_446,Undirected,MS_Canon_Misc_151
person_2384880,person_446,Undirected,MS_Canon_Misc_145
person_2384880,person_446,Undirected,MS_Canon_Misc_531
person_2384880,person_446,Undirected,MS_Canon_Misc_525
person_2384880,person_446,Undirected,MS_Canon_Misc_179
person_2384880,person_446,Undirected,MS_Canon_Misc_192
person_2384880,person_446,Undirected,MS_Canon_Misc_186
person_2384880,person_446,Undirected,MS_Canon_Misc_345
person_2384880,person_446,Undirected,MS_Canon_Misc_225
person_2384880,person_446,Undirected,MS_Canon_Misc_219
person_2384880,person_446,Undirected,MS_Canon_Misc_89
person_2384880,person_446,Undirected,MS_Canon_Misc_445
person_2384880,person_446,Undirected,MS_Canon_Misc_479
person_2384880,person_446,Undirected,MS_Canon_Misc_135
person_2384880,person_446,Undirected,MS_Canon_Misc_121
person_2384880,person_446,Undirected,MS_Canon_Misc_109
person_2384880,person_446,Undirected,MS_Canon_Misc_146
person_2384880,person_446,Undirected,MS_Canon_Misc_152
person_2384880,person_446,Undirected,MS_Canon_Misc_185
person_2384880,person_446,Undirected,MS_Canon_Misc_191
person_2384880,person_446,Undirected,MS_Canon_Misc_422
person_2384880,person_446,Undirected,MS_Canon_Misc_344
person_2384880,person_446,Undirected,MS_Canon_Misc_350
person_2384880,person_446,Undirected,MS_Canon_Misc_436
person_2384880,person_446,Undirected,MS_Canon_Misc_387
person_2384880,person_446,Undirected,MS_Canon_Misc_393
person_2384880,person_446,Undirected,MS_Canon_Misc_556
person_2384880,person_446,Undirected,MS_Canon_Misc_230
person_2384880,person_446,Undirected,MS_Canon_Misc_224
person_2384880,person_446,Undirected,MS_Canon_Misc_542
person_2384880,person_446,Undirected,MS_Canon_Misc_218
person_2384880,person_446,Undirected,MS_Canon_Misc_88
person_2384880,person_446,Undirected,MS_Canon_Misc_77
person_2384880,person_446,Undirected,MS_Canon_Misc_63
person_2384880,person_446,Undirected,MS_Canon_Misc_62
person_2384880,person_446,Undirected,MS_Canon_Misc_76
person_2384880,person_446,Undirected,MS_Canon_Misc_435
person_2384880,person_446,Undirected,MS_Canon_Misc_243
person_2384880,person_446,Undirected,MS_Canon_Misc_294
person_2384880,person_446,Undirected,MS_Canon_Misc_280
person_2384880,person_446,Undirected,MS_Canon_Gr_9
person_2384880,person_446,Undirected,MS_Canon_Gr_57
person_2384880,person_446,Undirected,MS_Canon_Gr_43
person_2384880,person_446,Undirected,MS_Canon_Gr_94
person_2384880,person_446,Undirected,MS_Canon_Gr_80
person_2384880,person_446,Undirected,MS_Canon_Gr_18
person_2384880,person_446,Undirected,MS_Canon_Misc_38
person_2384880,person_446,Undirected,MS_Canon_Misc_10
person_2384880,person_446,Undirected,MS_Canon_Gr_24
person_2384880,person_446,Undirected,MS_Canon_Gr_30
person_2384880,person_446,Undirected,MS_Canon_Gr_126
person_2384880,person_446,Undirected,MS_Canon_Gr_127
person_2384880,person_446,Undirected,MS_Canon_Gr_31
person_2384880,person_446,Undirected,MS_Canon_Gr_19
person_2384880,person_446,Undirected,MS_Canon_Gr_33
person_2384880,person_446,Undirected,MS_Canon_Gr_27
person_2384880,person_446,Undirected,MS_Canon_Gr_125
person_2384880,person_446,Undirected,MS_Canon_Gr_119
person_2384880,person_446,Undirected,MS_Canon_Gr_118
person_2384880,person_446,Undirected,MS_Canon_Gr_124
person_2384880,person_446,Undirected,MS_Canon_Gr_26
person_2384880,person_446,Undirected,MS_Canon_Gr_36
person_2384880,person_446,Undirected,MS_Canon_Gr_22
person_2384880,person_446,Undirected,MS_Canon_Gr_108
person_2384880,person_446,Undirected,MS_Canon_Gr_120
person_2384880,person_446,Undirected,MS_Canon_Gr_8
person_2384880,person_446,Undirected,MS_Canon_Gr_109
person_2384880,person_446,Undirected,MS_Canon_Gr_56
person_2384880,person_446,Undirected,MS_Canon_Gr_81
person_2384880,person_446,Undirected,MS_Canon_Gr_84
person_2384880,person_446,Undirected,MS_Canon_Gr_90
person_2384880,person_446,Undirected,MS_Canon_Gr_47
person_2384880,person_446,Undirected,MS_Canon_Gr_46
person_2384880,person_446,Undirected,MS_Canon_Gr_91
person_2384880,person_446,Undirected,MS_Canon_Gr_85
person_2384880,person_446,Undirected,MS_Canon_Gr_93
person_2384880,person_446,Undirected,MS_Canon_Gr_87
person_2384880,person_446,Undirected,MS_Canon_Gr_78
person_2384880,person_446,Undirected,MS_Canon_Gr_44
person_2384880,person_446,Undirected,MS_Canon_Gr_45
person_2384880,person_446,Undirected,MS_Canon_Gr_51
person_2384880,person_446,Undirected,MS_Canon_Gr_79
person_2384880,person_446,Undirected,MS_Canon_Gr_86
person_2384880,person_446,Undirected,MS_Canon_Gr_92
person_2384880,person_446,Undirected,MS_Canon_Gr_96
person_2384880,person_446,Undirected,MS_Canon_Gr_82
person_2384880,person_446,Undirected,MS_Canon_Gr_55
person_2384880,person_446,Undirected,MS_Canon_Gr_41
person_2384880,person_446,Undirected,MS_Canon_Gr_69
person_2384880,person_446,Undirected,MS_Canon_Gr_68
person_2384880,person_446,Undirected,MS_Canon_Gr_40
person_2384880,person_446,Undirected,MS_Canon_Gr_54
person_2384880,person_446,Undirected,MS_Canon_Gr_83
person_2384880,person_446,Undirected,MS_Canon_Gr_97
person_2384880,person_446,Undirected,MS_Canon_Gr_42
person_2384880,person_446,Undirected,MS_Canon_Misc_168
person_2384880,person_446,Undirected,MS_Canon_Misc_154
person_2384880,person_446,Undirected,MS_Canon_Misc_140
person_2384880,person_446,Undirected,MS_Canon_Pat_Lat_178
person_2384880,person_446,Undirected,MS_Canon_Pat_Lat_144
person_2384880,person_446,Undirected,MS_Canon_Pat_Lat_150
person_2384880,person_446,Undirected,MS_Canon_Pat_Lat_187
person_2384880,person_446,Undirected,MS_Canon_Pat_Lat_193
person_2384880,person_446,Undirected,MS_Canon_Pat_Lat_192
person_2384880,person_446,Undirected,MS_Canon_Pat_Lat_186
person_2384880,person_446,Undirected,MS_Canon_Pat_Lat_151
person_2384880,person_446,Undirected,MS_Canon_Pat_Lat_145
person_2384880,person_446,Undirected,MS_Canon_Pat_Lat_179
person_2384880,person_446,Undirected,MS_Canon_Pat_Lat_227
person_2384880,person_446,Undirected,MS_Canon_Pat_Lat_226
person_2384880,person_446,Undirected,MS_Canon_Pat_Lat_64
person_2384880,person_446,Undirected,MS_Canon_Pat_Lat_58
person_2384880,person_446,Undirected,MS_Canon_Pat_Lat_8
person_2384880,person_446,Undirected,MS_Canon_Pat_Lat_5
person_2384880,person_446,Undirected,MS_Canon_Pat_Lat_55
person_2384880,person_446,Undirected,MS_Canon_Pat_Lat_216
person_2384880,person_446,Undirected,MS_Canon_Pat_Lat_41
person_2384880,person_446,Undirected,MS_Canon_Pat_Lat_202
person_2384880,person_446,Undirected,MS_Canon_Pat_Lat_69
person_2384880,person_446,Undirected,MS_Canon_Pat_Lat_96
person_2384880,person_446,Undirected,MS_Canon_Pat_Lat_82
person_2384880,person_446,Undirected,MS_Canon_Pat_Lat_160
person_2384880,person_446,Undirected,MS_Canon_Pat_Lat_70
person_2384880,person_446,Undirected,MS_Canon_Pat_Lat_65
person_2384880,person_446,Undirected,MS_Canon_Pat_Lat_232
person_2384880,person_446,Undirected,MS_Canon_Pat_Lat_71
person_2384880,person_446,Undirected,MS_Canon_Pat_Lat_76
person_2384880,person_446,Undirected,MS_Canon_Pat_Lat_221
person_2384880,person_446,Undirected,MS_Canon_Pat_Lat_62
person_2384880,person_446,Undirected,MS_Canon_Pat_Lat_219
person_2384880,person_446,Undirected,MS_Canon_Pat_Lat_66
person_2384880,person_446,Undirected,MS_Canon_Pat_Lat_225
person_2384880,person_446,Undirected,MS_Canon_Pat_Lat_72
person_2384880,person_446,Undirected,MS_Canon_Pat_Lat_231
person_2384880,person_446,Undirected,MS_Canon_Pat_Lat_99
person_2384880,person_446,Undirected,MS_Canon_Pat_Lat_153
person_2384880,person_446,Undirected,MS_Canon_Pat_Lat_147
person_2384880,person_446,Undirected,MS_Canon_Pat_Lat_190
person_2384880,person_446,Undirected,MS_Canon_Pat_Lat_184
person_2384880,person_446,Undirected,MS_Canon_Pat_Lat_185
person_2384880,person_446,Undirected,MS_Canon_Pat_Lat_191
person_2384880,person_446,Undirected,MS_Canon_Pat_Lat_146
person_2384880,person_446,Undirected,MS_Canon_Pat_Lat_152
person_2384880,person_446,Undirected,MS_Canon_Pat_Lat_98
person_2384880,person_446,Undirected,MS_Canon_Pat_Lat_230
person_2384880,person_446,Undirected,MS_Canon_Pat_Lat_73
person_2384880,person_446,Undirected,MS_Canon_Pat_Lat_224
person_2384880,person_446,Undirected,MS_Canon_Pat_Lat_67
person_2384880,person_446,Undirected,MS_Canon_Pat_Lat_218
person_2384880,person_446,Undirected,MS_Canon_Pat_Lat_9
person_2384880,person_446,Undirected,MS_Canon_Pat_Lat_59
person_2384880,person_446,Undirected,MS_Canon_Pat_Lat_174
person_2384880,person_446,Undirected,MS_Canon_Pat_Lat_148
person_2384880,person_446,Undirected,MS_Canon_Pat_Lat_149
person_2384880,person_446,Undirected,MS_Canon_Pat_Lat_175
person_2384880,person_446,Undirected,MS_Canon_Pat_Lat_200
person_2384880,person_446,Undirected,MS_Canon_Pat_Lat_43
person_2384880,person_446,Undirected,MS_Canon_Pat_Lat_7
person_2384880,person_446,Undirected,MS_Canon_Pat_Lat_3
person_2384880,person_446,Undirected,MS_Canon_Pat_Lat_47
person_2384880,person_446,Undirected,MS_Canon_Pat_Lat_204
person_2384880,person_446,Undirected,MS_Canon_Pat_Lat_53
person_2384880,person_446,Undirected,MS_Canon_Pat_Lat_84
person_2384880,person_446,Undirected,MS_Canon_Pat_Lat_90
person_2384880,person_446,Undirected,MS_Canon_Pat_Lat_172
person_2384880,person_446,Undirected,MS_Canon_Pat_Lat_166
person_2384880,person_446,Undirected,MS_Canon_Pat_Lat_199
person_2384880,person_446,Undirected,MS_Canon_Pat_Lat_198
person_2384880,person_446,Undirected,MS_Canon_Pat_Lat_167
person_2384880,person_446,Undirected,MS_Canon_Pat_Lat_173
person_2384880,person_446,Undirected,MS_Canon_Pat_Lat_91
person_2384880,person_446,Undirected,MS_Canon_Pat_Lat_85
person_2384880,person_446,Undirected,MS_Canon_Misc_337
person_2384880,person_446,Undirected,MS_Canon_Pat_Lat_205
person_2384880,person_446,Undirected,MS_Canon_Pat_Lat_46
person_2384880,person_446,Undirected,MS_Canon_Pat_Lat_2
person_2384880,person_446,Undirected,MS_Canon_Pat_Lat_78
person_2384880,person_446,Undirected,MS_Canon_Pat_Lat_50
person_2384880,person_446,Undirected,MS_Canon_Pat_Lat_213
person_2384880,person_446,Undirected,MS_Canon_Pat_Lat_44
person_2384880,person_446,Undirected,MS_Canon_Pat_Lat_57
person_2384880,person_446,Undirected,MS_Canon_Pat_Lat_209
person_2384880,person_446,Undirected,MS_Canon_Pat_Lat_214
person_2384880,person_446,Undirected,MS_Canon_Pat_Lat_80
person_2384880,person_446,Undirected,MS_Canon_Pat_Lat_161
person_2384880,person_446,Undirected,MS_Canon_Pat_Lat_83
person_2384880,person_446,Undirected,MS_Canon_Pat_Lat_97
person_2384880,person_446,Undirected,MS_Canon_Pat_Lat_68
person_2384880,person_446,Undirected,MS_Canon_Pat_Lat_203
person_2384880,person_446,Undirected,MS_Canon_Pat_Lat_40
person_2384880,person_446,Undirected,MS_Canon_Pat_Lat_217
person_2384880,person_446,Undirected,MS_Canon_Pat_Lat_54
person_2384880,person_446,Undirected,MS_Canon_Pat_Lat_4
person_2384880,person_446,Undirected,MS_Canon_Pat_Lat_6
person_2384880,person_446,Undirected,MS_Canon_Pat_Lat_42
person_2384880,person_446,Undirected,MS_Canon_Pat_Lat_201
person_2384880,person_446,Undirected,MS_Canon_Pat_Lat_56
person_2384880,person_446,Undirected,MS_Canon_Pat_Lat_215
person_2384880,person_446,Undirected,MS_Canon_Pat_Lat_229
person_2384880,person_446,Undirected,MS_Canon_Pat_Lat_81
person_2384880,person_446,Undirected,MS_Canon_Pat_Lat_95
person_2384880,person_446,Undirected,MS_Canon_Pat_Lat_177
person_2384880,person_446,Undirected,MS_Canon_Pat_Lat_163
person_2384880,person_431,Undirected,MS_Canon_Pat_Lat_188
person_2384880,person_446,Undirected,MS_Canon_Pat_Lat_188
person_2384880,person_446,Undirected,MS_Canon_Pat_Lat_189
person_2384880,person_446,Undirected,MS_Canon_Pat_Lat_162
person_2384880,person_446,Undirected,MS_Canon_Pat_Lat_176
person_2384880,person_446,Undirected,MS_Canon_Pat_Lat_94
person_2384880,person_446,Undirected,MS_Canon_Pat_Lat_228
person_2384880,person_446,Undirected,MS_Canon_Pat_Lat_89
person_2384880,person_446,Undirected,MS_Canon_Pat_Lat_157
person_2384880,person_446,Undirected,MS_Canon_Pat_Lat_143
person_2384880,person_446,Undirected,MS_Canon_Misc_551
person_2384880,person_446,Undirected,MS_Canon_Misc_237
person_2384880,person_446,Undirected,MS_Canon_Misc_545
person_2384880,person_446,Undirected,MS_Canon_Misc_380
person_2384880,person_446,Undirected,MS_Canon_Misc_394
person_2384880,person_446,Undirected,MS_Canon_Misc_425
person_2384880,person_446,Undirected,MS_Canon_Misc_343
person_2384880,person_446,Undirected,MS_Canon_Misc_357
person_2384880,person_446,Undirected,MS_Canon_Misc_431
person_2384880,person_446,Undirected,MS_Canon_Misc_419
person_2384880,person_446,Undirected,MS_Canon_Misc_182
person_2384880,person_446,Undirected,MS_Canon_Misc_196
person_2384880,person_446,Undirected,MS_Canon_Misc_141
person_2384880,person_446,Undirected,MS_Canon_Misc_169
person_2384880,person_446,Undirected,MS_Canon_Misc_143
person_2384880,person_446,Undirected,MS_Canon_Misc_533
person_2384880,person_446,Undirected,MS_Canon_Misc_255
person_2384880,person_446,Undirected,MS_Canon_Misc_157
person_2384880,person_446,Undirected,MS_Canon_Misc_180
person_2384880,person_446,Undirected,MS_Canon_Misc_194
person_2384880,person_446,Undirected,MS_Canon_Pat_Lat_17
person_2384880,person_446,Undirected,MS_Canon_Pat_Lat_122
person_2384880,person_446,Undirected,MS_Canon_Pat_Lat_136
person_2384880,person_446,Undirected,MS_Canon_Pat_Lat_137
person_2384880,person_446,Undirected,MS_Canon_Pat_Lat_123
person_2384880,person_446,Undirected,MS_Canon_Misc_58
person_2384880,person_446,Undirected,MS_Canon_Pat_Lat_16
person_2384880,person_446,Undirected,MS_Canon_Misc_64
person_2384880,person_446,Undirected,MS_Canon_Misc_282
person_2384880,person_446,Undirected,MS_Canon_Misc_197
person_2384880,person_446,Undirected,MS_Canon_Misc_183
person_2384880,person_446,Undirected,MS_Canon_Misc_418
person_2384880,person_446,Undirected,MS_Canon_Misc_356
person_2384880,person_446,Undirected,MS_Canon_Misc_268
person_2384880,person_446,Undirected,MS_Canon_Misc_430
person_2384880,person_446,Undirected,MS_Canon_Misc_240
person_2384880,person_446,Undirected,MS_Canon_Misc_424
person_2384880,person_446,Undirected,MS_Canon_Misc_489
person_2384880,person_446,Undirected,MS_Canon_Misc_526
person_2384880,person_446,Undirected,MS_Canon_Misc_532
person_2384880,person_446,Undirected,MS_Canon_Misc_254
person_2384880,person_446,Undirected,MS_Canon_Misc_283
person_2384880,person_446,Undirected,MS_Canon_Misc_395
person_2384880,person_446,Undirected,MS_Canon_Misc_381
person_2384880,person_446,Undirected,MS_Canon_Misc_222
person_2384880,person_446,Undirected,MS_Canon_Misc_544
person_2384880,person_446,Undirected,MS_Canon_Misc_550
person_2384880,person_446,Undirected,MS_Canon_Misc_236
person_2384880,person_446,Undirected,MS_Canon_Misc_59
person_2384880,person_446,Undirected,MS_Canon_Misc_65
person_2384880,person_446,Undirected,MS_Canon_Misc_297
person_2384880,person_446,Undirected,MS_Canon_Misc_12
person_2384880,person_446,Undirected,MS_Canon_Misc_296
person_2384880,person_446,Undirected,MS_Canon_Misc_71
person_2384880,person_446,Undirected,MS_Canon_Misc_70
person_2384880,person_446,Undirected,MS_Canon_Pat_Lat_93
person_2384880,person_446,Undirected,MS_Canon_Pat_Lat_14
person_2384880,person_446,Undirected,MS_Canon_Pat_Lat_135
person_2384880,person_446,Undirected,MS_Canon_Pat_Lat_141
person_2384880,person_446,Undirected,MS_Canon_Pat_Lat_155
person_2384880,person_446,Undirected,MS_Canon_Pat_Lat_169
person_2384880,person_446,Undirected,MS_Canon_Pat_Lat_182
person_2384880,person_446,Undirected,MS_Canon_Pat_Lat_196
person_2384880,person_446,Undirected,MS_Canon_Pat_Lat_197
person_2384880,person_446,Undirected,MS_Canon_Pat_Lat_183
person_2384880,person_446,Undirected,MS_Canon_Pat_Lat_168
person_2384880,person_446,Undirected,MS_Canon_Pat_Lat_154
person_2384880,person_446,Undirected,MS_Canon_Pat_Lat_140
person_2384880,person_446,Undirected,MS_Canon_Pat_Lat_49
person_2384880,person_446,Undirected,MS_Canon_Pat_Lat_222
person_2384880,person_446,Undirected,MS_Canon_Pat_Lat_61
person_2384880,person_446,Undirected,MS_Canon_Pat_Lat_75
person_2384880,person_446,Undirected,MS_Canon_Pat_Lat_63
person_2384880,person_446,Undirected,MS_Canon_Pat_Lat_220
person_2384880,person_446,Undirected,MS_Canon_Pat_Lat_77
person_2384880,person_446,Undirected,MS_Canon_Pat_Lat_208
person_2384880,person_446,Undirected,MS_Canon_Pat_Lat_88
person_2384880,person_446,Undirected,MS_Canon_Pat_Lat_156
person_2384880,person_446,Undirected,MS_Canon_Pat_Lat_142
person_2384880,person_446,Undirected,MS_Canon_Pat_Lat_195
person_2384880,person_446,Undirected,MS_Canon_Pat_Lat_181
person_2384880,person_446,Undirected,MS_Canon_Pat_Lat_180
person_2384880,person_446,Undirected,MS_Canon_Pat_Lat_194
person_2384880,person_446,Undirected,MS_Canon_Pat_Lat_48
person_2384880,person_446,Undirected,MS_Canon_Pat_Lat_28
person_2384880,person_446,Undirected,MS_Canon_Pat_Lat_223
person_2384880,person_446,Undirected,MS_Canon_Pat_Lat_74
person_2384880,person_446,Undirected,MS_Canon_Pat_Lat_121
person_2384880,person_446,Undirected,MS_Canon_Pat_Lat_109
person_2384880,person_446,Undirected,MS_Canon_Pat_Lat_108
person_2384880,person_446,Undirected,MS_Canon_Pat_Lat_120
person_2384880,person_446,Undirected,MS_Canon_Pat_Lat_134
person_2384880,person_446,Undirected,MS_Canon_Misc_241
person_2384880,person_446,Undirected,MS_Canon_Misc_527
person_2384880,person_446,Undirected,MS_Canon_Misc_269
person_2384880,person_446,Undirected,MS_Canon_Pat_Lat_15
person_2384880,person_446,Undirected,MS_Canon_Pat_Lat_39
person_2384880,person_446,Undirected,MS_Canon_Pat_Lat_11
person_2384880,person_446,Undirected,MS_Canon_Pat_Lat_118
person_2384880,person_446,Undirected,MS_Canon_Pat_Lat_130
person_2384880,person_446,Undirected,MS_Canon_Pat_Lat_124
person_2384880,person_446,Undirected,MS_Canon_Pat_Lat_125
person_2384880,person_446,Undirected,MS_Canon_Pat_Lat_131
person_2384880,person_446,Undirected,MS_Canon_Pat_Lat_119
person_2384880,person_446,Undirected,MS_Canon_Pat_Lat_10
person_2384880,person_446,Undirected,MS_Canon_Pat_Lat_38
person_2384880,person_446,Undirected,MS_Canon_Pat_Lat_12
person_2384880,person_446,Undirected,MS_Canon_Pat_Lat_127
person_2384880,person_446,Undirected,MS_Canon_Pat_Lat_133
person_2384880,person_446,Undirected,MS_Canon_Pat_Lat_132
person_2384880,person_446,Undirected,MS_Canon_Pat_Lat_126
person_2384880,person_446,Undirected,MS_Canon_Pat_Lat_13
person_2384880,person_446,Undirected,MS_Canon_Pat_Lat_60
person_2384880,person_446,Undirected,MS_Canon_Misc_342
person_2384880,person_446,Undirected,MS_Canon_Misc_166
person_2384880,person_446,Undirected,MS_Canon_Class_Lat_72
person_2384880,person_446,Undirected,MS_Canon_Class_Lat_127
person_2384880,person_446,Undirected,MS_Canon_Class_Lat_61
person_2384880,person_446,Undirected,MS_Canon_Class_Lat_75
person_2384880,person_446,Undirected,MS_Canon_Class_Lat_49
person_2384880,person_446,Undirected,MS_Canon_Class_Lat_279
person_2384880,person_446,Undirected,MS_Canon_Class_Lat_245
person_2384880,person_446,Undirected,MS_Canon_Class_Lat_251
person_2384880,person_446,Undirected,MS_Canon_Class_Lat_286
person_2384880,person_446,Undirected,MS_Canon_Class_Lat_292
person_2384880,person_446,Undirected,MS_Canon_Class_Lat_236
person_2384880,person_446,Undirected,MS_Canon_Class_Lat_222
person_2384880,person_446,Undirected,MS_Canon_Class_Lat_12
person_2384880,person_446,Undirected,MS_Canon_Class_Lat_133
person_2384880,person_446,Undirected,MS_Canon_Class_Lat_183
person_2384880,person_446,Undirected,MS_Canon_Class_Lat_140
person_2384880,person_446,Undirected,MS_Canon_Class_Lat_154
person_2384880,person_446,Undirected,MS_Canon_Class_Lat_155
person_2384880,person_446,Undirected,MS_Canon_Class_Lat_141
person_2384880,person_446,Undirected,MS_Canon_Class_Lat_169
person_2384880,person_446,Undirected,MS_Canon_Class_Lat_196
person_2384880,person_446,Undirected,MS_Canon_Class_Lat_223
person_2384880,person_446,Undirected,MS_Canon_Class_Lat_237
person_2384880,person_446,Undirected,MS_Canon_Class_Lat_209
person_2384880,person_446,Undirected,MS_Canon_Class_Lat_221
person_2384880,person_446,Undirected,MS_Canon_Class_Lat_235
person_2384880,person_446,Undirected,MS_Canon_Class_Lat_11
person_2384880,person_446,Undirected,MS_Canon_Class_Lat_197
person_2384880,person_446,Undirected,MS_Canon_Class_Lat_132
person_2384880,person_446,Undirected,MS_Canon_Class_Lat_126
person_2384880,person_446,Undirected,MS_Canon_Class_Lat_74
person_2384880,person_446,Undirected,MS_Canon_Class_Lat_243
person_2384880,person_446,Undirected,MS_Canon_Class_Lat_294
person_2384880,person_446,Undirected,MS_Canon_Class_Lat_280
person_2384880,person_446,Undirected,MS_Canon_Class_Lat_284
person_2384880,person_446,Undirected,MS_Canon_Class_Lat_290
person_2384880,person_446,Undirected,MS_Canon_Class_Lat_247
person_2384880,person_446,Undirected,MS_Canon_Class_Lat_253
person_2384880,person_446,Undirected,MS_Canon_Class_Lat_63
person_2384880,person_446,Undirected,MS_Canon_Class_Lat_77
person_2384880,person_446,Undirected,MS_Canon_Class_Lat_125
person_2384880,person_446,Undirected,MS_Canon_Class_Lat_119
person_2384880,person_446,Undirected,MS_Canon_Class_Lat_118
person_2384880,person_446,Undirected,MS_Canon_Class_Lat_9
person_2384880,person_446,Undirected,MS_Canon_Class_Lat_89
person_2384880,person_446,Undirected,MS_Canon_Class_Lat_124
person_2384880,person_446,Undirected,MS_Canon_Class_Lat_76
person_2384880,person_446,Undirected,MS_Canon_Class_Lat_62
person_2384880,person_446,Undirected,MS_Canon_Class_Lat_252
person_2384880,person_446,Undirected,MS_Canon_Class_Lat_246
person_2384880,person_446,Undirected,MS_Canon_Class_Lat_291
person_2384880,person_446,Undirected,MS_Canon_Class_Lat_285
person_2384880,person_446,Undirected,MS_Canon_Class_Lat_293
person_2384880,person_446,Undirected,MS_Canon_Class_Lat_287
person_2384880,person_446,Undirected,MS_Canon_Class_Lat_250
person_2384880,person_446,Undirected,MS_Canon_Class_Lat_244
person_2384880,person_446,Undirected,MS_Canon_Class_Lat_278
person_2384880,person_446,Undirected,MS_Canon_Class_Lat_48
person_2384880,person_446,Undirected,MS_Canon_Class_Lat_194
person_2384880,person_446,Undirected,MS_Canon_Class_Lat_39
person_2384880,person_446,Undirected,MS_Canon_Class_Lat_180
person_2384880,person_446,Undirected,MS_Canon_Class_Lat_157
person_2384880,person_446,Undirected,MS_Canon_Ital_169
person_2384880,person_446,Undirected,MS_Canon_Ital_6
person_2384880,person_446,Undirected,MS_Canon_Ital_32
person_2384880,person_446,Undirected,MS_Canon_Ital_26
person_2384880,person_446,Undirected,MS_Canon_Class_Lat_184
person_2384880,person_446,Undirected,MS_Canon_Class_Lat_29
person_2384880,person_446,Undirected,MS_Canon_Class_Lat_190
person_2384880,person_446,Undirected,MS_Canon_Class_Lat_219
person_2384880,person_446,Undirected,MS_Canon_Class_Lat_231
person_2384880,person_446,Undirected,MS_Canon_Class_Lat_225
person_2384880,person_446,Undirected,MS_Canon_Class_Lat_233
person_2384880,person_446,Undirected,MS_Canon_Class_Lat_227
person_2384880,person_446,Undirected,MS_Canon_Class_Lat_186
person_2384880,person_446,Undirected,MS_Canon_Class_Lat_192
person_2384880,person_446,Undirected,MS_Canon_Class_Lat_17
person_2384880,person_446,Undirected,MS_Canon_Ital_237
person_2384880,person_446,Undirected,MS_Canon_Ital_209
person_2384880,person_446,Undirected,MS_Canon_Ital_235
person_2384880,person_446,Undirected,MS_Canon_Ital_18
person_2384880,person_446,Undirected,MS_Canon_Ital_30
person_2384880,person_446,Undirected,MS_Canon_Ital_24
person_2384880,person_446,Undirected,MS_Canon_Ital_4
person_2384880,person_446,Undirected,MS_Canon_Ital_157
person_2384880,person_446,Undirected,MS_Canon_Ital_143
person_2384880,person_446,Undirected,MS_Canon_Ital_194
person_2384880,person_446,Undirected,MS_Canon_Ital_180
person_2384880,person_446,Undirected,MS_Canon_Ital_181
person_2384880,person_446,Undirected,MS_Canon_Ital_155
person_2384880,person_446,Undirected,MS_Canon_Class_Lat_257
person_2384880,person_446,Undirected,MS_Canon_Ital_182
person_2384880,person_446,Undirected,MS_Canon_Class_Lat_15
person_2384880,person_446,Undirected,MS_Canon_Class_Lat_143
person_2384880,person_446,Undirected,MS_Canon_Class_Lat_142
person_2384880,person_446,Undirected,MS_Canon_Class_Lat_156
person_2384880,person_446,Undirected,MS_Canon_Class_Lat_181
person_2384880,person_446,Undirected,MS_Canon_Class_Lat_195
person_2384880,person_446,Undirected,MS_Canon_Class_Lat_38
person_2384880,person_446,Undirected,MS_Canon_Class_Lat_234
person_2384880,person_446,Undirected,MS_Canon_Class_Lat_220
person_2384880,person_446,Undirected,MS_Canon_Class_Lat_208
person_2384880,person_446,Undirected,MS_Canon_Class_Lat_224
person_2384880,person_446,Undirected,MS_Canon_Ital_236
person_2384880,person_446,Undirected,MS_Canon_Class_Lat_230
person_2384880,person_446,Undirected,MS_Canon_Class_Lat_218
person_2384880,person_446,Undirected,MS_Canon_Class_Lat_191
person_2384880,person_446,Undirected,MS_Canon_Ital_222
person_2384880,person_446,Undirected,MS_Canon_Ital_27
person_2384880,person_446,Undirected,MS_Canon_Ital_33
person_2384880,person_446,Undirected,MS_Canon_Ital_7
person_2384880,person_446,Undirected,MS_Canon_Ital_168
person_2384880,person_446,Undirected,MS_Canon_Class_Lat_185
person_2384880,person_446,Undirected,MS_Canon_Ital_183
person_2384880,person_446,Undirected,MS_Canon_Ital_197
person_2384880,person_446,Undirected,MS_Canon_Class_Lat_28
person_2384880,person_446,Undirected,MS_Canon_Class_Lat_14
person_2384880,person_446,Undirected,MS_Canon_Class_Lat_152
person_2384880,person_446,Undirected,MS_Canon_Class_Lat_146
person_2384880,person_446,Undirected,MS_Canon_Class_Lat_153
person_2384880,person_446,Undirected,MS_Canon_Ital_196
person_2384880,person_446,Undirected,MS_Canon_Ital_195
person_2384880,person_446,Undirected,MS_Canon_Class_Lat_67
person_2384880,person_446,Undirected,MS_Canon_Class_Lat_109
person_2384880,person_446,Undirected,MS_Canon_Class_Lat_85
person_2384880,person_446,Undirected,MS_Canon_Class_Lat_128
person_2384880,person_446,Undirected,MS_Canon_Class_Lat_52
person_2384880,person_446,Undirected,MS_Canon_Class_Lat_46
person_2384880,person_446,Undirected,MS_Canon_Class_Lat_302
person_2384880,person_446,Undirected,MS_Canon_Class_Lat_276
person_2384880,person_446,Undirected,MS_Canon_Class_Lat_262
person_2384880,person_446,Undirected,MS_Canon_Class_Lat_289
person_2384880,person_446,Undirected,MS_Canon_Class_Lat_299
person_2384880,person_446,Undirected,MS_Canon_Class_Lat_266
person_2384880,person_446,Undirected,MS_Canon_Class_Lat_312
person_2384880,person_446,Undirected,MS_Canon_Class_Lat_306
person_2384880,person_446,Undirected,MS_Canon_Class_Lat_91
person_2384880,person_446,Undirected,MS_Canon_Class_Lat_42
person_2384880,person_446,Undirected,MS_Canon_Class_Lat_110
person_2384880,person_446,Undirected,MS_Canon_Class_Lat_1
person_2384880,person_446,Undirected,MS_Canon_Class_Lat_104
person_2384880,person_446,Undirected,MS_Canon_Class_Lat_81
person_2384880,person_446,Undirected,MS_Canon_Class_Lat_95
person_2384880,person_446,Undirected,MS_Canon_Class_Lat_138
person_2384880,person_446,Undirected,MS_Canon_Class_Lat_94
person_2384880,person_446,Undirected,MS_Canon_Class_Lat_139
person_2384880,person_446,Undirected,MS_Canon_Class_Lat_80
person_2384880,person_446,Undirected,MS_Canon_Class_Lat_105
person_2384880,person_446,Undirected,MS_Canon_Class_Lat_111
person_2384880,person_446,Undirected,MS_Canon_Class_Lat_57
person_2384880,person_446,Undirected,MS_Canon_Class_Lat_56
person_2384880,person_446,Undirected,MS_Canon_Class_Lat_114
person_2384880,person_446,Undirected,MS_Canon_Class_Lat_5
person_2384880,person_446,Undirected,MS_Canon_Class_Lat_100
person_2384880,person_446,Undirected,MS_Canon_Class_Lat_102
person_2384880,person_446,Undirected,MS_Canon_Class_Lat_7
person_2384880,person_446,Undirected,MS_Canon_Class_Lat_116
person_2384880,person_446,Undirected,MS_Canon_Ital_13
person_2384880,person_446,Undirected,MS_Canon_Class_Lat_6
person_2384880,person_446,Undirected,MS_Canon_Class_Lat_103
person_2384880,person_446,Undirected,MS_Canon_Class_Lat_86
person_2384880,person_446,Undirected,MS_Canon_Class_Lat_92
person_2384880,person_446,Undirected,MS_Canon_Class_Lat_79
person_2384880,person_446,Undirected,MS_Canon_Class_Lat_45
person_2384880,person_446,Undirected,MS_Canon_Class_Lat_51
person_2384880,person_446,Undirected,MS_Canon_Class_Lat_301
person_2384880,person_446,Undirected,MS_Canon_Class_Lat_261
person_2384880,person_446,Undirected,MS_Canon_Class_Lat_275
person_2384880,person_446,Undirected,MS_Canon_Class_Lat_249
person_2384880,person_446,Undirected,MS_Canon_Class_Lat_288
person_2384880,person_446,Undirected,MS_Canon_Class_Lat_263
person_2384880,person_446,Undirected,MS_Canon_Class_Lat_277
person_2384880,person_446,Undirected,MS_Canon_Class_Lat_303
person_2384880,person_446,Undirected,MS_Canon_Class_Lat_47
person_2384880,person_446,Undirected,MS_Canon_Class_Lat_53
person_2384880,person_446,Undirected,MS_Canon_Class_Lat_84
person_2384880,person_446,Undirected,MS_Canon_Class_Lat_129
person_2384880,person_446,Undirected,MS_Canon_Class_Lat_90
person_2384880,person_446,Undirected,MS_Canon_Class_Lat_115
person_2384880,person_446,Undirected,MS_Canon_Class_Lat_4
person_2384880,person_446,Undirected,MS_Canon_Class_Lat_101
person_2384880,person_446,Undirected,MS_Canon_Class_Lat_43
person_2384880,person_446,Undirected,MS_Canon_Class_Lat_307
person_2384880,person_446,Undirected,MS_Canon_Class_Lat_273
person_2384880,person_446,Undirected,MS_Canon_Class_Lat_267
person_2384880,person_446,Undirected,MS_Canon_Class_Lat_71
person_2384880,person_446,Undirected,MS_Canon_Class_Lat_65
person_2384880,person_446,Undirected,MS_Canon_Class_Lat_59
person_2384880,person_446,Undirected,MS_Canon_Class_Lat_123
person_2384880,person_446,Undirected,MS_Canon_Class_Lat_137
person_2384880,person_446,Undirected,MS_Canon_Class_Lat_136
person_2384880,person_446,Undirected,MS_Canon_Class_Lat_122
person_2384880,person_446,Undirected,MS_Canon_Class_Lat_58
person_2384880,person_446,Undirected,MS_Canon_Class_Lat_64
person_2384880,person_446,Undirected,MS_Canon_Class_Lat_70
person_2384880,person_446,Undirected,MS_Canon_Class_Lat_308
person_2384880,person_446,Undirected,MS_Canon_Class_Lat_240
person_2384880,person_446,Undirected,MS_Canon_Class_Lat_254
person_2384880,person_446,Undirected,MS_Canon_Class_Lat_268
person_2384880,person_446,Undirected,MS_Canon_Class_Lat_283
person_2384880,person_446,Undirected,MS_Canon_Class_Lat_297
person_2384880,person_446,Undirected,MS_Canon_Class_Lat_281
person_2384880,person_446,Undirected,MS_Canon_Class_Lat_295
person_2384880,person_446,Undirected,MS_Canon_Class_Lat_242
person_2384880,person_446,Undirected,MS_Canon_Class_Lat_256
person_2384880,person_446,Undirected,MS_Canon_Class_Lat_108
person_2384880,person_446,Undirected,MS_Canon_Class_Lat_99
person_2384880,person_446,Undirected,MS_Canon_Class_Lat_134
person_2384880,person_446,Undirected,MS_Canon_Class_Lat_120
person_2384880,person_446,Undirected,MS_Canon_Class_Lat_121
person_2384880,person_446,Undirected,MS_Canon_Class_Lat_98
person_2384880,person_446,Undirected,MS_Canon_Class_Lat_135
person_2384880,person_446,Undirected,MS_Canon_Class_Lat_309
person_2384880,person_446,Undirected,MS_Canon_Class_Lat_73
person_2384880,person_446,Undirected,MS_Canon_Class_Lat_241
person_2384880,person_446,Undirected,MS_Canon_Class_Lat_269
person_2384880,person_446,Undirected,MS_Canon_Class_Lat_298
person_2384880,person_446,Undirected,MS_Canon_Class_Lat_271
person_2384880,person_446,Undirected,MS_Canon_Class_Lat_265
person_2384880,person_446,Undirected,MS_Canon_Class_Lat_259
person_2384880,person_446,Undirected,MS_Canon_Class_Lat_305
person_2384880,person_446,Undirected,MS_Canon_Class_Lat_311
person_2384880,person_446,Undirected,MS_Canon_Class_Lat_69
person_2384880,person_446,Undirected,MS_Canon_Class_Lat_55
person_2384880,person_446,Undirected,MS_Canon_Class_Lat_41
person_2384880,person_446,Undirected,MS_Canon_Class_Lat_2
person_2384880,person_446,Undirected,MS_Canon_Class_Lat_113
person_2384880,person_446,Undirected,MS_Canon_Class_Lat_96
person_2384880,person_446,Undirected,MS_Canon_Class_Lat_82
person_2384880,person_446,Undirected,MS_Canon_Class_Lat_83
person_2384880,person_446,Undirected,MS_Canon_Class_Lat_97
person_2384880,person_446,Undirected,MS_Canon_Class_Lat_3
person_2384880,person_446,Undirected,MS_Canon_Class_Lat_106
person_2384880,person_446,Undirected,MS_Canon_Class_Lat_40
person_2384880,person_446,Undirected,MS_Canon_Class_Lat_54
person_2384880,person_446,Undirected,MS_Canon_Class_Lat_68
person_2384880,person_446,Undirected,MS_Canon_Class_Lat_310
person_2384880,person_446,Undirected,MS_Canon_Class_Lat_304
person_2384880,person_446,Undirected,MS_Canon_Class_Lat_258
person_2384880,person_446,Undirected,MS_Canon_Class_Lat_264
person_2384880,person_446,Undirected,MS_Canon_Class_Lat_270
person_2384880,person_446,Undirected,MS_Canon_Class_Lat_296
person_2384880,person_446,Undirected,MS_Canon_Class_Lat_282
person_2384880,person_446,Undirected,MS_Canon_Class_Lat_255
person_2384880,person_446,Undirected,MS_Canon_Class_Lat_145
person_2384880,person_446,Undirected,MS_Canon_Class_Lat_151
person_2384880,person_446,Undirected,MS_Canon_Ital_142
person_2384880,person_446,Undirected,MS_Canon_Ital_68
person_2384880,person_446,Undirected,MS_Canon_Ital_54
person_2384880,person_446,Undirected,MS_Canon_Ital_40
person_2384880,person_446,Undirected,MS_Canon_Ital_292
person_2384880,person_446,Undirected,MS_Canon_Ital_279
person_2384880,person_446,Undirected,MS_Canon_Ital_97
person_2384880,person_446,Undirected,MS_Canon_Ital_245
person_2384880,person_446,Undirected,MS_Canon_Ital_251
person_2384880,person_446,Undirected,MS_Canon_Ital_83
person_2384880,person_446,Undirected,MS_Canon_Ital_248
person_2384880,person_446,Undirected,MS_Canon_Ital_274
person_2384880,person_446,Undirected,MS_Canon_Ital_215
person_2384880,person_446,Undirected,MS_Canon_Ital_127
person_2384880,person_446,Undirected,MS_Canon_Ital_38
person_2384880,person_446,Undirected,MS_Canon_Ital_59
person_2384880,person_446,Undirected,MS_Canon_Ital_65
person_2384880,person_446,Undirected,MS_Canon_Ital_71
person_2384880,person_446,Undirected,MS_Canon_Ital_102
person_2384880,person_446,Undirected,MS_Canon_Ital_116
person_2384880,person_446,Undirected,MS_Canon_Ital_300
person_2384880,person_446,Undirected,MS_Canon_Ital_301
person_2384880,person_446,Undirected,MS_Canon_Ital_117
person_2384880,person_446,Undirected,MS_Canon_Ital_103
person_2384880,person_446,Undirected,MS_Canon_Ital_177
person_2384880,person_446,Undirected,MS_Canon_Ital_163
person_2384880,person_446,Undirected,MS_Canon_Ital_188
person_2384880,person_446,Undirected,MS_Canon_Ital_10
person_2384880,person_446,Undirected,MS_Canon_Ital_133
person_2384880,person_446,Undirected,MSS_Canon_Ital_105-7
person_2384880,person_446,Undirected,MS_Canon_Ital_132
person_2384880,person_446,Undirected,MS_Canon_Ital_56
person_2384880,person_446,Undirected,MS_Canon_Ital_284
person_2384880,person_446,Undirected,MS_Canon_Ital_42
person_2384880,person_446,Undirected,MS_Canon_Ital_131
person_2384880,person_446,Undirected,MS_Canon_Ital_125
person_2384880,person_446,Undirected,MS_Canon_Ital_201
person_2384880,person_446,Undirected,MS_Canon_Ital_119
person_2384880,person_446,Undirected,MS_Canon_Ital_118
person_2384880,person_446,Undirected,MS_Canon_Ital_124
person_2384880,person_446,Undirected,MS_Canon_Ital_43
person_2384880,person_446,Undirected,MS_Canon_Ital_291
person_2384880,person_446,Undirected,MS_Canon_Ital_285
person_2384880,person_446,Undirected,MS_Canon_Ital_57
person_2384880,person_446,Undirected,MS_Canon_Ital_80
person_2384880,person_446,Undirected,MS_Canon_Ital_94
person_2384880,person_446,Undirected,MS_Canon_Ital_246
person_2384880,person_446,Undirected,MS_Canon_Ital_82
person_2384880,person_446,Undirected,MS_Canon_Ital_250
person_2384880,person_446,Undirected,MS_Canon_Ital_244
person_2384880,person_446,Undirected,MS_Canon_Ital_96
person_2384880,person_446,Undirected,MS_Canon_Ital_278
person_2384880,person_446,Undirected,MS_Canon_Ital_293
person_2384880,person_446,Undirected,MS_Canon_Ital_41
person_2384880,person_446,Undirected,MS_Canon_Ital_55
person_2384880,person_446,Undirected,MS_Canon_Ital_287
person_2384880,person_446,Undirected,MS_Canon_Ital_69
person_2384880,person_446,Undirected,MS_Canon_Ital_126
person_2384880,person_446,Undirected,MS_Canon_Ital_64
person_2384880,person_446,Undirected,MS_Canon_Ital_58
person_2384880,person_446,Undirected,MS_Canon_Ital_275
person_2384880,person_446,Undirected,MS_Canon_Ital_249
person_2384880,person_446,Undirected,MS_Canon_Ital_76
person_2384880,person_446,Undirected,MS_Canon_Ital_89
person_2384880,person_446,Undirected,MS_Canon_Ital_273
person_2384880,person_446,Undirected,MS_Canon_Ital_267
person_2384880,person_446,Undirected,MS_Canon_Ital_271
person_2384880,person_446,Undirected,MS_Canon_Ital_265
person_2384880,person_446,Undirected,MS_Canon_Ital_259
person_2384880,person_446,Undirected,MS_Canon_Ital_60
person_2384880,person_446,Undirected,MS_Canon_Ital_74
person_2384880,person_446,Undirected,MS_Canon_Ital_48
person_2384880,person_446,Undirected,MS_Canon_Ital_113
person_2384880,person_446,Undirected,MS_Canon_Ital_112
person_2384880,person_446,Undirected,MS_Canon_Ital_39
person_2384880,person_446,Undirected,MS_Canon_Ital_214
person_2384880,person_446,Undirected,MS_Canon_Ital_75
person_2384880,person_446,Undirected,MS_Canon_Ital_228
person_2384880,person_446,Undirected,MS_Canon_Ital_216
person_2384880,person_446,Undirected,MS_Canon_Ital_258
person_2384880,person_446,Undirected,MS_Canon_Ital_264
person_2384880,person_446,Undirected,MS_Canon_Ital_270
person_2384880,person_446,Undirected,MS_Canon_Ital_217
person_2384880,person_446,Undirected,MS_Canon_Ital_203
person_2384880,person_446,Undirected,MS_Canon_Ital_12
person_2384880,person_446,Undirected,MS_Canon_Ital_149
person_2384880,person_446,Undirected,MS_Canon_Ital_161
person_2384880,person_446,Undirected,MS_Canon_Ital_175
person_2384880,person_446,Undirected,MS_Canon_Ital_202
person_2384880,person_446,Undirected,MS_Canon_Ital_62
person_2384880,person_446,Undirected,MS_Canon_Ital_81
person_2384880,person_446,Undirected,MS_Canon_Ital_298
person_2384880,person_446,Undirected,MS_Canon_Ital_138
person_2384880,person_446,Undirected,MS_Canon_Ital_99
person_2384880,person_446,Undirected,MS_Canon_Ital_263
person_2384880,person_446,Undirected,MS_Canon_Ital_277
person_2384880,person_446,Undirected,MS_Canon_Ital_288
person_2384880,person_446,Undirected,MS_Canon_Ital_72
person_2384880,person_446,Undirected,MS_Canon_Ital_66
person_2384880,person_446,Undirected,MS_Canon_Ital_129
person_2384880,person_446,Undirected,MS_Canon_Ital_189
person_2384880,person_446,Undirected,MS_Canon_Ital_162
person_2384880,person_446,Undirected,MS_Canon_Ital_101
person_2384880,person_446,Undirected,MS_Canon_Ital_100
person_2384880,person_446,Undirected,MS_Canon_Ital_114
person_2384880,person_446,Undirected,MS_Canon_Ital_128
person_2384880,person_446,Undirected,MS_Canon_Ital_67
person_2384880,person_446,Undirected,MS_Canon_Ital_176
person_2384880,person_446,Undirected,MS_Canon_Ital_11
person_2384880,person_446,Undirected,MS_Canon_Ital_276
person_2384880,person_446,Undirected,MS_Canon_Ital_262
person_2384880,person_446,Undirected,MS_Canon_Ital_98
person_2384880,person_446,Undirected,MS_Canon_Ital_266
person_2384880,person_446,Undirected,MS_Canon_Ital_272
person_2384880,person_446,Undirected,MS_Canon_Ital_88
person_2384880,person_446,Undirected,MS_Canon_Ital_77
person_2384880,person_446,Undirected,MS_Canon_Ital_63
person_2384880,person_446,Undirected,MS_Canon_Ital_299
person_2384880,person_446,Undirected,MS_Canon_Ital_110
person_2384880,person_446,Undirected,MS_Canon_Ital_104
person_2384880,person_446,Undirected,MS_Canon_Ital_111
person_2384880,person_446,Undirected,MS_Canon_Ital_95
person_2384880,person_446,Undirected,MS_Canon_Ital_247
person_2384880,person_446,Undirected,MS_Canon_Ital_243
person_2384880,person_446,Undirected,MS_Canon_Ital_185
person_2384880,person_446,Undirected,MS_Canon_Ital_184
person_2384880,person_446,Undirected,MS_Canon_Ital_190
person_2384880,person_446,Undirected,MS_Canon_Ital_147
person_2384880,person_446,Undirected,MS_Canon_Ital_153
person_2384880,person_446,Undirected,MS_Canon_Ital_20
person_2384880,person_446,Undirected,MS_Canon_Ital_34
person_2384880,person_446,Undirected,MS_Canon_Ital_219
person_2384880,person_446,Undirected,MS_Canon_Ital_231
person_2384880,person_446,Undirected,MS_Canon_Ital_225
person_2384880,person_446,Undirected,MS_Canon_Ital_233
person_2384880,person_446,Undirected,MS_Canon_Ital_227
person_2384880,person_446,Undirected,MS_Canon_Ital_22
person_2384880,person_446,Undirected,MS_Canon_Ital_36
person_2384880,person_446,Undirected,MS_Canon_Ital_2
person_2384880,person_446,Undirected,MS_Canon_Ital_145
person_2384880,person_446,Undirected,MS_Canon_Ital_151
person_2384880,person_446,Undirected,MS_Canon_Ital_179
person_2384880,person_446,Undirected,MS_Canon_Ital_186
person_2384880,person_446,Undirected,MS_Canon_Ital_192
person_2384880,person_446,Undirected,MS_Canon_Ital_193
person_2384880,person_446,Undirected,MS_Canon_Ital_187
person_2384880,person_446,Undirected,MS_Canon_Ital_178
person_2384880,person_446,Undirected,MS_Canon_Ital_150
person_2384880,person_446,Undirected,MS_Canon_Ital_144
person_2384880,person_446,Undirected,MS_Canon_Ital_3
person_2384880,person_446,Undirected,MS_Canon_Ital_164
person_2384880,person_446,Undirected,MS_Canon_Ital_191
person_2384880,person_446,Undirected,MS_Canon_Ital_17
person_2384880,person_446,Undirected,MS_Canon_Ital_146
person_2384880,person_446,Undirected,MS_Canon_Ital_170
person_2384880,person_446,Undirected,MS_Canon_Ital_156
person_2384880,person_446,Undirected,MS_Canon_Ital_5
person_2384880,person_446,Undirected,MS_Canon_Class_Lat_179
person_2384880,person_446,Undirected,MS_Canon_Class_Lat_178
person_2384880,person_446,Undirected,MS_Canon_Ital_31
person_2384880,person_446,Undirected,MS_Canon_Ital_19
person_2384880,person_446,Undirected,MS_Canon_Ital_234
person_2384880,person_446,Undirected,MS_Canon_Ital_220
person_2384880,person_446,Undirected,MS_Canon_Ital_208
person_2384880,person_446,Undirected,MS_Canon_Ital_224
person_2384880,person_446,Undirected,MS_Canon_Ital_230
person_2384880,person_446,Undirected,MS_Canon_Class_Lat_150
person_2384880,person_446,Undirected,MS_Canon_Ital_218
person_2384880,person_446,Undirected,MS_Canon_Ital_35
person_2384880,person_446,Undirected,MS_Canon_Class_Lat_144
person_2384880,person_446,Undirected,MS_Canon_Class_Lat_16
person_2384880,person_446,Undirected,MS_Canon_Class_Lat_193
person_2384880,person_446,Undirected,MS_Canon_Class_Lat_187
person_2384880,person_446,Undirected,MS_Canon_Class_Lat_226
person_2384880,person_446,Undirected,MS_Canon_Class_Lat_232
person_2384880,person_446,Undirected,MS_Canon_Ital_213
person_2384880,person_446,Undirected,MS_Canon_Ital_1
person_2384880,person_446,Undirected,MS_Canon_Ital_207
person_2384880,person_446,Undirected,MS_Canon_Ital_16
person_2384880,person_446,Undirected,MS_Canon_Ital_165
person_2384880,person_446,Undirected,MS_Canon_Ital_171
person_2384880,person_446,Undirected,MS_Canon_Ital_159
person_2384880,person_446,Undirected,MS_Canon_Ital_152
person_2384880,person_446,Undirected,MS_Canon_Class_Lat_87
person_2384880,person_446,Undirected,MS_Canon_Ital_23
person_2384880,person_446,Undirected,MS_Canon_Ital_232
person_2384880,person_446,Undirected,MS_Canon_Ital_256
person_2384880,person_446,Undirected,MS_Canon_Ital_53
person_2384880,person_446,Undirected,MS_Canon_Ital_281
person_2384880,person_446,Undirected,MS_Canon_Ital_295
person_2384880,person_446,Undirected,MS_Canon_Ital_47
person_2384880,person_446,Undirected,MS_Canon_Ital_29
person_2384880,person_446,Undirected,MS_Canon_Ital_9
person_2384880,person_446,Undirected,MS_Canon_Ital_134
person_2384880,person_446,Undirected,MS_Canon_Ital_120
person_2384880,person_446,Undirected,MS_Canon_Ital_172
person_2384880,person_446,Undirected,MS_Canon_Ital_166
person_2384880,person_446,Undirected,MS_Canon_Ital_199
person_2384880,person_446,Undirected,MS_Canon_Ital_198
person_2384880,person_446,Undirected,MS_Canon_Ital_173
person_2384880,person_446,Undirected,MS_Canon_Ital_135
person_2384880,person_446,Undirected,MS_Canon_Ital_109
person_2384880,person_446,Undirected,MS_Canon_Ital_8
person_2384880,person_446,Undirected,MS_Canon_Ital_28
person_2384880,person_446,Undirected,MS_Canon_Ital_14
person_2384880,person_446,Undirected,MS_Canon_Ital_239
person_2384880,person_446,Undirected,MS_Canon_Ital_294
person_2384880,person_446,Undirected,MS_Canon_Ital_280
person_2384880,person_446,Undirected,MS_Canon_Ital_52
person_2384880,person_446,Undirected,MS_Canon_Ital_257
person_2384880,person_446,Undirected,MS_Canon_Ital_211
person_2384880,person_446,Undirected,MS_Canon_Ital_205
person_2384880,person_446,Undirected,MS_Canon_Ital_91
person_2384880,person_446,Undirected,MS_Canon_Ital_15
person_2384880,person_446,Undirected,MS_Canon_Ital_226
person_2384880,person_446,Undirected,MS_Canon_Ital_210
person_2384880,person_446,Undirected,MS_Canon_Ital_84
person_2384880,person_446,Undirected,MS_Canon_Ital_269
person_2384880,person_446,Undirected,MS_Canon_Ital_87
person_2384880,person_446,Undirected,MS_Canon_Ital_255
person_2384880,person_446,Undirected,MS_Canon_Ital_241
person_2384880,person_446,Undirected,MS_Canon_Ital_93
person_2384880,person_446,Undirected,MS_Canon_Ital_78
person_2384880,person_446,Undirected,MS_Canon_Ital_296
person_2384880,person_446,Undirected,MS_Canon_Ital_44
person_2384880,person_446,Undirected,MS_Canon_Ital_50
person_2384880,person_446,Undirected,MS_Canon_Ital_282
person_2384880,person_446,Undirected,MS_Canon_Ital_123
person_2384880,person_446,Undirected,MS_Canon_Ital_137
person_2384880,person_446,Undirected,MS_Canon_Ital_136
person_2384880,person_446,Undirected,MS_Canon_Ital_122
person_2384880,person_446,Undirected,MS_Canon_Ital_283
person_2384880,person_446,Undirected,MS_Canon_Ital_206
person_2384880,person_446,Undirected,MS_Canon_Ital_212
person_2384880,person_446,Undirected,MS_Canon_Ital_45
person_2384880,person_446,Undirected,MS_Canon_Ital_297
person_2384880,person_446,Undirected,MS_Canon_Ital_79
person_2384880,person_446,Undirected,MS_Canon_Ital_92
person_2384880,person_446,Undirected,MS_Canon_Ital_240
person_2384880,person_446,Undirected,MS_Canon_Ital_254
person_2384880,person_446,Undirected,MS_Canon_Ital_86
person_2384880,person_446,Undirected,MS_Canon_Ital_268
person_2384880,person_446,Undirected,MS_Canon_Ital_242
person_2384880,person_446,Undirected,MS_Canon_Ital_90
person_2384880,person_446,Undirected,MS_Canon_Ital_204
person_2384880,person_446,Undirected,MS_Canon_Class_Lat_93
person_2384880,person_446,Undirected,MS_Canon_Class_Lat_117
person_2384880,person_446,Undirected,MS_Canon_Class_Lat_44
person_2384880,person_446,Undirected,MS_Canon_Bibl_Lat_9
person_2384880,person_446,Undirected,MS_Canon_Bibl_Lat_44a
person_2384880,person_446,Undirected,MS_Canon_Bibl_Lat_14
person_2384880,person_446,Undirected,MS_Canon_Bibl_Lat_28
person_2384880,person_446,Undirected,MS_Canon_Bibl_Lat_29
person_2384880,person_446,Undirected,MS_Canon_Bibl_Lat_15
person_2384880,person_446,Undirected,MS_Canon_Bibl_Lat_8
person_2384880,person_446,Undirected,MS_Canon_Bibl_Lat_44b
person_2384880,person_446,Undirected,MS_Canon_Bibl_Lat_17
person_2384880,person_446,Undirected,MS_Canon_Bibl_Lat_16
person_2384880,person_446,Undirected,MS_Canon_Bibl_Lat_12
person_2384880,person_446,Undirected,MS_Canon_Bibl_Lat_13
person_2384880,person_446,Undirected,MSS_Canon_Bibl_Lat_22-6
person_2384880,person_446,Undirected,MS_Canon_Bibl_Lat_39
person_2384880,person_446,Undirected,MS_Canon_Bibl_Lat_11
person_2384880,person_446,Undirected,MS_Canon_Bibl_Lat_10
person_2384880,person_446,Undirected,MS_Canon_Class_Lat_78
person_2384880,person_446,Undirected,MS_Canon_Misc_128
person_2384880,person_446,Undirected,MS_Canon_Misc_100
person_2384880,person_446,Undirected,MS_Canon_Misc_114
person_2384880,person_446,Undirected,MS_Canon_Misc_458
person_2384880,person_446,Undirected,MS_Canon_Misc_302
person_2384880,person_446,Undirected,MS_Canon_Misc_464
person_2384880,person_446,Undirected,MS_Canon_Misc_470
person_2384880,person_446,Undirected,MS_Canon_Misc_316
person_2384880,person_446,Undirected,MS_Canon_Misc_538
person_2384880,person_446,Undirected,MS_Canon_Misc_276
person_2384880,person_446,Undirected,MS_Canon_Bibl_Lat_73
person_2384880,person_446,Undirected,MS_Canon_Misc_510
person_2384880,person_446,Undirected,MS_Canon_Bibl_Lat_72
person_2384880,person_446,Undirected,MS_Canon_Bibl_Lat_64
person_2384880,person_446,Undirected,MS_Canon_Bibl_Lat_51
person_2384880,person_446,Undirected,MS_Canon_Bibl_Lat_45
person_2384880,person_446,Undirected,MS_Canon_Bibl_Lat_79
person_2384880,person_446,Undirected,MS_Canon_Bibl_Lat_92
person_2384880,person_446,Undirected,MS_Canon_Bibl_Lat_86
person_2384880,person_446,Undirected,MS_Canon_Bibl_Lat_90
person_2384880,person_446,Undirected,MS_Canon_Bibl_Lat_53
person_2384880,person_446,Undirected,MS_Canon_Bibl_Lat_47
person_2384880,person_446,Undirected,MS_Canon_Bibl_Lat_46
person_2384880,person_446,Undirected,MS_Canon_Bibl_Lat_52
person_2384880,person_446,Undirected,MS_Canon_Bibl_Lat_85
person_2384880,person_446,Undirected,MS_Canon_Bibl_Lat_91
person_2384880,person_446,Undirected,MS_Canon_Bibl_Lat_88
person_2384880,person_446,Undirected,MS_Canon_Bibl_Lat_77
person_2384880,person_446,Undirected,MS_Canon_Bibl_Lat_63
person_2384880,person_446,Undirected,MS_Canon_Bibl_Lat_62
person_2384880,person_446,Undirected,MS_Canon_Bibl_Lat_76
person_2384880,person_446,Undirected,MS_Canon_Bibl_Lat_89
person_2384880,person_446,Undirected,MS_Canon_Bibl_Lat_60
person_2384880,person_446,Undirected,MS_Canon_Bibl_Lat_74
person_2384880,person_446,Undirected,MS_Canon_Bibl_Lat_48
person_2384880,person_446,Undirected,MS_Canon_Bibl_Lat_49
person_2384880,person_446,Undirected,MS_Canon_Bibl_Lat_75
person_2384880,person_446,Undirected,MS_Canon_Bibl_Lat_61
person_2384880,person_446,Undirected,MS_Canon_Bibl_Lat_59
person_2384880,person_446,Undirected,MS_Canon_Bibl_Lat_71
person_2384880,person_446,Undirected,MS_Canon_Bibl_Lat_70
person_2384880,person_446,Undirected,MS_Canon_Bibl_Lat_58
person_2384880,person_446,Undirected,MS_Canon_Misc_504
person_2384880,person_446,Undirected,MS_Canon_Misc_262
person_2384880,person_446,Undirected,MS_Canon_Misc_289
person_2384880,person_446,Undirected,MS_Canon_Misc_513
person_2384880,person_446,Undirected,MS_Canon_Misc_275
person_2384880,person_446,Undirected,MS_Canon_Misc_7
person_2384880,person_446,Undirected,MS_Canon_Misc_26
person_2384880,person_446,Undirected,MS_Canon_Misc_32
person_2384880,person_446,Undirected,MS_Canon_Misc_33
person_2384880,person_446,Undirected,MS_Canon_Misc_27
person_2384880,person_446,Undirected,MS_Canon_Misc_6
person_2384880,person_446,Undirected,MS_Canon_Misc_512
person_2384880,person_446,Undirected,MS_Canon_Misc_274
person_2384880,person_446,Undirected,MS_Canon_Misc_260
person_2384880,person_446,Undirected,MS_Canon_Misc_506
person_2384880,person_446,Undirected,MS_Canon_Misc_248
person_2384880,person_446,Undirected,MS_Canon_Misc_499
person_2384880,person_446,Undirected,MS_Canon_Misc_466
person_2384880,person_446,Undirected,MS_Canon_Misc_300
person_2384880,person_446,Undirected,MS_Canon_Misc_314
person_2384880,person_446,Undirected,MS_Canon_Misc_472
person_2384880,person_446,Undirected,MS_Canon_Misc_328
person_2384880,person_446,Undirected,MS_Canon_Misc_102
person_2384880,person_446,Undirected,MS_Canon_Misc_112
person_2384880,person_446,Undirected,MS_Canon_Misc_106
person_2384880,person_446,Undirected,MS_Canon_Misc_476
person_2384880,person_446,Undirected,MS_Canon_Misc_310
person_2384880,person_446,Undirected,MS_Canon_Misc_304
person_2384880,person_446,Undirected,MS_Canon_Misc_462
person_2384880,person_446,Undirected,MS_Canon_Misc_338
person_2384880,person_446,Undirected,MS_Canon_Misc_507
person_2384880,person_446,Undirected,MS_Canon_Misc_261
person_2384880,person_446,Undirected,MS_Canon_Misc_249
person_2384880,person_446,Undirected,MS_Canon_Misc_498
person_2384880,person_446,Undirected,MS_Canon_Misc_4
person_2384880,person_446,Undirected,MS_Canon_Misc_19
person_2384880,person_446,Undirected,MS_Canon_Misc_31
person_2384880,person_446,Undirected,MS_Canon_Misc_25
person_2384880,person_446,Undirected,MS_Canon_Misc_24
person_2384880,person_446,Undirected,MS_Canon_Misc_30
person_2384880,person_446,Undirected,MS_Canon_Misc_18
person_2384880,person_446,Undirected,MS_Canon_Misc_5
person_2384880,person_446,Undirected,MS_Canon_Misc_288
person_2384880,person_446,Undirected,MS_Canon_Misc_505
person_2384880,person_446,Undirected,MS_Canon_Misc_263
person_2384880,person_446,Undirected,MS_Canon_Misc_277
person_2384880,person_446,Undirected,MS_Canon_Misc_511
person_2384880,person_446,Undirected,MS_Canon_Bibl_Lat_50
person_2384880,person_446,Undirected,MS_Canon_Misc_539
person_2384880,person_446,Undirected,MS_Canon_Misc_317
person_2384880,person_446,Undirected,MS_Canon_Misc_303
person_2384880,person_446,Undirected,MS_Canon_Misc_465
person_2384880,person_446,Undirected,MS_Canon_Misc_459
person_2384880,person_446,Undirected,MS_Canon_Misc_115
person_2384880,person_446,Undirected,MS_Canon_Misc_101
person_2384880,person_446,Undirected,MS_Canon_Misc_117
person_2384880,person_446,Undirected,MS_Canon_Misc_103
person_2384880,person_446,Undirected,MS_Canon_Misc_329
person_2384880,person_446,Undirected,MS_Canon_Misc_315
person_2384880,person_446,Undirected,MS_Canon_Misc_473
person_2384880,person_446,Undirected,MS_Canon_Misc_467
person_2384880,person_446,Undirected,MS_Canon_Misc_301
person_2384880,person_446,Undirected,MS_Canon_Misc_471
person_2384880,person_446,Undirected,MS_Canon_Bibl_Lat_78
person_2384880,person_446,Undirected,MS_Canon_Ital_148
person_2384880,person_446,Undirected,MS_Canon_Class_Lat_175
person_2384880,person_446,Undirected,MS_Canon_Class_Lat_239
person_2384880,person_446,Undirected,MS_Canon_Class_Lat_21
person_2384880,person_446,Undirected,MS_Canon_Class_Lat_198
person_2384880,person_446,Undirected,MS_Canon_Class_Lat_35
person_2384880,person_446,Undirected,MS_Canon_Class_Lat_32
person_2384880,person_446,Undirected,MS_Canon_Class_Lat_167
person_2384880,person_446,Undirected,MS_Canon_Class_Lat_166
person_2384880,person_446,Undirected,MS_Canon_Class_Lat_172
person_2384880,person_446,Undirected,MS_Canon_Bibl_Lat_35
person_2384880,person_446,Undirected,MS_Canon_Bibl_Lat_21
person_2384880,person_446,Undirected,MS_Canon_Bibl_Lat_20
person_2384880,person_446,Undirected,MS_Canon_Bibl_Lat_34
person_2384880,person_446,Undirected,MS_Canon_Bibl_Lat_1
person_2384880,person_446,Undirected,MS_Canon_Bibl_Lat_3
person_2384880,person_446,Undirected,MSS_Canon_Bibl_Lat_65-9
person_2384880,person_446,Undirected,MS_Canon_Bibl_Lat_36
person_2384880,person_446,Undirected,MS_Canon_Bibl_Lat_37
person_2384880,person_446,Undirected,MSS_Canon_Bibl_Lat_54-5
person_2384880,person_446,Undirected,MS_Canon_Class_Lat_199
person_2384880,person_446,Undirected,MS_Canon_Bibl_Lat_2
person_2384880,person_446,Undirected,MS_Canon_Class_Lat_34
person_2384880,person_446,Undirected,MS_Canon_Class_Lat_20
person_2384880,person_446,Undirected,MS_Canon_Bibl_Lat_6
person_2384880,person_446,Undirected,MS_Canon_Bibl_Lat_27
person_2384880,person_446,Undirected,MS_Canon_Bibl_Lat_33
person_2384880,person_446,Undirected,MS_Canon_Class_Lat_211
person_2384880,person_446,Undirected,MS_Canon_Class_Lat_205
person_2384880,person_446,Undirected,MS_Canon_Class_Lat_229
person_2384880,person_446,Undirected,MS_Canon_Class_Lat_201
person_2384880,person_446,Undirected,MS_Canon_Class_Lat_26
person_2384880,person_446,Undirected,MS_Canon_Class_Lat_148
person_2384880,person_446,Undirected,MS_Canon_Class_Lat_160
person_2384880,person_446,Undirected,MS_Canon_Class_Lat_174
person_2384880,person_446,Undirected,MS_Canon_Class_Lat_149
person_2384880,person_446,Undirected,MS_Canon_Class_Lat_27
person_2384880,person_446,Undirected,MS_Canon_Class_Lat_33
person_2384880,person_446,Undirected,MS_Canon_Class_Lat_203
person_2384880,person_446,Undirected,MS_Canon_Class_Lat_217
person_2384880,person_446,Undirected,MS_Canon_Class_Lat_216
person_2384880,person_446,Undirected,MS_Canon_Class_Lat_228
person_2384880,person_446,Undirected,MS_Canon_Class_Lat_200
person_2384880,person_446,Undirected,MS_Canon_Class_Lat_238
person_2384880,person_446,Undirected,MS_Canon_Class_Lat_214
person_2384880,person_446,Undirected,MS_Canon_Class_Lat_24
person_2384880,person_446,Undirected,MS_Canon_Class_Lat_30
person_2384880,person_446,Undirected,MS_Canon_Class_Lat_18
person_2384880,person_446,Undirected,MS_Canon_Class_Lat_176
person_2384880,person_446,Undirected,MS_Canon_Class_Lat_162
person_2384880,person_446,Undirected,MS_Canon_Class_Lat_163
person_2384880,person_446,Undirected,MS_Canon_Class_Lat_177
person_2384880,person_446,Undirected,MS_Canon_Class_Lat_19
person_2384880,person_446,Undirected,MS_Canon_Class_Lat_31
person_2384880,person_446,Undirected,MS_Canon_Class_Lat_188
person_2384880,person_446,Undirected,MS_Canon_Class_Lat_25
person_2384880,person_446,Undirected,MS_Canon_Class_Lat_215
person_2384880,person_446,Undirected,MS_Canon_Class_Lat_189
person_2384880,person_446,Undirected,MS_Canon_Class_Lat_210
person_2384880,person_446,Undirected,MS_Canon_Class_Lat_173
person_2384880,person_446,Undirected,MS_Canon_Class_Lat_202
person_2384880,person_446,Undirected,MS_Canon_Bibl_Lat_40
person_2384880,person_446,Undirected,MS_Canon_Class_Lat_171
person_2384880,person_446,Undirected,MS_Canon_Class_Lat_159
person_2384880,person_446,Undirected,MS_Canon_Class_Lat_158
person_2384880,person_446,Undirected,MS_Canon_Bibl_Lat_81
person_2384880,person_446,Undirected,MS_Canon_Bibl_Lat_56
person_2384880,person_446,Undirected,MS_Canon_Bibl_Lat_43
person_2384880,person_446,Undirected,MS_Canon_Class_Lat_23
person_2384880,person_446,Undirected,MS_Canon_Bibl_Lat_57
person_2384880,person_446,Undirected,MS_Canon_Class_Lat_164
person_2384880,person_446,Undirected,MS_Canon_Bibl_Lat_80
person_2384880,person_446,Undirected,MS_Canon_Bibl_Lat_82
person_2384880,person_446,Undirected,MS_Canon_Class_Lat_22
person_2384880,person_446,Undirected,MS_Canon_Class_Lat_36
person_2384880,person_446,Undirected,MS_Canon_Bibl_Lat_93
person_2384880,person_446,Undirected,MS_Canon_Bibl_Lat_83
person_2384880,person_446,Undirected,MS_Canon_Class_Lat_170
person_2384880,person_446,Undirected,MS_Canon_Bibl_Lat_4
person_2384880,person_446,Undirected,MS_Canon_Class_Lat_165
person_2384880,person_446,Undirected,MS_Canon_Class_Lat_206
person_2384880,person_446,Undirected,MS_Canon_Class_Lat_50
person_2384880,person_446,Undirected,MS_Canon_Class_Lat_300
person_2384880,person_446,Undirected,MS_Canon_Class_Lat_260
person_2384880,person_446,Undirected,MS_Canon_Class_Lat_204
person_2384880,person_446,Undirected,MS_Canon_Class_Lat_248
person_2384880,person_446,Undirected,MS_Canon_Class_Lat_212
person_2384880,person_446,Undirected,MS_Canon_Bibl_Lat_32
person_2384880,person_446,Undirected,MS_Canon_Bibl_Lat_7
person_2384880,person_446,Undirected,MS_Canon_Bibl_Lat_19
person_2384880,person_446,Undirected,MS_Canon_Bibl_Lat_5
person_2384880,person_446,Undirected,MS_Canon_Bibl_Lat_41
person_2384880,person_446,Undirected,MS_Canon_Bibl_Lat_31
person_2384880,person_446,Undirected,MS_Canon_Class_Lat_213
person_2384880,person_446,Undirected,MS_Canon_Class_Lat_207
person_2384880,person_446,Undirected,MS_Canon_Class_Lat_37
person_24,person_76441126,Undirected,MS_Lat_liturg_e_19
person_24,person_78096624,Undirected,MS_Lat_liturg_e_19
person_24,person_25,Undirected,MS_Lat_liturg_e_19
person_240,person_2615949,Undirected,MS_Lat_th_e_24
person_240,person_629,Undirected,MS_Lat_th_e_24
person_24516994,person_51728429,Undirected,MS_Selden_Supra_55
person_2458624,person_95302161,Undirected,MS_Rawl_G_105
person_2458624,person_47563478,Undirected,MS_Rawl_G_105
person_2458624,person_1203,Undirected,MS_Rawl_G_105
person_24726002,person_3392,Undirected,MS_DOrville_187
person_24726002,person_3393,Undirected,MS_DOrville_187
person_24726002,person_3394,Undirected,MS_DOrville_187
person_24726002,person_24945908,Undirected,MS_DOrville_187
person_247287956,person_311,Undirected,MS_Lat_th_c_21
person_2485,person_2673,Undirected,Christ_Church_MS_148
person_2485,person_2674,Undirected,Christ_Church_MS_148
person_2485,person_2672,Undirected,Christ_Church_MS_148
person_2485,person_2669,Undirected,Christ_Church_MS_148
person_2485,person_2670,Undirected,Christ_Church_MS_148
person_2485,person_2671,Undirected,Christ_Church_MS_148
person_2485,person_2675,Undirected,Christ_Church_MS_148
person_2485707,person_38163710,Undirected,MSS_Bodl_261-2
person_24945908,person_3392,Undirected,MS_DOrville_529
person_24945908,person_3393,Undirected,MS_DOrville_529
person_24945908,person_3392,Undirected,MS_DOrville_104
person_24945908,person_3393,Undirected,MS_DOrville_206
person_24945908,person_3394,Undirected,MS_DOrville_514
person_24945908,person_3394,Undirected,MS_DOrville_9
person_24945908,person_3394,Undirected,MS_DOrville_515
person_24945908,person_3392,Undirected,MS_DOrville_206
person_24945908,person_3394,Undirected,MS_DOrville_206
person_24945908,person_3393,Undirected,MS_DOrville_212
person_24945908,person_3394,Undirected,MS_DOrville_212
person_24945908,person_3392,Undirected,MS_DOrville_89
person_24945908,person_3393,Undirected,MS_DOrville_89
person_24945908,person_3394,Undirected,MS_DOrville_89
person_24945908,person_3392,Undirected,MS_DOrville_158
person_24945908,person_3393,Undirected,MS_DOrville_158
person_24945908,person_3394,Undirected,MS_DOrville_158
person_24945908,person_3392,Undirected,MS_DOrville_170
person_24945908,person_3392,Undirected,MS_DOrville_212
person_24945908,person_3393,Undirected,MS_DOrville_9
person_24945908,person_3392,Undirected,MS_DOrville_513
person_24945908,person_3392,Undirected,MS_DOrville_9
person_24945908,person_3392,Undirected,MS_DOrville_61
person_24945908,person_3393,Undirected,MS_DOrville_61
person_24945908,person_3394,Undirected,MS_DOrville_61
person_24945908,person_3393,Undirected,MS_DOrville_134
person_24945908,person_3392,Undirected,MS_DOrville_134
person_24945908,person_3394,Undirected,MS_DOrville_530
person_24945908,person_3394,Undirected,MS_DOrville_529
person_24945908,person_3393,Undirected,MS_DOrville_530
person_24945908,person_3392,Undirected,MS_DOrville_530
person_24945908,person_3394,Undirected,MS_DOrville_526
person_24945908,person_3392,Undirected,MS_DOrville_110
person_24945908,person_3393,Undirected,MS_DOrville_170
person_24945908,person_3393,Undirected,MS_DOrville_526
person_24945908,person_3392,Undirected,MS_DOrville_172
person_24945908,person_3393,Undirected,MS_DOrville_172
person_24945908,person_3394,Undirected,MS_DOrville_172
person_24945908,person_3392,Undirected,MS_DOrville_166
person_24945908,person_3393,Undirected,MS_DOrville_166
person_24945908,person_3394,Undirected,MS_DOrville_166
person_24945908,person_3392,Undirected,MS_DOrville_210
person_24945908,person_3393,Undirected,MS_DOrville_210
person_24945908,person_3393,Undirected,MS_DOrville_110
person_24945908,person_3394,Undirected,MS_DOrville_110
person_24945908,person_3394,Undirected,MS_DOrville_210
person_24945908,person_3392,Undirected,MS_DOrville_526
person_24945908,person_3393,Undirected,MS_DOrville_514
person_24945908,person_3394,Undirected,MS_DOrville_170
person_24945908,person_3392,Undirected,MS_DOrville_514
person_24945908,person_3392,Undirected,MS_DOrville_512
person_24945908,person_3393,Undirected,MS_DOrville_512
person_24945908,person_3394,Undirected,MS_DOrville_512
person_24945908,person_3392,Undirected,MS_DOrville_102
person_24945908,person_3392,Undirected,MS_DOrville_114
person_24945908,person_3393,Undirected,MS_DOrville_102
person_24945908,person_3394,Undirected,MS_DOrville_102
person_24945908,person_3394,Undirected,MS_DOrville_115
person_24945908,person_3393,Undirected,MS_DOrville_115
person_24945908,person_3392,Undirected,MS_DOrville_115
person_24945908,person_3394,Undirected,MS_DOrville_13
person_24945908,person_3393,Undirected,MS_DOrville_13
person_24945908,person_3392,Undirected,MS_DOrville_139
person_24945908,person_3392,Undirected,MS_DOrville_13
person_24945908,person_3394,Undirected,MS_DOrville_513
person_24945908,person_3392,Undirected,MS_DOrville_103
person_24945908,person_3393,Undirected,MS_DOrville_103
person_24945908,person_3394,Undirected,MS_DOrville_103
person_24945908,person_3394,Undirected,MS_DOrville_31
person_24945908,person_3393,Undirected,MS_DOrville_31
person_24945908,person_3392,Undirected,MS_DOrville_31
person_24945908,person_3394,Undirected,MS_DOrville_207
person_24945908,person_3393,Undirected,MS_DOrville_207
person_24945908,person_3392,Undirected,MS_DOrville_207
person_24945908,person_3394,Undirected,MS_DOrville_213
person_24945908,person_3394,Undirected,MS_DOrville_14
person_24945908,person_3393,Undirected,MS_DOrville_513
person_24945908,person_3392,Undirected,MS_DOrville_164
person_24945908,person_3392,Undirected,MS_DOrville_516
person_24945908,person_3393,Undirected,MS_DOrville_516
person_24945908,person_3393,Undirected,MS_DOrville_164
person_24945908,person_3394,Undirected,MS_DOrville_164
person_24945908,person_3392,Undirected,MS_DOrville_515
person_24945908,person_3394,Undirected,MS_DOrville_139
person_24945908,person_3392,Undirected,MS_DOrville_88
person_24945908,person_3393,Undirected,MS_DOrville_515
person_24945908,person_3393,Undirected,MS_DOrville_88
person_24945908,person_3394,Undirected,MS_DOrville_516
person_24945908,person_3394,Undirected,MS_DOrville_12
person_24945908,person_3392,Undirected,MS_DOrville_213
person_24945908,person_3393,Undirected,MS_DOrville_213
person_24945908,person_3393,Undirected,MS_DOrville_139
person_24945908,person_3393,Undirected,MS_DOrville_12
person_24945908,person_3392,Undirected,MS_DOrville_12
person_24945908,person_3394,Undirected,MS_DOrville_114
person_24945908,person_3393,Undirected,MS_DOrville_114
person_24945908,person_3393,Undirected,MS_DOrville_104
person_24945908,person_3394,Undirected,MS_DOrville_88
person_24945908,person_3394,Undirected,MS_DOrville_104
person_24945908,person_3393,Undirected,MS_DOrville_151
person_24945908,person_3393,Undirected,MS_DOrville_205
person_24945908,person_3393,Undirected,MS_DOrville_79
person_24945908,person_3394,Undirected,MS_DOrville_79
person_24945908,person_3392,Undirected,MS_DOrville_50
person_24945908,person_3393,Undirected,MS_DOrville_50
person_24945908,person_3394,Undirected,MS_DOrville_50
person_24945908,person_3392,Undirected,MS_DOrville_142
person_24945908,person_3393,Undirected,MS_DOrville_142
person_24945908,person_3392,Undirected,MS_DOrville_79
person_24945908,person_3394,Undirected,MS_DOrville_142
person_24945908,person_3393,Undirected,MS_DOrville_93
person_24945908,person_3394,Undirected,MS_DOrville_93
person_24945908,person_3392,Undirected,MS_DOrville_208
person_24945908,person_3393,Undirected,MS_DOrville_208
person_24945908,person_3394,Undirected,MS_DOrville_208
person_24945908,person_3392,Undirected,MS_DOrville_3
person_24945908,person_3393,Undirected,MS_DOrville_3
person_24945908,person_3392,Undirected,MS_DOrville_93
person_24945908,person_3394,Undirected,MS_DOrville_3
person_24945908,person_3394,Undirected,MS_DOrville_157
person_24945908,person_3392,Undirected,MS_DOrville_157
person_24945908,person_3394,Undirected,MS_DOrville_155
person_24945908,person_3392,Undirected,MS_DOrville_90
person_24945908,person_3393,Undirected,MS_DOrville_90
person_24945908,person_3394,Undirected,MS_DOrville_90
person_24945908,person_3392,Undirected,MS_DOrville_209
person_24945908,person_3393,Undirected,MS_DOrville_209
person_24945908,person_3394,Undirected,MS_DOrville_209
person_24945908,person_3393,Undirected,MS_DOrville_157
person_24945908,person_3392,Undirected,MS_DOrville_86
person_24945908,person_3394,Undirected,MS_DOrville_86
person_24945908,person_3392,Undirected,MS_DOrville_92
person_24945908,person_3393,Undirected,MS_DOrville_92
person_24945908,person_3394,Undirected,MS_DOrville_92
person_24945908,person_3392,Undirected,MS_DOrville_143
person_24945908,person_3393,Undirected,MS_DOrville_143
person_24945908,person_3394,Undirected,MS_DOrville_143
person_24945908,person_3393,Undirected,MS_DOrville_86
person_24945908,person_3392,Undirected,MS_DOrville_83
person_24945908,person_3393,Undirected,MS_DOrville_83
person_24945908,person_3394,Undirected,MS_DOrville_83
person_24945908,person_3394,Undirected,MS_DOrville_145
person_24945908,person_3392,Undirected,MS_DOrville_184
person_24945908,person_3393,Undirected,MS_DOrville_184
person_24945908,person_3394,Undirected,MS_DOrville_184
person_24945908,person_3392,Undirected,MS_DOrville_94
person_24945908,person_3393,Undirected,MS_DOrville_94
person_24945908,person_3394,Undirected,MS_DOrville_94
person_24945908,person_3392,Undirected,MS_DOrville_150
person_24945908,person_3392,Undirected,MS_DOrville_80
person_24945908,person_3394,Undirected,MS_DOrville_80
person_24945908,person_3392,Undirected,MS_DOrville_186
person_24945908,person_3393,Undirected,MS_DOrville_186
person_24945908,person_3394,Undirected,MS_DOrville_186
person_24945908,person_3393,Undirected,MS_DOrville_145
person_24945908,person_3392,Undirected,MS_DOrville_145
person_24945908,person_3394,Undirected,MS_DOrville_151
person_24945908,person_3393,Undirected,MS_DOrville_80
person_24945908,person_3393,Undirected,MS_DOrville_150
person_24945908,person_3394,Undirected,MS_DOrville_150
person_24945908,person_3394,Undirected,MS_DOrville_69
person_24945908,person_3392,Undirected,MS_DOrville_185
person_24945908,person_3393,Undirected,MS_DOrville_185
person_24945908,person_3394,Undirected,MS_DOrville_185
person_24945908,person_3392,Undirected,MS_DOrville_146
person_24945908,person_3393,Undirected,MS_DOrville_146
person_24945908,person_3394,Undirected,MS_DOrville_146
person_24945908,person_3392,Undirected,MS_DOrville_152
person_24945908,person_3393,Undirected,MS_DOrville_152
person_24945908,person_3394,Undirected,MS_DOrville_152
person_24945908,person_3394,Undirected,MS_DOrville_81
person_24945908,person_3393,Undirected,MS_DOrville_81
person_24945908,person_3392,Undirected,MS_DOrville_81
person_24945908,person_3394,Undirected,MS_DOrville_178
person_24945908,person_3393,Undirected,MS_DOrville_178
person_24945908,person_3392,Undirected,MS_DOrville_178
person_24945908,person_3392,Undirected,MS_DOrville_69
person_24945908,person_3393,Undirected,MS_DOrville_69
person_24945908,person_3393,Undirected,MS_DOrville_155
person_24945908,person_3392,Undirected,MS_DOrville_155
person_24945908,person_3394,Undirected,MS_DOrville_141
person_24945908,person_3393,Undirected,MS_DOrville_141
person_24945908,person_3392,Undirected,MS_DOrville_525
person_24945908,person_3393,Undirected,MS_DOrville_525
person_24945908,person_3394,Undirected,MS_DOrville_525
person_24945908,person_3394,Undirected,MS_DOrville_72
person_24945908,person_3393,Undirected,MS_DOrville_72
person_24945908,person_3392,Undirected,MS_DOrville_72
person_24945908,person_3394,Undirected,MS_DOrville_160
person_24945908,person_3394,Undirected,MS_DOrville_135
person_24945908,person_3393,Undirected,MS_DOrville_160
person_24945908,person_3394,Undirected,MS_DOrville_149
person_24945908,person_3393,Undirected,MS_DOrville_149
person_24945908,person_3392,Undirected,MS_DOrville_149
person_24945908,person_3394,Undirected,MS_DOrville_161
person_24945908,person_3393,Undirected,MS_DOrville_161
person_24945908,person_3392,Undirected,MS_DOrville_161
person_24945908,person_3394,Undirected,MS_DOrville_73
person_24945908,person_3392,Undirected,MS_DOrville_160
person_24945908,person_3392,Undirected,MS_DOrville_214
person_24945908,person_3392,Undirected,MS_DOrville_151
person_24945908,person_3393,Undirected,MS_DOrville_214
person_24945908,person_3392,Undirected,MS_DOrville_205
person_24945908,person_3394,Undirected,MS_DOrville_177
person_24945908,person_3393,Undirected,MS_DOrville_177
person_24945908,person_3392,Undirected,MS_DOrville_177
person_24945908,person_3394,Undirected,MS_DOrville_134
person_24945908,person_3394,Undirected,MS_DOrville_59
person_24945908,person_3393,Undirected,MS_DOrville_59
person_24945908,person_3392,Undirected,MS_DOrville_59
person_24945908,person_3394,Undirected,MS_DOrville_176
person_24945908,person_3393,Undirected,MS_DOrville_176
person_24945908,person_3392,Undirected,MS_DOrville_176
person_24945908,person_3392,Undirected,MS_DOrville_135
person_24945908,person_3393,Undirected,MS_DOrville_135
person_24945908,person_3394,Undirected,MS_DOrville_189
person_24945908,person_3393,Undirected,MS_DOrville_189
person_24945908,person_3392,Undirected,MS_DOrville_189
person_24945908,person_3394,Undirected,MS_DOrville_214
person_24945908,person_3393,Undirected,MS_DOrville_73
person_24945908,person_3394,Undirected,MS_DOrville_205
person_24945908,person_3392,Undirected,MS_DOrville_73
person_24945908,person_3393,Undirected,MS_DOrville_175
person_24945908,person_3394,Undirected,MS_DOrville_85
person_24945908,person_3392,Undirected,MS_DOrville_183
person_24945908,person_3393,Undirected,MS_DOrville_183
person_24945908,person_3394,Undirected,MS_DOrville_183
person_24945908,person_3392,Undirected,MS_DOrville_154
person_24945908,person_3393,Undirected,MS_DOrville_154
person_24945908,person_3394,Undirected,MS_DOrville_154
person_24945908,person_3393,Undirected,MS_DOrville_85
person_24945908,person_3392,Undirected,MS_DOrville_140
person_24945908,person_3394,Undirected,MS_DOrville_140
person_24945908,person_3392,Undirected,MS_DOrville_46
person_24945908,person_3393,Undirected,MS_DOrville_46
person_24945908,person_3392,Undirected,MS_DOrville_169
person_24945908,person_3393,Undirected,MS_DOrville_169
person_24945908,person_3394,Undirected,MS_DOrville_169
person_24945908,person_3392,Undirected,MS_DOrville_141
person_24945908,person_3393,Undirected,MS_DOrville_140
person_24945908,person_3392,Undirected,MS_DOrville_85
person_24945908,person_3394,Undirected,MS_DOrville_91
person_24945908,person_3393,Undirected,MS_DOrville_91
person_24945908,person_3392,Undirected,MS_DOrville_175
person_24945908,person_3394,Undirected,MS_DOrville_98
person_24945908,person_3393,Undirected,MS_DOrville_98
person_24945908,person_3392,Undirected,MS_DOrville_98
person_24945908,person_3392,Undirected,MS_DOrville_531
person_24945908,person_3393,Undirected,MS_DOrville_531
person_24945908,person_3394,Undirected,MS_DOrville_531
person_24945908,person_3392,Undirected,MS_DOrville_23
person_24945908,person_3393,Undirected,MS_DOrville_23
person_24945908,person_3394,Undirected,MS_DOrville_23
person_24945908,person_3392,Undirected,MS_DOrville_36
person_24945908,person_3393,Undirected,MS_DOrville_36
person_24945908,person_3394,Undirected,MS_DOrville_36
person_24945908,person_3392,Undirected,MS_DOrville_21
person_24945908,person_3393,Undirected,MS_DOrville_21
person_24945908,person_3394,Undirected,MS_DOrville_21
person_24945908,person_3392,Undirected,MS_DOrville_91
person_24945908,person_3394,Undirected,MS_DOrville_175
person_24945908,person_3394,Undirected,MS_DOrville_46
person_24945908,person_3392,Undirected,MS_DOrville_14
person_24945908,person_3393,Undirected,MS_DOrville_14
person_24953683,person_478144782722617696875,Undirected,MS_Don_e_248
person_24953683,person_54195353,Undirected,MS_Hamilton_36
person_24953683,person_54195353,Undirected,MS_Hamilton_51
person_24953683,person_54195353,Undirected,MS_Hamilton_45
person_24953683,person_54195353,Undirected,MS_Hamilton_44
person_24953683,person_54195353,Undirected,MS_Hamilton_50
person_24953683,person_54195353,Undirected,MS_Hamilton_7
person_24953683,person_54195353,Undirected,MS_Hamilton_46
person_24953683,person_54195353,Undirected,MS_Hamilton_52
person_24953683,person_54195353,Undirected,MS_Hamilton_47
person_24953683,person_54195353,Undirected,MS_Hamilton_43
person_24953683,person_54195353,Undirected,MS_Hamilton_56
person_24953683,person_54195353,Undirected,MS_Hamilton_17
person_24953683,person_54195353,Undirected,MS_Hamilton_16
person_24953683,person_54195353,Undirected,MS_Hamilton_28
person_24953683,person_54195353,Undirected,MS_Hamilton_9
person_24953683,person_54195353,Undirected,MS_Hamilton_39
person_24953683,person_54195353,Undirected,MS_Hamilton_8
person_24953683,person_54195353,Undirected,MS_Hamilton_11
person_24953683,person_54195353,Undirected,MS_Hamilton_41
person_24953683,person_54195353,Undirected,MS_Hamilton_12
person_24953683,person_54195353,Undirected,MS_Hamilton_58
person_24953683,person_54195353,Undirected,MS_Hamilton_5
person_24953683,person_54195353,Undirected,MS_Hamilton_13
person_24953683,person_54195353,Undirected,MS_Hamilton_48
person_24953683,person_54195353,Undirected,MS_Hamilton_49
person_24953683,person_54195353,Undirected,MS_Hamilton_54
person_24953683,person_54195353,Undirected,MS_Hamilton_23
person_24953683,person_54195353,Undirected,MS_Hamilton_4
person_24953683,person_54195353,Undirected,MS_Hamilton_37
person_24953683,person_54195353,Undirected,MS_Hamilton_35
person_24953683,person_54195353,Undirected,MS_Hamilton_18
person_24953683,person_54195353,Undirected,MS_Hamilton_24
person_24953683,person_54195353,Undirected,MS_Hamilton_31
person_24953683,person_54195353,Undirected,MS_Hamilton_33
person_24953683,person_54195353,Undirected,MS_Hamilton_27
person_252924856,person_10853721,Undirected,MS_Lat_liturg_d_43
person_252924856,person_73979081,Undirected,MS_Lat_liturg_d_43
person_25374986,person_49357645,Undirected,MS_Digby_177
person_25374986,person_49357645,Undirected,MS_Digby_166
person_25374986,person_49357645,Undirected,MS_Digby_211
person_25374986,person_49357645,Undirected,MS_Digby_102
person_25374986,person_4219,Undirected,Merton_College_MS_323
person_25374986,person_49357645,Undirected,MS_Digby_23
person_25374986,person_49357645,Undirected,MS_Digby_16
person_25374986,person_49357645,Undirected,MS_Digby_84
person_25374986,person_49357645,Undirected,MS_Digby_227
person_25374986,person_49357645,Undirected,MS_Digby_197
person_25408132,person_46720089,Undirected,MS_Don_b_31
person_2545,person_2543,Undirected,Christ_Church_Allestree_Fragment_37
person_2545,person_2541,Undirected,Christ_Church_Allestree_Fragment_37
person_2546,person_2548,Undirected,MS_Ital_e_13
person_2547,person_133269344,Undirected,Christ_Church_MS_113
person_2559,person_2557,Undirected,Christ_Church_MS_110
person_2559,person_2555,Undirected,Christ_Church_MS_110
person_2559,person_9856931,Undirected,Christ_Church_MS_110
person_2562,person_2566,Undirected,Christ_Church_MS_105
person_2562,person_2564,Undirected,Christ_Church_MS_105
person_2569,person_2567,Undirected,Christ_Church_MS_108
person_2569,person_67278011,Undirected,Christ_Church_MS_108
person_2569,person_2565,Undirected,Christ_Church_MS_108
person_25696227,person_47524207,Undirected,MS_Lat_liturg_e_1
person_257,person_539,Undirected,MS_Holkham_misc_37
person_257,person_8145335,Undirected,MS_Holkham_misc_37
person_2570,person_2568,Undirected,Christ_Church_MS_106
person_2570,person_2572,Undirected,Christ_Church_MS_106
person_25709968,person_56658001,Undirected,MS_Don_c_250
person_25709968,person_208354239,Undirected,MS_Don_c_250
person_2574,person_2576,Undirected,Christ_Church_MS_107
person_2574,person_2575,Undirected,Christ_Church_MS_107
person_2574,person_2573,Undirected,Christ_Church_MS_107
person_2574,person_2571,Undirected,Christ_Church_MS_107
person_2577,person_41765445,Undirected,MS_Lat_liturg_g_9
person_2577,person_53033345,Undirected,MS_Lat_liturg_g_9
person_2577,person_2578,Undirected,MS_Lat_liturg_g_9
person_2577,person_2579,Undirected,MS_Lat_liturg_g_9
person_2577,person_109410666,Undirected,MS_Lat_liturg_g_9
person_2577,person_11255508,Undirected,MS_Lat_liturg_g_9
person_2580,person_9878742,Undirected,Christ_Church_Allestree_Library_MS_F11
person_2580,person_2583,Undirected,Christ_Church_Allestree_Library_MS_F11
person_2580,person_2581,Undirected,Christ_Church_Allestree_Library_MS_F11
person_2580,person_2582,Undirected,Christ_Church_Allestree_Library_MS_F11
person_258392640,person_4697,Undirected,St_Johns_College_MS_35
person_258392640,person_65451788,Undirected,MS_Auct_F_2_25
person_258392640,person_172419710,Undirected,MS_Auct_F_2_25
person_258392640,person_88459731,Undirected,MS_Don_e_128
person_258392640,person_465,Undirected,MS_Barlow_23
person_2588,person_2589,Undirected,Christ_Church_MS_98
person_2588,person_20488329,Undirected,Christ_Church_MS_98
person_259,person_21,Undirected,MS_Holkham_misc_46
person_259,person_8145335,Undirected,MS_Holkham_misc_46
person_2590,person_2591,Undirected,Christ_Church_MS_97
person_2590,person_22239295,Undirected,Christ_Church_MS_97
person_2591,person_22239295,Undirected,Christ_Church_MS_115
person_2594,person_2596,Undirected,Christ_Church_MS_121
person_2594,person_2595,Undirected,Christ_Church_MS_121
person_2594,person_2597,Undirected,Christ_Church_MS_121
person_2594,person_2598,Undirected,Christ_Church_MS_121
person_2594,person_2599,Undirected,Christ_Church_MS_121
person_2594,person_2600,Undirected,Christ_Church_MS_121
person_2594,person_2601,Undirected,Christ_Church_MS_121
person_2594,person_2593,Undirected,Christ_Church_MS_121
person_25981391,person_47563478,Undirected,MSS_Rawl_G_183-4
person_25981391,person_25708606,Undirected,MSS_Rawl_G_183-4
person_2603,person_78639115,Undirected,Christ_Church_MS_123
person_2603,person_2604,Undirected,Christ_Church_MS_123
person_2606,person_2607,Undirected,Christ_Church_MS_125
person_260685777,person_3194,Undirected,MS_Bodl_263
person_260685777,person_8554779,Undirected,MS_Bodl_263
person_2608,person_41850324,Undirected,Christ_Church_MS_138
person_2610,person_2611,Undirected,Christ_Church_MS_145
person_2610,person_2612,Undirected,Christ_Church_MS_145
person_2613,person_2031480,Undirected,Christ_Church_MS_95
person_2613,person_2614,Undirected,Christ_Church_MS_95
person_2616,person_9856931,Undirected,Christ_Church_MS_93
person_2618,person_2617,Undirected,MS_Bodl_159
person_2618,person_2620,Undirected,MS_Bodl_159
person_2618,person_2620,Undirected,Christ_Church_MS_91
person_2618,person_2619,Undirected,Christ_Church_MS_91
person_2618,person_2617,Undirected,Christ_Church_MS_91
person_2618,person_2617,Undirected,MS_Bodl_383
person_2618,person_2620,Undirected,MS_Bodl_383
person_2618,person_2619,Undirected,MS_Bodl_159
person_2618,person_2619,Undirected,MS_Bodl_863
person_2618,person_2617,Undirected,MS_Bodl_863
person_2618,person_2617,Undirected,MS_Bodl_793
person_2618,person_2619,Undirected,MS_Bodl_793
person_2618,person_2620,Undirected,MS_Bodl_793
person_2618,person_2619,Undirected,Christ_Church_MS_90
person_2618,person_2620,Undirected,Christ_Church_MS_90
person_2618,person_2617,Undirected,Christ_Church_MS_90
person_2618,person_2620,Undirected,MS_Bodl_863
person_2618,person_2619,Undirected,MS_Bodl_383
person_2619,person_2856,Undirected,MS_Douce_140
person_2619,person_17569137,Undirected,MS_Douce_140
person_2619,person_12411440,Undirected,MS_Douce_140
person_2619,person_44194610,Undirected,MS_Douce_140
person_2619,person_67204077,Undirected,MS_Douce_140
person_2619,person_69848690,Undirected,MS_Douce_140
person_2619,person_2857,Undirected,MS_Douce_140
person_262,person_32363324,Undirected,MS_Lat_class_e_50
person_262,person_73979081,Undirected,MS_Lat_class_e_50
person_2620,person_2617,Undirected,MS_Bodl_390
person_2620,person_2618,Undirected,MS_Bodl_390
person_2620,person_2619,Undirected,MS_Bodl_390
person_2622547,person_3394,Undirected,MS_DOrville_45
person_2622547,person_47563478,Undirected,MS_Rawl_C_539
person_2622547,person_3393,Undirected,MS_DOrville_45
person_2622547,person_24945908,Undirected,MS_DOrville_45
person_2622547,person_1203,Undirected,MS_Rawl_C_539
person_2622547,person_3392,Undirected,MS_DOrville_45
person_2622547,person_69848690,Undirected,MS_Douce_313
person_2622547,person_2563,Undirected,Christ_Church_MS_109
person_262479505,person_72196277,Undirected,MS_Bodl_581
person_262479505,person_3416,Undirected,MS_Bodl_581
person_262479505,person_3415,Undirected,MS_Bodl_581
person_262479505,person_15121578,Undirected,MS_Bodl_581
person_2625,person_2626,Undirected,Christ_Church_MS_684
person_2625,person_66629910,Undirected,Christ_Church_MS_684
person_2627,person_2617,Undirected,St_Johns_College_MS_48
person_2628,person_72940497,Undirected,Christ_Church_MS_89
person_2628,person_2632,Undirected,Christ_Church_MS_89
person_2628,person_2635,Undirected,Christ_Church_MS_89
person_2628,person_2631,Undirected,Christ_Church_MS_89
person_2628,person_2630,Undirected,Christ_Church_MS_89
person_2628,person_20025589,Undirected,Christ_Church_MS_89
person_2628,person_2629,Undirected,Christ_Church_MS_89
person_2628,person_2633,Undirected,Christ_Church_MS_89
person_2628,person_2636,Undirected,Christ_Church_MS_89
person_2628,person_2637,Undirected,Christ_Church_MS_89
person_2628,person_29395259,Undirected,Christ_Church_MS_89
person_2628,person_2634,Undirected,Christ_Church_MS_89
person_263,person_73979081,Undirected,MS_Lat_hist_d_4
person_2639,person_2640,Undirected,Christ_Church_MS_150
person_264,person_1130,Undirected,MS_Lat_hist_d_1_R
person_2642,person_2643,Undirected,Christ_Church_MS_146
person_2642,person_2641,Undirected,Christ_Church_MS_146
person_2644,person_2646,Undirected,Christ_Church_MS_152
person_2644,person_2645,Undirected,Christ_Church_MS_152
person_2648516,person_69848690,Undirected,MS_Douce_389
person_2659,person_2661,Undirected,Christ_Church_MS_417
person_2659,person_2542,Undirected,Christ_Church_MS_417
person_2659,person_71467450,Undirected,Christ_Church_MS_417
person_2659,person_79390571,Undirected,Christ_Church_MS_417
person_2660,person_9856931,Undirected,Christ_Church_MS_103
person_2676,person_39452591,Undirected,Christ_Church_MS_456
person_2676,person_2609,Undirected,Christ_Church_MS_140-part1
person_2677,person_37261411,Undirected,Christ_Church_MS_343
person_2680,person_2682,Undirected,Christ_Church_MS_151
person_2680,person_2681,Undirected,Christ_Church_MS_151
person_268155547,person_2607,Undirected,Christ_Church_MS_92
person_268155547,person_13557817,Undirected,Christ_Church_MS_92
person_268547728,person_25374986,Undirected,MS_Bodl_488
person_268547728,person_172419710,Undirected,MS_Auct_D_inf_2_11
person_2690,person_9878742,Undirected,Christ_Church_Allestree_Library_MS_M110
person_2691,person_106872042,Undirected,MS_Holkham_Gr_74
person_2691,person_106872042,Undirected,MS_Holkham_Gr_109
person_2691,person_106872042,Undirected,MS_Holkham_Gr_99
person_2704,person_2691,Undirected,MS_Holkham_Gr_78
person_2704,person_2691,Undirected,MS_Holkham_Gr_50
person_2704,person_2691,Undirected,MS_Holkham_Gr_68
person_2704,person_2704,Undirected,MS_Holkham_Gr_82
person_2704,person_2691,Undirected,MS_Holkham_Gr_21
person_2704,person_2821,Undirected,MS_Holkham_Gr_20
person_2704,person_2691,Undirected,MS_Holkham_Gr_113
person_2704,person_2691,Undirected,MS_Holkham_Gr_55
person_2704,person_2691,Undirected,MS_Holkham_Gr_52
person_2704,person_2691,Undirected,MS_Holkham_Gr_49
person_2704,person_106872042,Undirected,MS_Holkham_Gr_69
person_2704,person_2691,Undirected,MS_Holkham_Gr_42
person_2704,person_2691,Undirected,MS_Holkham_Gr_69
person_2704,person_2691,Undirected,MS_Holkham_Gr_30
person_2704,person_2691,Undirected,MS_Holkham_Gr_32
person_2704,person_2691,Undirected,MS_Holkham_Gr_82
person_2704,person_2691,Undirected,MS_Holkham_Gr_51
person_2704,person_99864768,Undirected,MS_Holkham_Gr_76
person_2704,person_2691,Undirected,MS_Holkham_Gr_75
person_2704,person_2691,Undirected,MS_Holkham_Gr_76
person_2704,person_2691,Undirected,MS_Holkham_Gr_61
person_2704,person_3118,Undirected,MS_Holkham_Gr_60
person_2704,person_3119,Undirected,MS_Holkham_Gr_60
person_2704,person_3120,Undirected,MS_Holkham_Gr_60
person_2704,person_106872042,Undirected,MS_Holkham_Gr_60
person_2704,person_2691,Undirected,MS_Holkham_Gr_60
person_2704,person_2691,Undirected,MS_Holkham_Gr_48
person_2707,person_2709,Undirected,MS_Eng_poet_b_4
person_2707,person_2708,Undirected,MS_Eng_poet_b_4
person_27099070,person_8145335,Undirected,MS_Holkham_misc_21
person_27173507,person_54940373,Undirected,MS_Laud_Misc_580
person_27173507,person_30349975,Undirected,MS_Laud_Misc_580
person_2721,person_49357645,Undirected,MS_Digby_35
person_2721,person_2722,Undirected,MS_Digby_35
person_2721,person_25374986,Undirected,MS_Digby_35
person_2721,person_2723,Undirected,MS_Digby_35
person_27215170,person_27215170,Undirected,MS_Ashmole_52
person_27215170,person_27215170,Undirected,MS_Ashmole_44
person_27215170,person_27215170,Undirected,MS_Ashmole_828
person_27215170,person_27215170,Undirected,MS_Ashmole_41
person_27215170,person_18015860,Undirected,MS_Ashmole_59
person_27215170,person_73979081,Undirected,MS_Ash_Rolls_55
person_2725,person_49357645,Undirected,MS_Digby_83
person_2725,person_25374986,Undirected,MS_Digby_83
person_2728,person_2727,Undirected,Christ_Church_MS_178
person_2728,person_2726,Undirected,Christ_Church_MS_178
person_2728,person_2729,Undirected,Christ_Church_MS_178
person_2732,person_2733,Undirected,Christ_Church_MS_378-part12
person_27357243,person_22892749,Undirected,MS_Bywater_adds_1
person_27357243,person_9837738,Undirected,MS_Bywater_adds_1
person_27357243,person_428,Undirected,MS_Bywater_adds_1
person_27357243,person_444,Undirected,MS_Bywater_adds_1
person_27357243,person_1083,Undirected,MS_Bywater_adds_1
person_27357243,person_864,Undirected,MS_Bywater_adds_1
person_27357243,person_32363324,Undirected,MS_Bywater_adds_1
person_2736,person_2737,Undirected,MS_Lat_liturg_d_4
person_2738,person_47563478,Undirected,MS_Rawl_liturg_c_1
person_2742,person_5714087,Undirected,MS_Add_A_30
person_27420814,person_73979081,Undirected,MS_Top_Yorks_d_2
person_27420814,person_69848690,Undirected,MS_Douce_141
person_2743,person_2744,Undirected,MS_Add_A_30-part1
person_2745,person_47563478,Undirected,MS_Rawl_G_6
person_2746,person_2747,Undirected,MS_Auct_D_4_8
person_2746,person_37729288,Undirected,MS_Auct_D_4_8
person_2746,person_1017,Undirected,MS_Auct_D_4_8
person_2747,person_37729288,Undirected,MS_Hatton_61
person_2747,person_37729288,Undirected,MS_Hatton_44
person_2748,person_2749,Undirected,MS_Add_A_100
person_2748,person_2750,Undirected,MS_Add_A_100
person_2748,person_2751,Undirected,MS_Add_A_100
person_27495139,person_4003,Undirected,Merton_College_MS_132
person_2753,person_19743305,Undirected,MS_Add_A_166
person_2754,person_72196277,Undirected,MS_Digby_36
person_2754,person_49357645,Undirected,MS_Digby_36
person_2754,person_39386049,Undirected,MS_Digby_36
person_2755,person_41944166,Undirected,MS_Gough_Eccl_Top_5
person_2755,person_3499,Undirected,MS_Gough_Eccl_Top_5
person_2755,person_41970552,Undirected,MS_Gough_Eccl_Top_5
person_2755,person_4939150,Undirected,MS_Gough_Eccl_Top_5
person_2755,person_2756,Undirected,MS_Gough_Eccl_Top_5
person_2755,person_15121725,Undirected,MS_Gough_Eccl_Top_5
person_2758,person_2760,Undirected,MS_Auct_D_5_9
person_2758,person_2677,Undirected,MS_Auct_D_5_9
person_2758,person_100183464,Undirected,MS_Auct_D_5_9
person_2758,person_2756,Undirected,MS_Auct_D_5_9
person_2758,person_2755,Undirected,MS_Auct_D_5_9
person_2758,person_2759,Undirected,MS_Auct_D_5_9
person_2768,person_47563478,Undirected,MS_Rawl_G_5
person_2768,person_2761,Undirected,MS_Rawl_G_5
person_2768,person_2762,Undirected,MS_Rawl_G_5
person_2768,person_2766,Undirected,MS_Rawl_G_5
person_2768,person_2765,Undirected,MS_Rawl_G_5
person_2768,person_2764,Undirected,MS_Rawl_G_5
person_2768,person_2763,Undirected,MS_Rawl_G_5
person_2768,person_2767,Undirected,MS_Rawl_G_5
person_2769,person_293875451,Undirected,MS_Auct_D_inf_2_1
person_2770,person_2771,Undirected,MS_Auct_D_4_9
person_2771,person_2771,Undirected,MS_Bodl_359
person_2771,person_3412,Undirected,MS_Bodl_233
person_2774,person_2773,Undirected,MS_Rawl_G_8
person_2774,person_29543710,Undirected,MS_Rawl_G_8
person_2774,person_47563478,Undirected,MS_Rawl_G_8
person_2774,person_2777,Undirected,MS_Rawl_G_8
person_2774,person_2775,Undirected,MS_Rawl_G_8
person_2774,person_2776,Undirected,MS_Rawl_G_8
person_2778,person_47563478,Undirected,MS_Rawl_G_14
person_2778,person_1203,Undirected,MS_Rawl_G_14
person_2779,person_49357645,Undirected,MS_Digby_89
person_2779,person_25374986,Undirected,MS_Digby_89
person_2780,person_49357645,Undirected,MS_Digby_96
person_2780,person_25374986,Undirected,MS_Digby_96
person_2780,person_37261411,Undirected,MS_Digby_96
person_2781,person_19743305,Undirected,MS_Add_A_167
person_2785,person_69848690,Undirected,MS_Douce_327
person_2785,person_14643360,Undirected,MS_Douce_327
person_27862472,person_2498,Undirected,MS_Lat_misc_a_3-part53
person_27862472,person_2498,Undirected,MS_Lat_misc_a_3-part9
person_2790,person_2791,Undirected,MS_Auct_D_3_6
person_2790,person_2789,Undirected,MS_Auct_D_3_6
person_2790,person_2788,Undirected,MS_Auct_D_3_6
person_2792,person_100183464,Undirected,MS_Bodl_688
person_2792858,person_3196,Undirected,MS_Auct_D_4_5
person_2792858,person_3197,Undirected,MS_Auct_D_4_5
person_2794,person_2795,Undirected,MS_Canon_Bibl_Lat_84
person_2794,person_2384880,Undirected,MS_Canon_Bibl_Lat_84
person_2794,person_446,Undirected,MS_Canon_Bibl_Lat_84
person_27964685,person_237497,Undirected,MS_Auct_F_2_2
person_27964685,person_95302161,Undirected,MS_Auct_F_2_2
person_280026053,person_2384880,Undirected,MS_Canon_Gr_115
person_280026053,person_446,Undirected,MS_Canon_Gr_115
person_280472019,person_3393,Undirected,MS_DOrville_101
person_280472019,person_3394,Undirected,MS_DOrville_101
person_280472019,person_3392,Undirected,MS_DOrville_101
person_280472019,person_24945908,Undirected,MS_DOrville_101
person_2806,person_27199933,Undirected,MS_Add_C_142
person_2806,person_5314321,Undirected,MS_Add_C_142
person_2806,person_2805,Undirected,MS_Add_C_142
person_2806,person_2807,Undirected,MS_Add_C_142
person_2808,person_122403272,Undirected,MS_Add_C_188
person_2808,person_66816439,Undirected,MS_Add_C_188
person_2808,person_27099070,Undirected,MS_Add_C_188
person_2808,person_2810,Undirected,MS_Add_C_188
person_2808,person_2811,Undirected,MS_Add_C_188
person_2808,person_2809,Undirected,MS_Add_C_188
person_2808,person_7470435,Undirected,MS_Add_C_188
person_2808,person_2812,Undirected,MS_Add_C_188
person_2813,person_2815,Undirected,MS_Add_C_192
person_2813,person_2814,Undirected,MS_Add_C_192
person_2813,person_2816,Undirected,MS_Add_C_192
person_281367823,person_69848690,Undirected,MS_Douce_213
person_281367823,person_66501599,Undirected,MS_Douce_213
person_281367823,person_33157045,Undirected,MS_Douce_213
person_28137730,person_446,Undirected,MS_Canon_Class_Lat_161
person_28137730,person_2384880,Undirected,MS_Canon_Class_Lat_161
person_281574885,person_100189062,Undirected,MS_Add_C_110
person_281574885,person_100189062,Undirected,MS_Add_C_108
person_281574885,person_100189062,Undirected,MS_Add_C_109
person_2821,person_2691,Undirected,MS_Holkham_Gr_22
person_2821,person_106872042,Undirected,MS_Holkham_Gr_22
person_2823,person_2822,Undirected,MS_Auct_D_2_7
person_2824,person_47563478,Undirected,MS_Rawl_G_104
person_2824,person_38033406,Undirected,MS_Lat_liturg_a_4
person_2825,person_2827,Undirected,MS_Canon_Liturg_366
person_2825,person_2826,Undirected,MS_Canon_Liturg_366
person_283,person_27099070,Undirected,MS_Holkham_misc_30
person_2830,person_18638339,Undirected,MS_Lat_liturg_b_5
person_2830,person_73979081,Undirected,MS_Lat_liturg_b_5
person_2830,person_2831,Undirected,MS_Lat_liturg_b_5
person_2833,person_54940373,Undirected,MS_Laud_Misc_358
person_2833,person_54940373,Undirected,MS_Laud_Lat_109
person_2835,person_27215170,Undirected,MS_Ashmole_210-part1
person_2836,person_39386049,Undirected,MS_Ashmole_341-part1
person_2836,person_2836,Undirected,MS_Ashmole_341-part1
person_2838,person_47563478,Undirected,MS_Rawl_liturg_g_13
person_284,person_392,Undirected,MS_Lat_th_c_28
person_284,person_1167,Undirected,MS_Lat_th_c_28
person_284,person_1360,Undirected,MS_Lat_th_c_28
person_284,person_699,Undirected,MS_Lat_th_c_28
person_284,person_1204,Undirected,MS_Lat_th_c_28
person_284,person_14130364,Undirected,MS_Lat_th_c_28
person_284,person_100180276,Undirected,MS_Lat_th_c_28
person_2840,person_2841,Undirected,MS_Canon_Liturg_163
person_2840,person_2842,Undirected,MS_Canon_Liturg_163
person_28447840,person_112166886,Undirected,MS_Lat_liturg_f_25
person_2848,person_2849,Undirected,MS_Lyell_45
person_2848,person_64157046,Undirected,MS_Lyell_45
person_2853,person_71478954,Undirected,MS_Douce_134
person_2853,person_44393665,Undirected,MS_Douce_134
person_2853,person_173752517,Undirected,MS_Douce_134
person_2853,person_69848690,Undirected,MS_Douce_134
person_2855,person_54940373,Undirected,MS_Laud_Misc_108
person_2857,person_47563478,Undirected,MS_Rawl_G_108
person_2857,person_47563478,Undirected,MS_Rawl_G_42
person_2857,person_47563478,Undirected,MS_Rawl_G_98
person_2857,person_47563478,Undirected,MS_Rawl_C_447
person_2858,person_69848690,Undirected,MS_Douce_366
person_2859,person_2860,Undirected,MS_Ashmole_304
person_2861,person_2862,Undirected,MS_Rawl_liturg_c_3
person_2861,person_2863,Undirected,MS_Rawl_liturg_c_3
person_2861,person_47563478,Undirected,MS_Rawl_liturg_c_3
person_2864,person_465,Undirected,MS_Barlow_5
person_2866,person_25374986,Undirected,MS_Arch_Selden_B_26-part3
person_2866,person_68969862,Undirected,MS_Arch_Selden_B_26-part3
person_286696864,person_886,Undirected,MS_Buchanan_e_18
person_286696864,person_78648497,Undirected,MS_Buchanan_e_18
person_286696864,person_44557546,Undirected,MS_Buchanan_e_18
person_2868,person_309709338,Undirected,MS_Barlow_1
person_2868,person_465,Undirected,MS_Barlow_1
person_2872,person_2873,Undirected,MS_Rawl_liturg_e_41
person_2872,person_47563478,Undirected,MS_Rawl_liturg_e_41
person_2872,person_2874,Undirected,MS_Rawl_liturg_e_41
person_2876,person_2877,Undirected,MS_Laud_Misc_253
person_2876,person_54940373,Undirected,MS_Laud_Misc_253
person_2876,person_2875,Undirected,MS_Laud_Misc_253
person_2878,person_2822,Undirected,MS_Auct_D_2_4
person_2880,person_5986821,Undirected,MS_Auct_D_2_19
person_2880,person_2879,Undirected,MS_Auct_D_2_19
person_2881,person_2882,Undirected,MS_Auct_D_4_13
person_2881,person_2883,Undirected,MS_Auct_D_4_13
person_288960142,person_3392,Undirected,MS_DOrville_517
person_288960142,person_24945908,Undirected,MS_DOrville_517
person_288960142,person_3393,Undirected,MS_DOrville_517
person_288960142,person_3394,Undirected,MS_DOrville_517
person_289,person_290,Undirected,MS_Lat_misc_e_111
person_289,person_202392039,Undirected,MS_Lat_misc_e_111
person_2891,person_54195353,Undirected,MS_Hamilton_2
person_2891,person_2892,Undirected,MS_Hamilton_2
person_2893,person_2894,Undirected,MS_Aubrey_31
person_2893,person_71386625,Undirected,MS_Aubrey_31
person_28936596,person_54940373,Undirected,MS_Laud_Misc_36
person_28936596,person_8498921,Undirected,MS_Laud_Misc_36
person_28936596,person_243749766,Undirected,MS_Laud_Misc_36
person_2895,person_29877471,Undirected,MS_Bodl_700
person_2896,person_4123,Undirected,Merton_College_MS_222
person_2897,person_4009,Undirected,Merton_College_MS_93
person_2897,person_2897,Undirected,Merton_College_MS_93
person_2898,person_2900,Undirected,Merton_College_MS_6
person_2898,person_2899,Undirected,Merton_College_MS_6
person_29,person_1116,Undirected,MS_Fr_e_22
person_29,person_670,Undirected,MS_Fr_e_22
person_2904,person_3471,Undirected,MS_Rawl_G_18
person_2904,person_2903,Undirected,Merton_College_MS_32
person_2904,person_2576,Undirected,Merton_College_MS_32
person_2904,person_29877471,Undirected,Merton_College_MS_32
person_2904,person_1203,Undirected,MS_Rawl_G_18
person_2904,person_47563478,Undirected,MS_Rawl_G_18
person_290606108,person_446,Undirected,MS_Canon_Class_Lat_274
person_290606108,person_2384880,Undirected,MS_Canon_Class_Lat_274
person_290606108,person_76544198,Undirected,MS_Lat_class_d_38
person_2910,person_1203,Undirected,MS_Rawl_A_363
person_2910,person_47563478,Undirected,MS_Rawl_A_363
person_2915,person_2914,Undirected,MS_Auct_D_4_6
person_29159389,person_37266689,Undirected,MS_Bodl_464
person_29159389,person_15121578,Undirected,MS_Bodl_464
person_2917,person_17500732,Undirected,MS_Holkham_Gr_106
person_2917,person_3489,Undirected,MS_Holkham_Gr_106
person_2917,person_1340,Undirected,MS_Holkham_Gr_106
person_292,person_54940373,Undirected,MS_Laud_Misc_134
person_2921,person_37729288,Undirected,MS_Auct_F_1_9
person_292789691,person_4652,Undirected,St_Johns_College_MS_192
person_292924945,person_54940373,Undirected,MS_Laud_Misc_207
person_292924945,person_2739,Undirected,MS_Laud_Misc_207
person_2932,person_4074,Undirected,Merton_College_MS_154
person_2932,person_4075,Undirected,Merton_College_MS_154
person_2932,person_4074,Undirected,Merton_College_MS_154
person_2932,person_4075,Undirected,Merton_College_MS_154
person_2932,person_4003,Undirected,Merton_College_MS_154
person_2932,person_4075,Undirected,Merton_College_MS_154
person_2932,person_4017,Undirected,Merton_College_MS_154
person_2932,person_4003,Undirected,Merton_College_MS_154
person_2932,person_4076,Undirected,Merton_College_MS_154
person_2932,person_4017,Undirected,Merton_College_MS_154
person_2932,person_4076,Undirected,Merton_College_MS_154
person_2932,person_4074,Undirected,Merton_College_MS_154
person_2932,person_4017,Undirected,Merton_College_MS_154
person_2932,person_4022,Undirected,Merton_College_MS_184
person_2932,person_4003,Undirected,Merton_College_MS_154
person_2932,person_4069,Undirected,Merton_College_MS_184
person_2932,person_4095,Undirected,Merton_College_MS_184
person_2932,person_2932,Undirected,Merton_College_MS_154
person_2932,person_4003,Undirected,Merton_College_MS_154
person_2932,person_4076,Undirected,Merton_College_MS_154
person_2932,person_4017,Undirected,Merton_College_MS_154
person_2932,person_2932,Undirected,Merton_College_MS_154
person_2932,person_4076,Undirected,Merton_College_MS_154
person_2933,person_4066,Undirected,Merton_College_MS_66
person_2933,person_96298161,Undirected,Merton_College_MS_66
person_2933,person_3142,Undirected,Merton_College_MS_66
person_2941,person_237497,Undirected,MS_Auct_F_5_2
person_2944,person_2945,Undirected,MS_Barlow_6
person_2944,person_2946,Undirected,MS_Barlow_6
person_2944,person_2947,Undirected,MS_Barlow_6
person_2944,person_465,Undirected,MS_Barlow_6
person_29492236,person_2932,Undirected,Merton_College_MS_273
person_29492236,person_4170,Undirected,Merton_College_MS_273
person_2950,person_2956,Undirected,MS_Bodl_177
person_29543710,person_47563478,Undirected,MS_Rawl_C_292
person_29543710,person_47563478,Undirected,MS_Rawl_D_732
person_29543710,person_47563478,Undirected,MS_Rawl_liturg_e_43
person_29543710,person_2773,Undirected,MS_Rawl_liturg_e_43
person_29543710,person_47563478,Undirected,MS_Rawl_poet_38
person_29543710,person_2993,Undirected,MS_Rawl_Q_a_1
person_29543710,person_3385,Undirected,MS_Rawl_G_99
person_29543710,person_47563478,Undirected,MS_Rawl_G_99
person_29543710,person_47563478,Undirected,MS_Rawl_G_67
person_29543710,person_3385,Undirected,MS_Rawl_G_96
person_29543710,person_47563478,Undirected,MS_Rawl_G_96
person_295781431,person_1174,Undirected,MS_Buchanan_e_5
person_295781431,person_678,Undirected,MS_Buchanan_e_5
person_295781431,person_44557546,Undirected,MS_Buchanan_e_5
person_295781431,person_44557546,Undirected,MS_Buchanan_e_14
person_295781431,person_886,Undirected,MS_Buchanan_e_14
person_295781431,person_886,Undirected,MS_Buchanan_e_5
person_295781431,person_678,Undirected,MS_Buchanan_e_14
person_295806067,person_4850,Undirected,MS_Douce_110
person_295806067,person_25551179,Undirected,MS_Douce_110
person_295806067,person_38088759,Undirected,MS_Douce_110
person_295806067,person_69848690,Undirected,MS_Douce_110
person_2959,person_2960,Undirected,MS_Bodl_339
person_2959,person_2961,Undirected,MS_Bodl_339
person_2959,person_2963,Undirected,MS_Bodl_339
person_2959,person_2962,Undirected,MS_Bodl_339
person_29618782,person_3392,Undirected,MS_DOrville_44
person_29618782,person_24945908,Undirected,MS_DOrville_44
person_29618782,person_3394,Undirected,MS_DOrville_44
person_29618782,person_3393,Undirected,MS_DOrville_153
person_29618782,person_24945908,Undirected,MS_DOrville_10
person_29618782,person_3392,Undirected,MS_DOrville_113
person_29618782,person_3394,Undirected,MS_DOrville_153
person_29618782,person_24945908,Undirected,MS_DOrville_113
person_29618782,person_3394,Undirected,MS_DOrville_10
person_29618782,person_24945908,Undirected,MS_DOrville_153
person_29618782,person_3393,Undirected,MS_DOrville_113
person_29618782,person_3393,Undirected,MS_DOrville_10
person_29618782,person_3394,Undirected,MS_DOrville_113
person_29618782,person_3392,Undirected,MS_DOrville_10
person_29618782,person_3393,Undirected,MS_DOrville_44
person_29618782,person_3392,Undirected,MS_DOrville_153
person_29618782,person_3394,Undirected,MS_DOrville_204
person_29618782,person_3393,Undirected,MS_DOrville_204
person_29618782,person_24945908,Undirected,MS_DOrville_204
person_29618782,person_3392,Undirected,MS_DOrville_204
person_29624545,person_7455594,Undirected,MS_Gr_class_f_120_P
person_29624545,person_7455594,Undirected,MS_Gr_class_f_116_P
person_29624545,person_7455594,Undirected,MS_Gr_class_f_117_P
person_29624545,person_7455594,Undirected,MS_Gr_class_f_118_P
person_29624545,person_7455594,Undirected,MS_Gr_class_f_119_P
person_29624545,person_7455594,Undirected,MS_Gr_class_f_121_P
person_29624545,person_7455594,Undirected,MS_Gr_class_f_123_P
person_29624545,person_7455594,Undirected,MS_Gr_class_f_125_P
person_29624545,person_7455594,Undirected,MS_Gr_class_f_122_P
person_2967,person_2969,Undirected,MS_Bodl_418
person_2967,person_2966,Undirected,MS_Bodl_418
person_2967,person_2968,Undirected,MS_Bodl_418
person_2971,person_2966,Undirected,MS_Bodl_471
person_2976,person_2975,Undirected,MS_Eng_poet_a_1
person_2976,person_2977,Undirected,MS_Eng_poet_a_1
person_2976,person_2978,Undirected,MS_Eng_poet_a_1
person_2976,person_2979,Undirected,MS_Eng_poet_a_1
person_2980,person_2981,Undirected,MS_Digby_86
person_2980,person_25374986,Undirected,MS_Digby_86
person_2980,person_49357645,Undirected,MS_Digby_86
person_29836766,person_44557546,Undirected,MS_Buchanan_f_4
person_29836766,person_886,Undirected,MS_Buchanan_f_4
person_29877471,person_4115,Undirected,Merton_College_MS_213
person_29877471,person_4116,Undirected,Merton_College_MS_213
person_29877471,person_4277,Undirected,Merton_College_MS_25
person_29909879,person_64157046,Undirected,MS_Lyell_13
person_2996,person_96298161,Undirected,Merton_College_MS_78
person_2996,person_96298161,Undirected,Merton_College_MS_77
person_2996,person_4002,Undirected,Merton_College_MS_77
person_2996,person_4066,Undirected,Merton_College_MS_77
person_2998,person_2837,Undirected,MS_Ashmole_399
person_2998,person_27215170,Undirected,MS_Ashmole_399
person_3,person_1180,Undirected,MS_Don_d_186
person_3,person_14803186,Undirected,MS_Don_d_186
person_3,person_983,Undirected,MS_Don_d_186
person_3,person_1146,Undirected,MS_Don_d_186
person_3,person_465,Undirected,MS_Don_d_186
person_3002,person_54940373,Undirected,MS_Laud_Lat_32
person_3003,person_54940373,Undirected,MS_Laud_Lat_68
person_3004,person_54940373,Undirected,MS_Laud_Misc_72
person_3013,person_3014,Undirected,MS_Bodl_747
person_3013,person_3565,Undirected,MS_Bodl_747
person_3013,person_3565,Undirected,MS_Bodl_827
person_3013,person_3014,Undirected,MS_Bodl_827
person_3016,person_3015,Undirected,MS_Bodl_511
person_3016,person_44167598,Undirected,MS_Bodl_511
person_302,person_22146194,Undirected,MS_Buchanan_e_15
person_302,person_1012,Undirected,MS_Buchanan_e_15
person_302,person_886,Undirected,MS_Buchanan_e_15
person_302,person_8,Undirected,MS_Buchanan_e_15
person_302,person_44557546,Undirected,MS_Buchanan_e_15
person_3022,person_3018,Undirected,MS_Rawl_B_356
person_3022,person_47563478,Undirected,MS_Rawl_B_356
person_3022,person_3020,Undirected,MS_Rawl_B_356
person_3022,person_3021,Undirected,MS_Rawl_B_356
person_3022,person_3019,Undirected,MS_Rawl_B_356
person_3023,person_39246400,Undirected,MS_Bodl_585-part1
person_3025,person_3026,Undirected,MS_Bodl_113
person_3025,person_3027,Undirected,MS_Bodl_113
person_3031,person_25374986,Undirected,MS_Bodl_655
person_3033,person_25374986,Undirected,MS_Bodl_672
person_3033,person_3032,Undirected,MS_Bodl_672
person_3035,person_3034,Undirected,MS_Bodl_685
person_304918233,person_3411,Undirected,MS_Auct_F_4_33
person_305190695,person_67879955,Undirected,MS_Lat_liturg_g_4
person_3057,person_3058,Undirected,MSS_Bodl_741-2
person_3059,person_44167598,Undirected,MS_Bodl_758
person_306349021,person_64157046,Undirected,MS_Lat_th_b_5
person_3068,person_54940373,Undirected,MS_Laud_Misc_96
person_3068,person_3062,Undirected,MS_Laud_Misc_96
person_3069,person_54940373,Undirected,MS_Laud_Misc_143
person_3070,person_76469410,Undirected,MS_Bodl_862
person_3070,person_172419710,Undirected,MS_Bodl_862
person_3074,person_4018,Undirected,Merton_College_MS_102
person_3074,person_4012,Undirected,Merton_College_MS_102
person_3074,person_2896,Undirected,Merton_College_MS_102
person_3074,person_4003,Undirected,Merton_College_MS_102
person_307468816,person_2622547,Undirected,MS_Rawl_liturg_f_13
person_307468816,person_47563478,Undirected,MS_Rawl_liturg_f_13
person_3076,person_96298161,Undirected,Merton_College_MS_105
person_30785585,person_37729288,Undirected,MS_Hatton_36
person_30785585,person_5058,Undirected,MS_Hatton_36
person_30785585,person_5057,Undirected,MS_Hatton_36
person_30785585,person_1271,Undirected,MS_Duke_Humfrey_d_2
person_30785585,person_5056,Undirected,MS_Hatton_36
person_30785585,person_5057,Undirected,MS_Hatton_36
person_30785585,person_339,Undirected,MS_Duke_Humfrey_d_2
person_30785585,person_46572341,Undirected,MS_Duke_Humfrey_d_2
person_30785585,person_30785585,Undirected,MS_Duke_Humfrey_d_1
person_30785585,person_3884,Undirected,MS_Duke_Humfrey_d_1
person_30785585,person_26959327,Undirected,MS_Duke_Humfrey_d_2
person_30785585,person_391,Undirected,MS_Duke_Humfrey_d_2
person_30785585,person_1131,Undirected,MS_Duke_Humfrey_d_2
person_3082,person_3083,Undirected,MS_Douce_51
person_3082,person_69848690,Undirected,MS_Douce_51
person_3082,person_3086,Undirected,MS_Douce_51
person_3082,person_3085,Undirected,MS_Douce_51
person_3082,person_3084,Undirected,MS_Douce_51
person_3087,person_3088,Undirected,MS_Bodl_565
person_308770014,person_446,Undirected,MS_Bywater_37
person_308770014,person_2384880,Undirected,MS_Bywater_37
person_308770014,person_431,Undirected,MS_Bywater_37
person_308770014,person_2384880,Undirected,MS_Canon_Ital_160
person_308770014,person_60702448,Undirected,MS_Bywater_37
person_308770014,person_2384880,Undirected,MS_Canon_Liturg_393
person_308770014,person_446,Undirected,MS_Canon_Gr_95
person_308770014,person_336404,Undirected,MS_Bywater_37
person_308770014,person_446,Undirected,MS_Canon_Ital_51
person_308770014,person_2384880,Undirected,MS_Canon_Ital_37
person_308770014,person_446,Undirected,MS_Canon_Ital_121
person_308770014,person_2384880,Undirected,MS_Canon_Ital_21
person_308770014,person_2384880,Undirected,MS_Canon_Gr_95
person_308770014,person_76391283,Undirected,MS_Bywater_37
person_308770014,person_446,Undirected,MS_Canon_Ital_73
person_308770014,person_60702448,Undirected,MS_Lat_class_e_47
person_308770014,person_2384880,Undirected,MS_Canon_Liturg_356
person_308770014,person_2384880,Undirected,MS_Canon_Ital_51
person_308770014,person_446,Undirected,MS_Canon_Liturg_325
person_308770014,person_2384880,Undirected,MS_Canon_Liturg_325
person_308770014,person_2384880,Undirected,MS_Canon_Liturg_8
person_308770014,person_2384880,Undirected,MS_Canon_Liturg_254
person_308770014,person_2384880,Undirected,MS_Canon_Liturg_105
person_308770014,person_446,Undirected,MS_Canon_Ital_108
person_308770014,person_2384880,Undirected,MS_Canon_Ital_108
person_308770014,person_2384880,Undirected,MS_Canon_Misc_449
person_308770014,person_446,Undirected,MS_Canon_Ital_37
person_308770014,person_431,Undirected,MS_Canon_Pat_Lat_52
person_308770014,person_2384880,Undirected,MS_Lat_class_e_47
person_308770014,person_446,Undirected,MS_Canon_Pat_Lat_52
person_308770014,person_446,Undirected,MS_Canon_Class_Lat_10
person_308770014,person_2384880,Undirected,MS_Canon_Class_Lat_10
person_308770014,person_2384880,Undirected,MS_Canon_Ital_121
person_308770014,person_2384880,Undirected,MS_Canon_Misc_353
person_308770014,person_446,Undirected,MS_Canon_Misc_353
person_308770014,person_2384880,Undirected,MS_Canon_Bibl_Lat_42
person_308770014,person_446,Undirected,MS_Canon_Ital_21
person_308770014,person_2384880,Undirected,MS_Canon_Ital_25
person_308770014,person_2384880,Undirected,MS_Canon_Ital_61
person_308770014,person_36985281,Undirected,MS_Lat_class_e_47
person_308770014,person_446,Undirected,MS_Canon_Gr_7
person_308770014,person_2384880,Undirected,MS_Canon_Ital_73
person_308770014,person_2384880,Undirected,MS_Canon_Liturg_150
person_308770014,person_2384880,Undirected,MS_Canon_Gr_7
person_308770014,person_446,Undirected,MS_Canon_Ital_25
person_308770014,person_2384880,Undirected,MS_Canon_Pat_Lat_52
person_308770014,person_446,Undirected,MS_Canon_Misc_449
person_308770014,person_446,Undirected,MS_Canon_Ital_61
person_308770014,person_2384880,Undirected,MS_Canon_Liturg_155
person_308770014,person_446,Undirected,MS_Canon_Ital_160
person_308770014,person_2384880,Undirected,MS_Canon_Misc_213
person_308770014,person_2384880,Undirected,MS_Canon_Misc_469
person_308770014,person_446,Undirected,MS_Canon_Misc_469
person_308770014,person_446,Undirected,MS_Canon_Misc_213
person_3089,person_37790832,Undirected,MS_Rawl_B_489
person_3089,person_25708606,Undirected,MS_Rawl_B_489
person_3089,person_47563478,Undirected,MS_Rawl_B_489
person_3089,person_45071137,Undirected,MS_Rawl_B_489
person_3093,person_74957407,Undirected,MS_Rawl_B_506-part2
person_3095,person_3096,Undirected,MS_Bodl_972
person_309649566,person_19743305,Undirected,MS_Add_A_12
person_3098,person_3102,Undirected,MSS_Bodl_969-70
person_3098,person_3100,Undirected,MSS_Bodl_969-70
person_3098,person_3099,Undirected,MSS_Bodl_969-70
person_3098,person_3101,Undirected,MSS_Bodl_969-70
person_310,person_470,Undirected,MS_Lat_liturg_e_36
person_3106,person_53056049,Undirected,MS_Broxb_858
person_3107,person_3110,Undirected,MS_Broxb_894
person_3107,person_3109,Undirected,MS_Broxb_894
person_3107,person_3111,Undirected,MS_Broxb_894
person_3107,person_3108,Undirected,MS_Broxb_894
person_3107,person_3112,Undirected,MS_Broxb_894
person_3107,person_53056049,Undirected,MS_Broxb_894
person_3116,person_106872042,Undirected,MS_Holkham_Gr_59
person_3116,person_2691,Undirected,MS_Holkham_Gr_59
person_3116,person_3115,Undirected,MS_Holkham_Gr_59
person_311820549,person_69848690,Undirected,MS_Douce_93
person_3121,person_44557546,Undirected,MS_Buchanan_b_1
person_3121,person_886,Undirected,MS_Buchanan_b_1
person_3123,person_446,Undirected,MS_Canon_Ital_223
person_3123,person_308770014,Undirected,MS_Canon_Ital_223
person_3123,person_446,Undirected,MS_Canon_Bibl_Lat_38
person_3123,person_2384880,Undirected,MS_Canon_Ital_223
person_3123,person_2384880,Undirected,MS_Canon_Bibl_Lat_38
person_3125,person_3127,Undirected,MS_Bodl_563-part2
person_3125,person_3126,Undirected,MS_Bodl_563-part2
person_31311630,person_556,Undirected,MS_Lat_hist_c_1
person_31311630,person_33,Undirected,MS_Lat_hist_c_1
person_3132,person_3394,Undirected,MS_DOrville_211
person_3132,person_3392,Undirected,MS_DOrville_211
person_3132,person_24945908,Undirected,MS_DOrville_211
person_3132,person_446,Undirected,MS_Canon_Class_Lat_13
person_3132,person_2384880,Undirected,MS_Canon_Class_Lat_13
person_3132,person_3393,Undirected,MS_DOrville_211
person_3134,person_3133,Undirected,MS_Auct_D_2_6
person_313420912,person_170184275,Undirected,MS_Auct_D_4_4
person_313420912,person_22941717,Undirected,Exeter_College_MS_47
person_313420912,person_13102140,Undirected,Exeter_College_MS_47
person_313420912,person_4779859,Undirected,Exeter_College_MS_47
person_313420912,person_3187,Undirected,MS_Auct_D_4_4
person_313420912,person_315620782,Undirected,MS_Auct_D_4_4
person_313420912,person_3186,Undirected,MS_Auct_D_4_4
person_313420912,person_3188,Undirected,MS_Auct_D_4_4
person_313420912,person_4327,Undirected,Exeter_College_MS_47
person_313420912,person_3189,Undirected,MS_Auct_D_4_4
person_3136,person_35523287,Undirected,MS_Holkham_Gr_67
person_3139,person_2900,Undirected,Merton_College_MS_20
person_3139,person_3140,Undirected,Merton_College_MS_20
person_3145,person_2896,Undirected,Merton_College_MS_74
person_3150,person_3151,Undirected,MS_Ashmole_35
person_3150,person_27215170,Undirected,MS_Ashmole_35
person_3150,person_3148,Undirected,MS_Ashmole_35
person_3150,person_3149,Undirected,MS_Ashmole_35
person_3153,person_54940373,Undirected,MS_Laud_Misc_736
person_3155,person_446,Undirected,MS_Canon_Class_Lat_66
person_3155,person_2384880,Undirected,MS_Canon_Class_Lat_66
person_3155,person_3156,Undirected,MS_Canon_Class_Lat_66
person_3157,person_3158,Undirected,MS_Laud_Misc_430-part3
person_3159,person_5714087,Undirected,MS_Douce_119
person_3159,person_71740714,Undirected,MS_Douce_119
person_3159,person_3160,Undirected,MS_Douce_119
person_3159,person_69848690,Undirected,MS_Douce_119
person_3159,person_51566395,Undirected,MS_Douce_119
person_316003889,person_46909597,Undirected,MS_Lat_th_c_31
person_316003889,person_64149146,Undirected,MS_Lat_th_c_31
person_316009388,person_71362913,Undirected,MS_Lat_liturg_e_13
person_316009388,person_1002,Undirected,MS_Lat_liturg_e_13
person_3161,person_446,Undirected,MS_Canon_Class_Lat_88
person_3161,person_2384880,Undirected,MS_Canon_Class_Lat_88
person_3162,person_5714087,Undirected,MS_Rawl_B_178
person_3162,person_51566395,Undirected,MS_Rawl_B_178
person_3162,person_47563478,Undirected,MS_Rawl_B_178
person_3165,person_54195353,Undirected,MS_Hamilton_26
person_3166,person_54195353,Undirected,MS_Hamilton_15
person_3166,person_3165,Undirected,MS_Hamilton_15
person_316792878,person_69848690,Undirected,MS_Douce_335
person_3171,person_3172,Undirected,MS_Holkham_Gr_14
person_3171,person_8145335,Undirected,MS_Holkham_Gr_14
person_3176,person_3014,Undirected,MS_Auct_E_inf_3
person_3176,person_3785,Undirected,MS_Auct_E_inf_3
person_3176,person_3013,Undirected,MS_Auct_E_inf_3
person_3177,person_3178,Undirected,MS_Bodl_3
person_3177,person_3179,Undirected,MS_Bodl_3
person_3177,person_44167598,Undirected,MS_Bodl_3
person_31798782,person_69848690,Undirected,MS_Douce_138
person_31798782,person_25791007,Undirected,MS_Douce_138
person_3181,person_3182,Undirected,MS_Auct_D_5_17
person_3181,person_37029945,Undirected,MS_Auct_D_5_17
person_3183,person_2677,Undirected,MS_Auct_D_5_14
person_3184,person_2990,Undirected,MS_Auct_D_5_6
person_3193,person_3192,Undirected,MS_Bodl_20
person_3194,person_3194,Undirected,MS_Bodl_853
person_3194,person_465,Undirected,MS_Bodl_853
person_3195,person_100218411,Undirected,MS_Bodl_27
person_3199,person_44167598,Undirected,MS_Bodl_31
person_32,person_1315,Undirected,MS_Lat_liturg_f_34
person_32,person_466,Undirected,MS_Lat_liturg_f_34
person_3200,person_3201,Undirected,MS_Auct_F_6_1
person_32005978,person_2677,Undirected,MS_Bodl_800
person_3204,person_3203,Undirected,MS_Auct_D_5_4
person_3209,person_3208,Undirected,MS_Bodl_196
person_3209,person_2677,Undirected,MS_Bodl_196
person_32104723,person_95302161,Undirected,MS_Auct_F_2_11
person_32104723,person_237497,Undirected,MS_Auct_F_2_11
person_3213,person_3214,Undirected,MS_Bodl_140
person_3216,person_2771,Undirected,MS_Bodl_142
person_32160336,person_18015860,Undirected,MS_Ashmole_59-flyleaves
person_32160336,person_7488414,Undirected,MS_Ashmole_59-part1
person_32160336,person_18015860,Undirected,MS_Ashmole_59-part1
person_32160336,person_27215170,Undirected,MS_Ashmole_59-part1
person_3219,person_39386049,Undirected,MS_Bodl_951
person_3219,person_2677,Undirected,MS_Bodl_951
person_3227,person_39246400,Undirected,MS_Bodl_270a
person_3227,person_3228,Undirected,MS_Bodl_270a
person_3230,person_2677,Undirected,MS_Bodl_98
person_3230,person_3229,Undirected,MS_Bodl_98
person_3231,person_3232,Undirected,MS_Bodl_153
person_3233,person_37261411,Undirected,MS_Bodl_630
person_32342619,person_51728429,Undirected,MS_Selden_Supra_39
person_32342661,person_11058091,Undirected,MS_Tanner_334
person_32363324,person_52779630,Undirected,MS_Lat_class_f_6
person_32363324,person_73979081,Undirected,MS_Lat_class_f_6
person_3238,person_100218411,Undirected,MS_Bodl_110
person_3238,person_3239,Undirected,MS_Bodl_110
person_3238,person_3237,Undirected,MS_Bodl_110
person_3240,person_55215473,Undirected,MS_Bodl_54
person_3242,person_3243,Undirected,MS_Bodl_117
person_3247,person_2677,Undirected,MS_Bodl_127
person_3248,person_44167598,Undirected,MS_Bodl_474
person_3249,person_39246400,Undirected,MS_Bodl_475
person_3249,person_3250,Undirected,MS_Bodl_475
person_3251,person_2677,Undirected,MS_Bodl_636-part2
person_3253,person_3254,Undirected,MS_Bodl_477
person_3253,person_3255,Undirected,MS_Bodl_477
person_3253,person_64045128,Undirected,MS_Bodl_477
person_3253,person_3256,Undirected,MS_Bodl_477
person_326,person_309,Undirected,MS_Lat_th_f_19
person_3260,person_3262,Undirected,MS_Bodl_163
person_3260,person_3261,Undirected,MS_Bodl_163
person_3263,person_3194,Undirected,MS_Bodl_570
person_3266,person_39246400,Undirected,MS_Bodl_207
person_327,person_277168444,Undirected,MS_Finch_e_25
person_327,person_498,Undirected,MS_Finch_e_25
person_3270,person_2677,Undirected,MS_Bodl_169
person_3271,person_3272,Undirected,MS_Auct_D_3_4
person_3271,person_3273,Undirected,MS_Auct_D_3_4
person_3271,person_44167598,Undirected,MS_Auct_D_3_4
person_3275,person_3274,Undirected,MS_Bodl_173
person_3276,person_64132346,Undirected,MS_Bodl_212
person_3279,person_3280,Undirected,MS_Bodl_607
person_3281,person_100218411,Undirected,MS_Bodl_608
person_3283,person_15121578,Undirected,MS_Bodl_483
person_32834741,person_5019,Undirected,MS_Laud_Lat_2
person_32834741,person_54940373,Undirected,MS_Laud_Lat_2
person_32862995,person_446,Undirected,MS_Canon_Ital_85
person_32862995,person_2384880,Undirected,MS_Canon_Ital_85
person_3287,person_3288,Undirected,MS_Bodl_485
person_3287,person_39386049,Undirected,MS_Bodl_485
person_3287,person_3286,Undirected,MS_Bodl_485
person_3290,person_2956,Undirected,MS_Bodl_65
person_3291,person_2956,Undirected,MS_Auct_F_5_30
person_3291,person_2956,Undirected,MS_Bodl_489
person_3293,person_55215473,Undirected,MS_Bodl_66
person_3295,person_100183464,Undirected,MS_Auct_F_2_16
person_3297,person_3298,Undirected,MS_Bodl_182
person_3297,person_3223,Undirected,MS_Bodl_182
person_3299,person_25374986,Undirected,MS_Bodl_491
person_3300,person_25374986,Undirected,MS_Bodl_302
person_3302,person_100218411,Undirected,MS_Bodl_487
person_3303,person_3262,Undirected,MS_Bodl_188
person_3305,person_138999790,Undirected,MS_Hatton_116
person_3305,person_37729288,Undirected,MS_Hatton_76
person_3305,person_59225563,Undirected,MS_Hatton_116
person_3305,person_37729288,Undirected,MS_Hatton_116
person_3307,person_3306,Undirected,MS_Auct_D_4_12-part1
person_3308,person_37029945,Undirected,MS_Bodl_493
person_3315,person_100183464,Undirected,MS_Bodl_809
person_33157045,person_69848690,Undirected,MS_Douce_1
person_33157045,person_69848690,Undirected,MS_Douce_296
person_33157045,person_4713,Undirected,MS_Douce_296
person_33157045,person_69848690,Undirected,MS_Douce_231
person_3316,person_3315,Undirected,MS_Bodl_310-part2
person_3321,person_3322,Undirected,MS_Auct_D_2_18
person_3330,person_3331,Undirected,MS_Bodl_68
person_3333,person_3334,Undirected,MS_Auct_F_5_27
person_3340,person_3337,Undirected,MS_Auct_F_5_19
person_3340,person_3339,Undirected,MS_Auct_F_5_19
person_3340,person_3338,Undirected,MS_Auct_F_5_19
person_3344,person_3345,Undirected,MS_Bodl_618
person_3344,person_3349,Undirected,MS_Bodl_618
person_3344,person_4601,Undirected,St_Johns_College_MS_173
person_3344,person_3350,Undirected,MS_Bodl_618
person_3344,person_3346,Undirected,MS_Bodl_618
person_3344,person_3348,Undirected,MS_Bodl_618
person_3344,person_64045128,Undirected,MS_Bodl_618
person_3347,person_25374986,Undirected,MS_Auct_F_6_4
person_3347,person_3176,Undirected,MS_Auct_F_6_4
person_3351,person_3338,Undirected,MS_Bodl_619
person_3352,person_3354,Undirected,MS_Bodl_622
person_3352,person_3353,Undirected,MS_Bodl_622
person_3352,person_3356,Undirected,MS_Bodl_622
person_3352,person_3357,Undirected,MS_Bodl_622
person_3352,person_3355,Undirected,MS_Bodl_622
person_3352,person_100218411,Undirected,MS_Bodl_622
person_33565404,person_37729288,Undirected,MS_Hatton_42
person_3359,person_3358,Undirected,MS_Bodl_623
person_3361,person_8145335,Undirected,MS_Holkham_Gr_83
person_3361,person_708147266563635480392,Undirected,MS_Holkham_Gr_83
person_3376,person_54195353,Undirected,MS_Hamilton_10
person_3378,person_24953683,Undirected,MS_Hamilton_38
person_3378,person_54195353,Undirected,MS_Hamilton_38
person_3385,person_29543710,Undirected,MS_Rawl_G_109
person_3385,person_47563478,Undirected,MS_Rawl_G_109
person_3387,person_59434961,Undirected,St_Johns_College_MS_19
person_3388,person_54940373,Undirected,St_Johns_College_MS_117
person_3398,person_37266689,Undirected,MS_Bodl_507
person_3398,person_3777,Undirected,MS_Wood_empt_13
person_3398,person_15121578,Undirected,MS_Bodl_679
person_3398,person_47563478,Undirected,MS_Rawl_B_150
person_3398,person_14803186,Undirected,MS_Wood_empt_13
person_3398,person_15121578,Undirected,MS_Bodl_507
person_3399,person_3400,Undirected,MS_Auct_F_2_19
person_3399,person_2990,Undirected,MS_Auct_F_2_19
person_3399,person_100177277,Undirected,MS_Auct_F_2_19
person_3406,person_3407,Undirected,MS_Bodl_514
person_3407947,person_237497,Undirected,MS_Auct_F_4_28
person_3407947,person_95302161,Undirected,MS_Auct_F_4_28
person_3407947,person_95302161,Undirected,MS_Rawl_G_101
person_3407947,person_2857,Undirected,MS_Rawl_G_101
person_3407947,person_47563478,Undirected,MS_Rawl_G_101
person_3408,person_3322,Undirected,MS_Bodl_515
person_3409,person_3410,Undirected,MS_Auct_F_2_20
person_3409,person_100218411,Undirected,MS_Auct_F_2_20
person_3413,person_3414,Undirected,MS_Bodl_580
person_3417,person_100218411,Undirected,MS_Auct_F_5_8
person_3420,person_3421,Undirected,MS_Bodl_234
person_3422,person_3223,Undirected,MS_Bodl_642
person_3427,person_3426,Undirected,MS_Liturg_402
person_3427,person_78500588,Undirected,MS_Liturg_402
person_3430,person_446,Undirected,MS_Canon_Liturg_340
person_3430,person_2384880,Undirected,MS_Canon_Liturg_340
person_3431,person_446,Undirected,MS_Canon_Liturg_388
person_3431,person_2384880,Undirected,MS_Canon_Liturg_388
person_3432,person_446,Undirected,MS_Canon_Liturg_391
person_3432,person_2384880,Undirected,MS_Canon_Liturg_391
person_3433,person_54940373,Undirected,MS_Laud_Misc_355
person_3433,person_54940373,Undirected,MS_Laud_Misc_394
person_3436,person_3435,Undirected,MS_Bodl_352
person_3437,person_54940373,Undirected,MS_Laud_Misc_676
person_3444,person_100212546,Undirected,MS_Savile_55
person_3444,person_3445,Undirected,MS_Savile_55
person_3444,person_89752029,Undirected,MS_Savile_55
person_3444,person_39386049,Undirected,MS_Savile_55
person_34459614,person_884,Undirected,MS_Lat_misc_e_122-part1
person_3449,person_3448,Undirected,MS_Laud_Misc_617
person_3449,person_54940373,Undirected,MS_Laud_Misc_617
person_3450,person_4604,Undirected,St_Johns_College_MS_5
person_3450,person_4604,Undirected,St_Johns_College_MS_5
person_3450,person_3194,Undirected,MS_Bodl_408
person_3451,person_27215170,Undirected,MS_Ashmole_1291
person_3451,person_3452,Undirected,MS_Ashmole_1291
person_34512366,person_3527,Undirected,MS_Bodl_959
person_34512366,person_3527,Undirected,MS_Bodl_665
person_3454,person_3455,Undirected,MS_Add_C_15
person_3454,person_19743305,Undirected,MS_Add_C_15
person_3456,person_34804713,Undirected,MS_Douce_85
person_3456,person_69848690,Undirected,MS_Douce_85
person_34569564,person_2622547,Undirected,MS_Rawl_A_417
person_34569564,person_66318024,Undirected,MS_Rawl_A_417
person_34569564,person_2890,Undirected,MS_Rawl_A_417
person_34569564,person_88890900,Undirected,MS_Rawl_A_417
person_34569564,person_47563478,Undirected,MS_Rawl_A_417
person_3457,person_237497,Undirected,MS_Lat_misc_e_2
person_34580474,person_53056049,Undirected,MS_Broxb_895
person_34580474,person_112166886,Undirected,MS_Lat_th_d_12
person_34580474,person_73979081,Undirected,MS_Lat_th_d_12
person_34580474,person_73979081,Undirected,MS_Broxb_895
person_34580474,person_73979081,Undirected,MS_Lyell_empt_9
person_34580474,person_64157046,Undirected,MS_Lyell_65
person_34580474,person_73979081,Undirected,MS_Lat_hist_e_2
person_34580474,person_172,Undirected,MS_Lat_hist_e_2
person_34580474,person_168027631,Undirected,MS_Lyell_empt_9
person_34580474,person_73979081,Undirected,MS_Lyell_65
person_3459,person_44404217,Undirected,MS_Lat_bib_d_10
person_34590390,person_34613848,Undirected,MS_Lat_misc_c_62
person_34590390,person_2833007,Undirected,MS_Lat_misc_c_62
person_34616793,person_2622547,Undirected,MS_DOrville_1
person_34616793,person_3393,Undirected,MS_DOrville_1
person_34616793,person_3392,Undirected,MS_DOrville_1
person_34616793,person_3394,Undirected,MS_DOrville_1
person_34616793,person_6153773396861430339,Undirected,MS_DOrville_1
person_34616793,person_24945908,Undirected,MS_DOrville_1
person_3464,person_3220,Undirected,MS_Bodl_851
person_3467,person_49357645,Undirected,MS_Digby_185
person_3467,person_3470,Undirected,MS_Digby_185
person_3468,person_3469,Undirected,MS_Digby_185-part2
person_34703866,person_3859,Undirected,MS_Barlow_11
person_34703866,person_465,Undirected,MS_Barlow_11
person_3473,person_47563478,Undirected,MS_Rawl_G_22
person_3473,person_3472,Undirected,MS_Rawl_G_22
person_3477,person_446,Undirected,MS_Canon_Misc_567
person_3477,person_2384880,Undirected,MS_Canon_Misc_567
person_3477,person_308770014,Undirected,MS_Canon_Misc_567
person_3478,person_446,Undirected,MS_Canon_Ital_115
person_3478,person_2384880,Undirected,MS_Canon_Ital_115
person_3480,person_3481,Undirected,MS_Lat_bib_b_1-part18
person_3480,person_3484,Undirected,MS_Lat_bib_b_1-part18
person_3480,person_3483,Undirected,MS_Lat_bib_b_1-part18
person_3480,person_3482,Undirected,MS_Lat_bib_b_1-part18
person_34846891,person_3393,Undirected,MS_DOrville_147
person_34846891,person_24945908,Undirected,MS_DOrville_147
person_34846891,person_3394,Undirected,MS_DOrville_147
person_34846891,person_3392,Undirected,MS_DOrville_147
person_3485,person_62331564,Undirected,MS_Lat_bib_c_1-part1
person_3485,person_39249508,Undirected,MS_Lat_bib_c_1-part1
person_3485,person_70469306,Undirected,MS_Lat_bib_c_1-part1
person_3486,person_65448642,Undirected,MS_Tanner_346
person_3486,person_32342661,Undirected,MS_Tanner_346
person_3486,person_11058091,Undirected,MS_Tanner_346
person_3486,person_3488,Undirected,MS_Tanner_346
person_3486,person_3487,Undirected,MS_Tanner_346
person_3492,person_2867,Undirected,MS_Jones_59
person_3492,person_3494,Undirected,MS_Jones_59
person_3492,person_3496,Undirected,MS_Jones_59
person_3492,person_3497,Undirected,MS_Jones_59
person_3492,person_3494,Undirected,MS_Jones_59
person_3492,person_3498,Undirected,MS_Jones_59
person_3492,person_3495,Undirected,MS_Jones_59
person_3492,person_3493,Undirected,MS_Jones_59
person_3500,person_3501,Undirected,MS_Ashmole_1523
person_3500,person_27215170,Undirected,MS_Ashmole_1523
person_3500,person_88670472,Undirected,MS_Ashmole_1523
person_3504,person_54940373,Undirected,MS_Laud_Misc_204
person_3505,person_3509,Undirected,MS_Bodl_264
person_3505,person_3506,Undirected,MS_Bodl_264
person_3505,person_3507,Undirected,MS_Bodl_264
person_3505,person_3508,Undirected,MS_Bodl_264
person_3505,person_2677,Undirected,MS_Bodl_456
person_3511,person_3512,Undirected,MS_Laud_Misc_545
person_3511,person_54940373,Undirected,MS_Laud_Misc_545
person_3511,person_3512,Undirected,MS_Laud_Misc_545
person_3511,person_56550656,Undirected,MS_Laud_Misc_545
person_3517,person_3516,Undirected,MS_Rawl_C_86-part2
person_3518,person_47563478,Undirected,MS_Rawl_C_86
person_3518,person_44174824,Undirected,MS_Rawl_C_86
person_3518,person_49112785,Undirected,MS_Rawl_C_86
person_3519,person_68971787,Undirected,MS_Add_A_268
person_3519,person_3520,Undirected,MS_Add_A_268
person_3523,person_3524,Undirected,MS_Digby_145
person_3523,person_49357645,Undirected,MS_Digby_145
person_3523,person_88670768,Undirected,MS_Digby_145
person_3530,person_3392,Undirected,MS_DOrville_536
person_3530,person_24945908,Undirected,MS_DOrville_536
person_3530,person_2622547,Undirected,MS_DOrville_536
person_3530,person_3393,Undirected,MS_DOrville_536
person_3530,person_3394,Undirected,MS_DOrville_536
person_3532,person_446,Undirected,MS_Canon_Ital_49
person_3532,person_2384880,Undirected,MS_Canon_Ital_49
person_3540,person_446,Undirected,MS_Canon_Ital_260
person_3540,person_308770014,Undirected,MS_Canon_Ital_260
person_3540,person_2384880,Undirected,MS_Canon_Ital_260
person_3542,person_3394,Undirected,MS_DOrville_167
person_3542,person_3393,Undirected,MS_DOrville_167
person_3542,person_3392,Undirected,MS_DOrville_167
person_3542,person_292560670,Undirected,MS_DOrville_167
person_3542,person_24945908,Undirected,MS_DOrville_167
person_3542,person_283293486,Undirected,MS_DOrville_167
person_3543,person_3544,Undirected,MS_Canon_Class_Lat_8
person_3543,person_2384880,Undirected,MS_Canon_Class_Lat_8
person_3543,person_446,Undirected,MS_Canon_Class_Lat_8
person_3543,person_1226,Undirected,MS_Canon_Class_Lat_8
person_3545,person_74654593,Undirected,MS_Fairfax_3
person_3545,person_290699274,Undirected,MS_Fairfax_3
person_3547,person_24693935,Undirected,MS_Roe_9
person_3549,person_446,Undirected,MS_Canon_Misc_131
person_3549,person_2384880,Undirected,MS_Canon_Misc_131
person_3549,person_3550,Undirected,MS_Canon_Misc_131
person_3552,person_41944166,Undirected,MS_Gough_Liturg_3
person_3552,person_41970552,Undirected,MS_Gough_Liturg_3
person_3552,person_3553,Undirected,MS_Gough_Liturg_3
person_35523287,person_8145335,Undirected,MS_Holkham_Gr_100
person_3555,person_1203,Undirected,MS_Rawl_poet_137
person_3555,person_3556,Undirected,MS_Rawl_poet_137
person_3555,person_47563478,Undirected,MS_Rawl_poet_137
person_3557,person_49357645,Undirected,MS_Digby_181
person_3558,person_3559,Undirected,MS_Bodl_526
person_3558,person_39246400,Undirected,MS_Bodl_526
person_3566,person_51728429,Undirected,MS_Selden_Supra_87
person_3568,person_3569,Undirected,MS_Bodl_280
person_3568,person_2919,Undirected,MS_Bodl_280
person_3568,person_2920,Undirected,MS_Bodl_280
person_3568,person_3570,Undirected,MS_Bodl_280
person_3568,person_67932423,Undirected,MS_Bodl_280
person_3571,person_3566,Undirected,MS_Bodl_701
person_3571,person_3572,Undirected,MS_Bodl_701
person_3573,person_2956,Undirected,MS_Bodl_814
person_3573,person_3574,Undirected,MS_Bodl_814
person_3651,person_47563478,Undirected,MS_Rawl_poet_32
person_3651,person_51566395,Undirected,MS_Rawl_poet_32
person_3651,person_4715,Undirected,MS_Rawl_poet_32
person_3651,person_86387382,Undirected,MS_Rawl_poet_32
person_3652,person_2617,Undirected,MS_Bodl_400
person_3653,person_3654,Undirected,MS_Bodl_320
person_3656,person_3657,Undirected,MS_Bodl_294
person_3656,person_3658,Undirected,MS_Bodl_294
person_3656,person_3326,Undirected,MS_Bodl_294
person_366,person_2384880,Undirected,MS_Canon_Misc_116
person_366,person_446,Undirected,MS_Canon_Misc_116
person_3663,person_309623411,Undirected,MS_Don_e_247
person_3663,person_3662,Undirected,MS_Don_e_247
person_3665,person_3666,Undirected,MS_Ashmole_189-part2
person_3667,person_3669,Undirected,MS_Ashmole_189-part1
person_3667,person_3668,Undirected,MS_Ashmole_189-part1
person_3671,person_3670,Undirected,MS_Bodl_419
person_3671,person_172419710,Undirected,MS_Bodl_419
person_3671,person_76469410,Undirected,MS_Bodl_419
person_3673,person_280649480,Undirected,MS_Tanner_190
person_3673,person_44307104,Undirected,MS_Tanner_190
person_3673,person_11058091,Undirected,MS_Tanner_190
person_3674,person_54940373,Undirected,MS_Laud_Misc_579
person_36772034,person_3987,Undirected,MS_Rawl_C_16
person_36772034,person_37729288,Undirected,MS_Hatton_57
person_36772034,person_47563478,Undirected,MS_Rawl_C_16
person_36772034,person_3986,Undirected,MS_Rawl_C_16
person_36772034,person_3472,Undirected,MS_Rawl_C_16
person_36772034,person_3988,Undirected,MS_Rawl_C_16
person_3678,person_54940373,Undirected,MS_Laud_Misc_2
person_3680,person_3679,Undirected,MS_Ashmole_1511
person_3680,person_46676921,Undirected,MS_Ashmole_1511
person_3680,person_50572068,Undirected,MS_Ashmole_1511
person_3680,person_42620183,Undirected,MS_Ashmole_1511
person_3680,person_27215170,Undirected,MS_Ashmole_1511
person_3683,person_27215170,Undirected,MS_Ashmole_1450
person_3683,person_3684,Undirected,MS_Ashmole_1450
person_3686,person_3685,Undirected,MS_Bodl_461
person_3686,person_3688,Undirected,MS_Bodl_461
person_3686,person_2677,Undirected,MS_Bodl_461
person_3686,person_3687,Undirected,MS_Bodl_461
person_3689,person_3326,Undirected,MS_Bodl_533
person_369,person_52779630,Undirected,MS_Lat_bib_e_5
person_369,person_811,Undirected,MS_Lat_bib_e_5
person_369,person_24859359,Undirected,MS_Lat_bib_e_5
person_3690,person_3692,Undirected,MS_Bodl_531
person_3690,person_3693,Undirected,MS_Bodl_531
person_3690,person_3691,Undirected,MS_Bodl_531
person_3690,person_51973268,Undirected,MS_Bodl_531
person_3690,person_51973268,Undirected,MS_Bodl_531
person_36927371,person_47115617,Undirected,MS_Auct_E_1_11
person_3695,person_3696,Undirected,MS_Bodl_429
person_3701,person_3702,Undirected,MS_Bodl_902
person_3701,person_3700,Undirected,MS_Bodl_902
person_3701,person_3703,Undirected,MS_Bodl_902
person_37029945,person_65451788,Undirected,MS_Auct_E_1_16
person_3704,person_76469410,Undirected,MS_Auct_D_2_20
person_37078610,person_4269,Undirected,Merton_College_MS_7
person_37078610,person_4268,Undirected,Merton_College_MS_7
person_37078610,person_4270,Undirected,Merton_College_MS_7
person_3709,person_3706,Undirected,MS_Bodl_376
person_3709,person_3707,Undirected,MS_Bodl_376
person_3709,person_3708,Undirected,MS_Bodl_376
person_3711,person_3710,Undirected,MS_Bodl_85
person_3712,person_61149196262174790703,Undirected,MS_Bodl_754
person_3714,person_100183464,Undirected,MS_Bodl_839
person_3715,person_61149196262174790703,Undirected,MS_Bodl_840
person_3715,person_3717,Undirected,MS_Bodl_840
person_3715,person_3716,Undirected,MS_Bodl_840
person_3723,person_44167598,Undirected,MS_Bodl_823
person_37261411,person_24542023,Undirected,MS_Bodl_181
person_37266689,person_15121578,Undirected,MS_Bodl_432
person_37266689,person_15121578,Undirected,MS_Bodl_536
person_37266689,person_15121578,Undirected,MS_Bodl_517
person_37266689,person_15121578,Undirected,MS_Bodl_1031
person_37266689,person_15121578,Undirected,MS_Bodl_620
person_37297979,person_271,Undirected,MS_Lat_liturg_e_14
person_37297979,person_271,Undirected,MS_Lat_th_e_15
person_3730,person_100183464,Undirected,MS_Bodl_687
person_3730,person_3728,Undirected,MS_Bodl_687
person_3730,person_3727,Undirected,MS_Bodl_687
person_3730,person_3726,Undirected,MS_Bodl_687
person_3730,person_3729,Undirected,MS_Bodl_687
person_3730,person_3566,Undirected,MS_Bodl_687
person_3731,person_3732,Undirected,MS_Bodl_736
person_3734,person_465,Undirected,MS_Barlow_3
person_3734,person_3735,Undirected,MS_Barlow_3
person_3736,person_3737,Undirected,MS_Barlow_20
person_3736,person_465,Undirected,MS_Barlow_20
person_3736,person_3738,Undirected,MS_Barlow_20
person_3736,person_465,Undirected,MS_Barlow_20
person_3739,person_3562,Undirected,MS_Bodl_411
person_3739,person_3563,Undirected,MS_Bodl_411
person_3739,person_3564,Undirected,MS_Bodl_411
person_3739,person_76469410,Undirected,MS_Bodl_411
person_3739,person_172419710,Undirected,MS_Bodl_411
person_3739,person_3741,Undirected,MS_Bodl_411
person_3739,person_3740,Undirected,MS_Bodl_411
person_3746,person_3751,Undirected,MS_Bodl_75
person_3746,person_3750,Undirected,MS_Bodl_75
person_3746,person_3749,Undirected,MS_Bodl_75
person_3746,person_3748,Undirected,MS_Bodl_75
person_3746,person_3747,Undirected,MS_Bodl_75
person_3757,person_71740714,Undirected,MS_Bodl_780
person_3758,person_54940373,Undirected,MS_Laud_Misc_609
person_3758,person_3759,Undirected,MS_Laud_Misc_609
person_3758,person_3760,Undirected,MS_Laud_Misc_609
person_3758,person_3761,Undirected,MS_Laud_Misc_609
person_3758,person_3762,Undirected,MS_Laud_Misc_609
person_3758,person_3763,Undirected,MS_Laud_Misc_609
person_3758,person_3764,Undirected,MS_Laud_Misc_609
person_3765,person_27215170,Undirected,MS_Ashmole_43
person_3765,person_12655444,Undirected,MS_Ashmole_43
person_3768,person_1063159233907303370153,Undirected,MS_Douce_18
person_3768,person_4509,Undirected,MS_Douce_18
person_3768,person_69848690,Undirected,MS_Douce_18
person_3768,person_47563478,Undirected,MS_Rawl_G_61
person_3769,person_37729288,Undirected,MS_Hatton_48
person_377,person_22146194,Undirected,MS_Buchanan_d_4
person_377,person_886,Undirected,MS_Buchanan_d_4
person_377,person_1012,Undirected,MS_Buchanan_d_4
person_377,person_19743305,Undirected,MS_Buchanan_d_4
person_377,person_442,Undirected,MS_Buchanan_d_4
person_377,person_44557546,Undirected,MS_Buchanan_d_4
person_3770,person_54940373,Undirected,MS_Laud_Misc_581
person_3770,person_3771,Undirected,MS_Laud_Misc_581
person_3770,person_4715,Undirected,MS_Laud_Misc_581
person_3770,person_4714,Undirected,MS_Laud_Misc_581
person_3772,person_47563478,Undirected,MS_Rawl_poet_223
person_3772,person_3775,Undirected,MS_Rawl_poet_223
person_3772,person_12208212,Undirected,MS_Rawl_poet_223
person_3772,person_3774,Undirected,MS_Rawl_poet_223
person_3772,person_3773,Undirected,MS_Rawl_poet_223
person_3772,person_69992429,Undirected,MS_Rawl_poet_223
person_37729288,person_59225563,Undirected,MS_Junius_121
person_3776,person_51728429,Undirected,MS_Selden_Supra_53
person_3779,person_2966,Undirected,MS_Bodl_529
person_37790832,person_45071137,Undirected,MS_Rawl_B_503
person_37790832,person_47563478,Undirected,MS_Rawl_C_168
person_37790832,person_45071137,Undirected,MS_Rawl_C_168
person_37790832,person_47563478,Undirected,MS_Rawl_B_503
person_37790832,person_45071137,Undirected,MS_Rawl_B_506
person_37790832,person_47563478,Undirected,MS_Rawl_B_506
person_37790832,person_25708606,Undirected,MS_Rawl_B_503
person_3780,person_3781,Undirected,MS_Bodl_941
person_37807295,person_53056049,Undirected,MS_Broxb_857
person_37807295,person_20486290,Undirected,MS_Broxb_857
person_3782,person_3784,Undirected,MS_Selden_Supra_70
person_3782,person_3783,Undirected,MS_Selden_Supra_70
person_3782,person_51728429,Undirected,MS_Selden_Supra_70
person_37849257,person_69848690,Undirected,MSS_Douce_219-20
person_37849257,person_285440418,Undirected,MSS_Douce_219-20
person_37849257,person_44572787,Undirected,MSS_Douce_219-20
person_37849257,person_3510,Undirected,MSS_Douce_219-20
person_37849257,person_89752946,Undirected,MSS_Douce_219-20
person_37849257,person_196294866,Undirected,MSS_Douce_219-20
person_3789,person_3790,Undirected,MS_Bodl_83
person_3793,person_3795,Undirected,MS_Bodl_649
person_3793,person_3794,Undirected,MS_Bodl_649
person_3797,person_2677,Undirected,MS_Bodl_651
person_3798,person_2677,Undirected,MS_Bodl_548
person_3803,person_3788,Undirected,MS_Bodl_546
person_3803,person_3802,Undirected,MS_Bodl_546
person_3803,person_3801,Undirected,MS_Bodl_546
person_3804,person_3805,Undirected,MS_Bodl_279
person_3808,person_2622547,Undirected,MS_Rawl_poet_161
person_3808,person_47563478,Undirected,MS_Rawl_poet_161
person_38081041,person_95302161,Undirected,MS_Auct_F_4_23
person_38081041,person_95302161,Undirected,MS_Auct_F_4_26
person_38081041,person_95302161,Undirected,MS_Auct_F_2_8
person_38081041,person_47563478,Undirected,MS_Rawl_G_102
person_38081041,person_237497,Undirected,MS_Auct_F_4_26
person_38081041,person_237497,Undirected,MS_Auct_F_4_23
person_3809,person_51728429,Undirected,MS_Selden_Supra_56
person_3810,person_51728429,Undirected,MS_Selden_Supra_68
person_3811,person_51728429,Undirected,MS_Selden_Supra_69
person_3811,person_3812,Undirected,MS_Selden_Supra_69
person_3814,person_3816,Undirected,MS_Bodl_921
person_3814,person_3815,Undirected,MS_Bodl_921
person_38163710,person_3010,Undirected,MS_Bodl_743
person_38163710,person_54940373,Undirected,MS_Laud_Misc_188
person_3817,person_286746619,Undirected,MS_Bodl_729
person_3819,person_5103,Undirected,MS_Bodl_421
person_3820,person_44167598,Undirected,MS_Bodl_423-part2
person_3820,person_3821,Undirected,MS_Bodl_423-part2
person_3822,person_44167598,Undirected,MS_Bodl_423-part3
person_3825,person_44167598,Undirected,MS_Bodl_555
person_3825,person_3826,Undirected,MS_Bodl_555
person_3827,person_44167598,Undirected,MS_Auct_D_2_9
person_3829,person_3194,Undirected,MS_Auct_D_1_19
person_383,person_277,Undirected,MS_Lat_hist_c_10
person_3831,person_91800083,Undirected,MS_Bodl_283
person_3832,person_3830,Undirected,MS_Rawl_G_135
person_3832,person_3824,Undirected,MS_Rawl_G_135
person_3832,person_47563478,Undirected,MS_Rawl_G_135
person_3834,person_3835,Undirected,MS_Bodl_559
person_3834,person_3837,Undirected,MS_Bodl_559
person_3834,person_3836,Undirected,MS_Bodl_559
person_3838,person_3326,Undirected,MS_Bodl_562
person_3840,person_3839,Undirected,MS_Rawl_G_112
person_3840,person_1203,Undirected,MS_Rawl_G_112
person_3840,person_47563478,Undirected,MS_Rawl_G_112
person_3841,person_69848690,Undirected,MS_Douce_347
person_3841,person_3338,Undirected,MS_Bodl_430
person_3841,person_60017882,Undirected,MS_Douce_347
person_3843,person_3392,Undirected,MS_DOrville_19
person_3843,person_3394,Undirected,MS_DOrville_19
person_3843,person_3393,Undirected,MS_DOrville_19
person_3843,person_24945908,Undirected,MS_DOrville_19
person_3844,person_64132346,Undirected,MS_Auct_F_2_10
person_3844,person_3845,Undirected,MS_Auct_F_2_10
person_3846,person_3847,Undirected,MS_Bodl_433
person_3846,person_2966,Undirected,MS_Bodl_433
person_3846,person_3848,Undirected,MS_Bodl_433
person_3849,person_3850,Undirected,MS_Bodl_436
person_3851,person_92189357,Undirected,MS_Auct_F_6_28
person_3853,person_3855,Undirected,MS_Bodl_440
person_3853,person_3854,Undirected,MS_Bodl_440
person_3853,person_39246400,Undirected,MS_Bodl_440
person_3853,person_3858,Undirected,MS_Bodl_440
person_3853,person_3857,Undirected,MS_Bodl_440
person_3853,person_3856,Undirected,MS_Bodl_440
person_3860,person_3126,Undirected,MS_Bodl_442
person_3860,person_3861,Undirected,MS_Bodl_442
person_3862,person_3864,Undirected,MS_Bodl_445
person_3862,person_2965,Undirected,MS_Bodl_445
person_3862,person_3863,Undirected,MS_Bodl_445
person_3865,person_37266689,Undirected,MS_Auct_D_3_3
person_3868,person_2677,Undirected,MS_Bodl_825
person_3870,person_3871,Undirected,MS_Bodl_733
person_3873,person_2677,Undirected,MS_Bodl_857
person_3874,person_237497,Undirected,MS_Auct_F_6_7
person_3876,person_3877,Undirected,MS_Auct_F_2_5
person_3876,person_237497,Undirected,MS_Auct_F_2_5
person_3876,person_95302161,Undirected,MS_Auct_F_2_5
person_3879,person_3880,Undirected,MS_Bodl_918
person_3883,person_3878,Undirected,MS_Barlow_4
person_3883,person_465,Undirected,MS_Barlow_4
person_3883,person_465,Undirected,MS_Barlow_4
person_3887,person_237497,Undirected,MS_Auct_F_6_8
person_3889,person_25374986,Undirected,MS_Bodl_916
person_3891,person_3893,Undirected,MS_Auct_D_5_11
person_3891,person_3894,Undirected,MS_Auct_D_5_11
person_3891,person_3892,Undirected,MS_Auct_D_5_11
person_3895,person_3896,Undirected,MS_Bodl_647
person_3898,person_41961971,Undirected,Lincoln_College_MS_Gr_7
person_3898,person_3899,Undirected,Lincoln_College_MS_Gr_7
person_38996141,person_25374986,Undirected,MS_Digby_90
person_38996141,person_49357645,Undirected,MS_Digby_90
person_3901,person_41961971,Undirected,Lincoln_College_MS_Gr_14
person_3902,person_3903,Undirected,MS_Bodl_626
person_3902,person_3905,Undirected,MS_Bodl_626
person_3902,person_3904,Undirected,MS_Bodl_626
person_3907,person_51728429,Undirected,MS_Selden_Superius_111
person_3907,person_3908,Undirected,MS_Selden_Superius_111
person_3911,person_51728429,Undirected,MS_Arch_Selden_B_11
person_3911,person_3912,Undirected,MS_Arch_Selden_B_11
person_3913,person_51728429,Undirected,MS_Selden_Supra_49
person_3913,person_51728429,Undirected,MS_Selden_Supra_48
person_3913,person_100187947,Undirected,MS_Selden_Supra_49
person_3914,person_69848690,Undirected,MS_Douce_42
person_3916,person_29543710,Undirected,MS_Rawl_D_913_103-105
person_3917,person_3918,Undirected,MS_Add_C_280
person_3917,person_3919,Undirected,MS_Add_C_280
person_3924,person_446,Undirected,MS_Canon_Liturg_10
person_3924,person_2384880,Undirected,MS_Canon_Liturg_10
person_39249508,person_69848690,Undirected,MS_Douce_84
person_39249508,person_49214230,Undirected,MS_Douce_84
person_39249508,person_198,Undirected,MS_Lat_th_e_35
person_39249508,person_42212849,Undirected,MS_Lat_th_e_35
person_39249508,person_63873133,Undirected,MS_Top_gen_c_62
person_39249508,person_46635985,Undirected,MS_Top_gen_c_62
person_39249508,person_50024557,Undirected,MS_Douce_341
person_39249508,person_73979081,Undirected,MS_Eng_hist_c_775
person_39249508,person_46635985,Undirected,MS_Eng_hist_c_775
person_39249508,person_73979081,Undirected,MS_Top_gen_c_62
person_39249508,person_73979081,Undirected,MS_Eng_hist_b_229
person_39249508,person_69848690,Undirected,MS_Douce_341
person_39249508,person_56951183,Undirected,MS_Top_gen_c_62
person_39249508,person_41970552,Undirected,MS_Gough_Camb_22
person_39249508,person_46635985,Undirected,MS_Eng_hist_b_229
person_39249508,person_69848690,Undirected,MS_Douce_129
person_39249508,person_33157045,Undirected,MS_Douce_129
person_39249508,person_22015306,Undirected,MS_Gough_Camb_22
person_3925,person_54940373,Undirected,MS_Laud_Lat_81
person_3926,person_3393,Undirected,MS_DOrville_180
person_3926,person_3392,Undirected,MS_DOrville_180
person_3926,person_24945908,Undirected,MS_DOrville_180
person_3926,person_3394,Undirected,MS_DOrville_180
person_3928,person_100218411,Undirected,MS_Savile_22
person_3928,person_3927,Undirected,MS_Savile_22
person_3928,person_3930,Undirected,MS_Savile_22
person_3928,person_3929,Undirected,MS_Savile_22
person_393,person_1104,Undirected,MS_Don_e_201
person_3931,person_51728429,Undirected,MS_Selden_Supra_36-star
person_3935,person_51728429,Undirected,MS_Selden_Supra_57
person_3935,person_41868983,Undirected,MS_Selden_Supra_57
person_3935,person_49061771,Undirected,MS_Selden_Supra_57
person_3937,person_3936,Undirected,MS_Auct_D_4_2
person_3937,person_37261411,Undirected,MS_Auct_D_4_2
person_3937,person_167824979,Undirected,MS_Auct_D_4_2
person_39382430,person_57529656,Undirected,MS_Canon_Pat_Lat_210
person_39382430,person_2384880,Undirected,MS_Canon_Pat_Lat_210
person_39382430,person_57529656,Undirected,MS_Canon_Pat_Lat_229-part3
person_39382430,person_446,Undirected,MS_Canon_Pat_Lat_210
person_39382430,person_63928460,Undirected,Exeter_College_MS_186
person_39382430,person_3235,Undirected,Exeter_College_MS_186
person_39382430,person_89608307,Undirected,Exeter_College_MS_186
person_39382430,person_4373,Undirected,Exeter_College_MS_186
person_39382430,person_32363324,Undirected,Exeter_College_MS_186
person_39382430,person_10208215,Undirected,Exeter_College_MS_186
person_39386049,person_25374986,Undirected,MS_Digby_77-part1
person_39386049,person_72196277,Undirected,MS_Digby_178-part2
person_3939,person_3938,Undirected,MS_Barlow_22
person_3939,person_465,Undirected,MS_Barlow_22
person_39399735,person_3392,Undirected,MS_DOrville_181
person_39399735,person_3393,Undirected,MS_DOrville_181
person_39399735,person_3394,Undirected,MS_DOrville_181
person_39399735,person_24945908,Undirected,MS_DOrville_181
person_39399735,person_3394,Undirected,MS_DOrville_25
person_39399735,person_3393,Undirected,MS_DOrville_25
person_39399735,person_3392,Undirected,MS_DOrville_25
person_39399735,person_24945908,Undirected,MS_DOrville_25
person_3940,person_3394,Undirected,MS_DOrville_179
person_3940,person_3392,Undirected,MS_DOrville_179
person_3940,person_24945908,Undirected,MS_DOrville_179
person_3940,person_3393,Undirected,MS_DOrville_179
person_39400425,person_73979081,Undirected,MS_Lat_class_c_15_P
person_39400425,person_316668620,Undirected,MS_Lat_class_c_15_P
person_3942,person_3394,Undirected,MS_DOrville_182
person_3942,person_3392,Undirected,MS_DOrville_182
person_3942,person_3393,Undirected,MS_DOrville_182
person_3942,person_24945908,Undirected,MS_DOrville_182
person_3943,person_54940373,Undirected,MS_Laud_Lat_17
person_3944,person_3394,Undirected,MS_DOrville_2
person_3944,person_24945908,Undirected,MS_DOrville_60
person_3944,person_3392,Undirected,MS_DOrville_2
person_3944,person_3392,Undirected,MS_DOrville_60
person_3944,person_3393,Undirected,MS_DOrville_60
person_3944,person_24945908,Undirected,MS_DOrville_2
person_3944,person_3393,Undirected,MS_DOrville_2
person_3944,person_3394,Undirected,MS_DOrville_60
person_3945,person_3946,Undirected,MS_DOrville_148
person_3945,person_24945908,Undirected,MS_DOrville_148
person_3945,person_3392,Undirected,MS_DOrville_148
person_3945,person_3393,Undirected,MS_DOrville_148
person_3945,person_3394,Undirected,MS_DOrville_148
person_3947,person_3392,Undirected,MS_DOrville_32
person_3947,person_3393,Undirected,MS_DOrville_32
person_3947,person_3394,Undirected,MS_DOrville_32
person_3947,person_122351851,Undirected,MS_DOrville_32
person_3947,person_24945908,Undirected,MS_DOrville_32
person_3948,person_24945908,Undirected,MS_DOrville_49
person_3948,person_3394,Undirected,MS_DOrville_49
person_3948,person_3393,Undirected,MS_DOrville_49
person_3948,person_3392,Undirected,MS_DOrville_49
person_3951,person_3392,Undirected,MS_DOrville_70
person_3951,person_3950,Undirected,MS_DOrville_70
person_3951,person_3394,Undirected,MS_DOrville_70
person_3951,person_3393,Undirected,MS_DOrville_70
person_3951,person_24945908,Undirected,MS_DOrville_70
person_3952,person_3393,Undirected,MS_DOrville_168
person_3952,person_3394,Undirected,MS_DOrville_168
person_3952,person_3392,Undirected,MS_DOrville_168
person_3952,person_24945908,Undirected,MS_DOrville_168
person_3953,person_3392,Undirected,MS_DOrville_84
person_3953,person_3394,Undirected,MS_DOrville_84
person_3953,person_3393,Undirected,MS_DOrville_84
person_3953,person_24945908,Undirected,MS_DOrville_84
person_3954,person_3392,Undirected,MS_DOrville_87
person_3954,person_24945908,Undirected,MS_DOrville_87
person_3954,person_3393,Undirected,MS_DOrville_87
person_3954,person_3394,Undirected,MS_DOrville_87
person_3955,person_3394,Undirected,MS_DOrville_96
person_3955,person_3392,Undirected,MS_DOrville_96
person_3955,person_3393,Undirected,MS_DOrville_96
person_3955,person_24945908,Undirected,MS_DOrville_96
person_3957,person_69848690,Undirected,MS_Douce_136
person_3957,person_3958,Undirected,MS_Douce_136
person_3957,person_3956,Undirected,MS_Douce_136
person_3957,person_42663390,Undirected,MS_Douce_136
person_3957,person_6414873,Undirected,MS_Douce_136
person_3961,person_54940373,Undirected,MS_Laud_Lat_114
person_3962,person_3963,Undirected,MS_Ashmole_39
person_3962,person_27215170,Undirected,MS_Ashmole_39
person_3962,person_27215170,Undirected,MS_Ashmole_39
person_3962,person_3964,Undirected,MS_Ashmole_39
person_3962,person_3966,Undirected,MS_Ashmole_39
person_3962,person_3965,Undirected,MS_Ashmole_39
person_3967,person_3394,Undirected,MS_DOrville_163
person_3967,person_2384880,Undirected,MS_Canon_Ital_46
person_3967,person_59942541,Undirected,MS_Canon_Ital_46
person_3967,person_308770014,Undirected,MS_Canon_Ital_46
person_3967,person_446,Undirected,MS_Canon_Ital_46
person_3967,person_3392,Undirected,MS_DOrville_163
person_3967,person_24945908,Undirected,MS_DOrville_163
person_3967,person_3393,Undirected,MS_DOrville_163
person_3968,person_2747,Undirected,MS_Hatton_4
person_3968,person_37729288,Undirected,MS_Hatton_4
person_3969,person_3970,Undirected,MS_Hatton_9
person_3969,person_37729288,Undirected,MS_Hatton_9
person_3971,person_37729288,Undirected,MS_Hatton_106
person_3972,person_17094678,Undirected,MS_Bodl_170
person_39728066,person_446,Undirected,MS_Canon_Ital_174
person_39728066,person_2384880,Undirected,MS_Canon_Ital_174
person_39728066,person_308770014,Undirected,MS_Canon_Ital_174
person_39728066,person_446,Undirected,MS_Canon_Misc_278
person_39728066,person_308770014,Undirected,MS_Canon_Misc_278
person_39728066,person_2384880,Undirected,MS_Canon_Misc_278
person_39728066,person_2384880,Undirected,MS_Canon_Ital_70
person_39728066,person_3367151353525352720001,Undirected,MS_Canon_Ital_174
person_39728066,person_308770014,Undirected,MS_Canon_Ital_70
person_39728066,person_446,Undirected,MS_Canon_Ital_70
person_39733678,person_57675116,Undirected,MS_Add_A_44
person_39733678,person_3546,Undirected,MS_Add_A_44
person_3974,person_24945908,Undirected,MS_DOrville_82
person_3974,person_3394,Undirected,MS_DOrville_82
person_3974,person_3392,Undirected,MS_DOrville_82
person_3974,person_3393,Undirected,MS_DOrville_82
person_3975,person_3394,Undirected,MS_DOrville_99
person_3975,person_3393,Undirected,MS_DOrville_99
person_3975,person_3392,Undirected,MS_DOrville_99
person_3975,person_24945908,Undirected,MS_DOrville_99
person_3976,person_24945908,Undirected,MS_DOrville_159
person_3976,person_3392,Undirected,MS_DOrville_159
person_3976,person_3393,Undirected,MS_DOrville_159
person_3976,person_3394,Undirected,MS_DOrville_159
person_39767515,person_76391283,Undirected,MS_Bywater_10
person_39767515,person_73979081,Undirected,MS_Bywater_10
person_39767515,person_19743305,Undirected,MS_Bywater_10
person_39768873,person_4066,Undirected,Merton_College_MS_168
person_39768873,person_4081,Undirected,Merton_College_MS_168
person_39768873,person_2996,Undirected,Merton_College_MS_168
person_39768873,person_96298161,Undirected,Merton_College_MS_168
person_3978,person_24945908,Undirected,MS_DOrville_138
person_3978,person_3392,Undirected,MS_DOrville_138
person_3978,person_3394,Undirected,MS_DOrville_138
person_3978,person_3393,Undirected,MS_DOrville_138
person_3980,person_2804,Undirected,MS_Liturg_407
person_3981,person_69848690,Undirected,MS_Douce_23
person_3983,person_69848690,Undirected,MS_Douce_78
person_3985,person_41961971,Undirected,Lincoln_College_MS_Gr_36
person_399,person_109229224,Undirected,MS_Fr_d_10
person_399,person_69084741,Undirected,MS_Fr_d_10
person_399,person_71503387,Undirected,MS_Fr_d_10
person_4000,person_4044,Undirected,Merton_College_MS_275
person_4001,person_4003,Undirected,Merton_College_MS_87
person_4001,person_4002,Undirected,Merton_College_MS_87
person_4002,person_4003,Undirected,Merton_College_MS_64
person_4002,person_4003,Undirected,Merton_College_MS_63
person_4002,person_4003,Undirected,Merton_College_MS_62
person_4002,person_4003,Undirected,Merton_College_MS_59
person_4002,person_4002,Undirected,Merton_College_MS_62
person_4002,person_4003,Undirected,Merton_College_MS_62
person_4002,person_4003,Undirected,Merton_College_MS_60
person_4002,person_4003,Undirected,Merton_College_MS_60
person_4002,person_3141,Undirected,Merton_College_MS_60
person_4002,person_4003,Undirected,Merton_College_MS_61
person_4002,person_4002,Undirected,Merton_College_MS_64
person_4002,person_4003,Undirected,Merton_College_MS_64
person_4002,person_4003,Undirected,Merton_College_MS_65
person_4002,person_4002,Undirected,Merton_College_MS_60
person_4003,person_4007,Undirected,Merton_College_MS_265
person_4005,person_4176,Undirected,Merton_College_MS_277
person_4005,person_4174,Undirected,Merton_College_MS_276
person_4005,person_2896,Undirected,Merton_College_MS_159
person_4005,person_29492236,Undirected,Merton_College_MS_18
person_4005,person_4176,Undirected,Merton_College_MS_277
person_4005,person_4178,Undirected,Merton_College_MS_277
person_4005,person_2896,Undirected,Merton_College_MS_22
person_4005,person_4169,Undirected,Merton_College_MS_277
person_4005,person_4175,Undirected,Merton_College_MS_276
person_4005,person_4177,Undirected,Merton_College_MS_277
person_4005,person_316476388,Undirected,Merton_College_MS_277
person_4005,person_4210,Undirected,Merton_College_MS_309
person_4005,person_4209,Undirected,Merton_College_MS_307
person_4005,person_4002,Undirected,Merton_College_MS_283
person_4005,person_4198,Undirected,Merton_College_MS_309
person_4008,person_4119,Undirected,Merton_College_MS_221
person_401,person_73979081,Undirected,MS_Lat_th_e_18
person_401,person_34580474,Undirected,MS_Lat_th_e_18
person_4013,person_4014,Undirected,Merton_College_MS_97
person_4014,person_4289,Undirected,Merton_College_MS_84
person_4015,person_4016,Undirected,Merton_College_MS_98
person_4017,person_4078,Undirected,Merton_College_MS_157
person_4017,person_4079,Undirected,Merton_College_MS_157
person_4017,person_4080,Undirected,Merton_College_MS_157
person_4017,person_4017,Undirected,Merton_College_MS_157
person_4021,person_4003,Undirected,Merton_College_MS_104
person_4023,person_4026,Undirected,Merton_College_MS_107
person_4023,person_4025,Undirected,Merton_College_MS_107
person_4023,person_4026,Undirected,Merton_College_MS_107
person_4023,person_4280,Undirected,Merton_College_MS_40
person_4023,person_4025,Undirected,Merton_College_MS_107
person_4023,person_4024,Undirected,Merton_College_MS_107
person_4023,person_4025,Undirected,Merton_College_MS_107
person_4023,person_4024,Undirected,Merton_College_MS_107
person_4023,person_4022,Undirected,Merton_College_MS_107
person_4023,person_4024,Undirected,Merton_College_MS_107
person_4023,person_4025,Undirected,Merton_College_MS_107
person_4024,person_3129,Undirected,MS_Bodl_362
person_4024,person_100183464,Undirected,MS_Bodl_362
person_4024,person_32104570,Undirected,MS_Bodl_362
person_4029,person_403,Undirected,Merton_College_MS_114
person_4034,person_4248,Undirected,Merton_College_Stack_104_f_1
person_4035,person_2896,Undirected,Merton_College_MS_120
person_4035,person_4113,Undirected,Merton_College_MS_212
person_4035,person_1312,Undirected,Merton_College_MS_212
person_4035,person_2898,Undirected,Merton_College_MS_212
person_4035,person_2898,Undirected,Merton_College_MS_212
person_4035,person_71741144,Undirected,Merton_College_MS_120
person_4047,person_4049,Undirected,Merton_College_MS_129-part3
person_4047,person_4050,Undirected,Merton_College_MS_129-part3
person_4047,person_4048,Undirected,Merton_College_MS_129-part3
person_4051,person_4002,Undirected,Merton_College_MS_17
person_4052,person_4054,Undirected,Merton_College_MS_130
person_4052,person_4053,Undirected,Merton_College_MS_130
person_4052,person_29877471,Undirected,Merton_College_MS_130
person_4052,person_4056,Undirected,Merton_College_MS_130
person_4052,person_4055,Undirected,Merton_College_MS_130
person_40533038,person_1203,Undirected,MS_Lat_misc_e_113
person_40533038,person_230,Undirected,MS_Lat_misc_e_113
person_40533038,person_44288270,Undirected,MS_Lat_misc_e_113
person_4058,person_4059,Undirected,Merton_College_MS_135
person_4058,person_4064,Undirected,Merton_College_MS_135
person_4058,person_4062,Undirected,Merton_College_MS_135
person_4058,person_4061,Undirected,Merton_College_MS_135
person_4058,person_4060,Undirected,Merton_College_MS_135
person_4058,person_4063,Undirected,Merton_College_MS_135
person_4060,person_44167598,Undirected,MS_Bodl_4
person_4060,person_9865788,Undirected,MS_Bodl_684
person_4066,person_2933,Undirected,Merton_College_MS_137
person_4066,person_96298161,Undirected,Merton_College_MS_8
person_4066,person_2933,Undirected,Merton_College_MS_8
person_4066,person_96298161,Undirected,Merton_College_MS_137
person_4066,person_2933,Undirected,Merton_College_MS_259
person_4066,person_96298161,Undirected,Merton_College_MS_259
person_4067,person_4003,Undirected,Merton_College_MS_139
person_4070,person_4072,Undirected,Merton_College_MS_143
person_4070,person_4071,Undirected,Merton_College_MS_143
person_4076,person_4282,Undirected,Merton_College_MS_41
person_4076,person_4002,Undirected,Merton_College_MS_41
person_4076,person_4003,Undirected,Merton_College_MS_41
person_4076,person_4281,Undirected,Merton_College_MS_41
person_4077,person_2896,Undirected,Merton_College_MS_156
person_40807458,person_2929,Undirected,MS_Auct_F_2_24
person_4082,person_4025,Undirected,Merton_College_MS_161
person_4082,person_4083,Undirected,Merton_College_MS_161
person_4084,person_2896,Undirected,Merton_College_MS_14
person_4088,person_2896,Undirected,Merton_College_MS_176
person_4089,person_4090,Undirected,Merton_College_MS_177
person_4089,person_4045,Undirected,Merton_College_MS_177
person_4092,person_4093,Undirected,Merton_College_MS_179
person_4092,person_4094,Undirected,Merton_College_MS_179
person_4096,person_4097,Undirected,Merton_College_MS_185
person_4098,person_4005,Undirected,Merton_College_MS_188
person_4101,person_5288827,Undirected,Exeter_College_MS_45
person_4101,person_4101,Undirected,Exeter_College_MS_45
person_4101,person_4326,Undirected,Exeter_College_MS_45
person_4104,person_49957160,Undirected,Merton_College_MS_200
person_4104,person_4105,Undirected,Merton_College_MS_200
person_4104,person_4106,Undirected,Merton_College_MS_200
person_4109,person_4111,Undirected,Merton_College_MS_211
person_4109,person_4023,Undirected,Merton_College_MS_211
person_4109,person_4110,Undirected,Merton_College_MS_211
person_4109,person_4112,Undirected,Merton_College_MS_211
person_4111,person_52035948,Undirected,MS_Bodl_801
person_4111,person_49061771,Undirected,St_Johns_College_MS_182
person_4111,person_2677,Undirected,MS_Bodl_801
person_4121,person_4121,Undirected,Merton_College_MS_219
person_4121,person_4122,Undirected,Merton_College_MS_219
person_4121,person_4120,Undirected,Merton_College_MS_219
person_4124,person_4125,Undirected,Merton_College_MS_225
person_4124,person_4008,Undirected,Merton_College_MS_225
person_4129,person_76375851,Undirected,Merton_College_MS_312
person_413,person_186,Undirected,MS_Lat_liturg_a_8-part14
person_41368355,person_69848690,Undirected,MS_Douce_352
person_4144,person_4143,Undirected,Merton_College_MS_248-part2
person_4151,person_2896,Undirected,Merton_College_MS_253
person_4156,person_4002,Undirected,Merton_College_MS_262
person_4156,person_4033,Undirected,Merton_College_MS_262
person_4159,person_3143,Undirected,Merton_College_MS_55
person_4159,person_4229,Undirected,Merton_College_MS_55
person_4159,person_4022,Undirected,Merton_College_MS_55
person_4159,person_4017,Undirected,Merton_College_MS_55
person_4160,person_4159,Undirected,Merton_College_MS_266
person_4164,person_4254,Undirected,Merton_College_Stack_110_c_6
person_4164,person_4250,Undirected,Merton_College_Stack_110_c_6
person_4164,person_4251,Undirected,Merton_College_Stack_110_c_6
person_4164,person_4258,Undirected,Merton_College_Stack_110_c_6
person_4164,person_4261,Undirected,Merton_College_Stack_110_c_6
person_4164,person_4164,Undirected,Merton_College_Stack_110_c_6
person_4164,person_4260,Undirected,Merton_College_Stack_110_c_6
person_4164,person_4255,Undirected,Merton_College_Stack_110_c_6
person_4164,person_4256,Undirected,Merton_College_Stack_110_c_6
person_4164,person_4257,Undirected,Merton_College_Stack_110_c_6
person_4164,person_4253,Undirected,Merton_College_Stack_110_c_6
person_4164,person_4252,Undirected,Merton_College_Stack_110_c_6
person_4164,person_4259,Undirected,Merton_College_Stack_110_c_6
person_4165,person_4166,Undirected,Merton_College_MS_269
person_4165,person_14803186,Undirected,Merton_College_MS_269
person_4171,person_54940373,Undirected,MS_Laud_Lat_107
person_4172,person_54940373,Undirected,MS_Laud_Misc_510
person_4179,person_4182,Undirected,Merton_College_MS_280
person_4179,person_4180,Undirected,Merton_College_MS_280
person_4179,person_4181,Undirected,Merton_College_MS_280
person_4179,person_59101333,Undirected,Merton_College_MS_280
person_4179,person_15565645,Undirected,Merton_College_MS_280
person_41829393,person_69848690,Undirected,MS_Douce_11
person_41830323,person_20486290,Undirected,MS_Broxb_899
person_41830323,person_73859585,Undirected,MS_Broxb_899
person_41850191,person_44383160,Undirected,MS_Rawl_G_114
person_41850191,person_44383160,Undirected,MS_Auct_F_4_31
person_41850191,person_54197108,Undirected,MS_Auct_F_4_31
person_41850191,person_95302161,Undirected,MS_Auct_F_4_31
person_41850191,person_237497,Undirected,MS_Auct_F_4_31
person_41850191,person_77046840,Undirected,MS_Rawl_G_114
person_41850191,person_47563478,Undirected,MS_Rawl_G_114
person_41883842,person_99891587,Undirected,MS_Douce_300
person_41883842,person_99891587,Undirected,MS_Douce_215
person_41883842,person_69848690,Undirected,MS_Douce_300
person_41883842,person_69848690,Undirected,MS_Douce_303
person_41883842,person_69848690,Undirected,MS_Douce_99
person_41883842,person_69848690,Undirected,MS_Douce_215
person_41883842,person_99891587,Undirected,MS_Douce_303
person_4195,person_4194,Undirected,Merton_College_MS_288
person_4195,person_4196,Undirected,Merton_College_MS_288
person_4199,person_4052,Undirected,Merton_College_MS_296
person_4199,person_4200,Undirected,Merton_College_MS_296
person_420,person_44557546,Undirected,MS_Buchanan_e_3
person_420,person_886,Undirected,MS_Buchanan_e_3
person_420,person_678,Undirected,MS_Buchanan_e_3
person_4202,person_4203,Undirected,Merton_College_MS_297
person_4205,person_29877471,Undirected,Merton_College_MS_300
person_4207,person_4028,Undirected,Merton_College_MS_306
person_4207,person_4190,Undirected,Merton_College_MS_306
person_4215,person_4216,Undirected,Merton_College_MS_320
person_4215,person_4018,Undirected,Merton_College_MS_320
person_42155666,person_89119765,Undirected,MS_Auct_F_6_9-part1
person_4218080,person_217369085,Undirected,MS_Laud_Misc_165
person_4220,person_4223,Undirected,Merton_College_MS_324
person_4220,person_4222,Undirected,Merton_College_MS_324
person_4220,person_4221,Undirected,Merton_College_MS_324
person_42212849,person_69848690,Undirected,MS_Douce_228
person_42212849,person_50024557,Undirected,MS_Douce_228
person_42212849,person_39249508,Undirected,MS_Douce_228
person_4225,person_4224,Undirected,Merton_College_MS_325
person_4231,person_17569312,Undirected,Merton_College_MS_28
person_4236,person_54940373,Undirected,MS_Laud_Misc_541
person_4237,person_54940373,Undirected,MS_Laud_Misc_563
person_4243,person_4246,Undirected,Merton_College_23_dd_11
person_4243,person_4238,Undirected,Merton_College_23_dd_11
person_4243,person_4243,Undirected,Merton_College_23_dd_11
person_4263,person_4262,Undirected,Merton_College_Stack_112_c_7
person_4263,person_76469410,Undirected,MS_Bodl_724
person_42632679,person_2485,Undirected,MS_Duke_Humfrey_c_1
person_42632679,person_60226121,Undirected,MS_Duke_Humfrey_c_1
person_42632679,person_304925209,Undirected,MS_Duke_Humfrey_c_1
person_42632679,person_30785585,Undirected,MS_Duke_Humfrey_c_1
person_42632679,person_4119,Undirected,MS_Duke_Humfrey_c_1
person_42632679,person_310519476,Undirected,MS_Duke_Humfrey_c_1
person_42632679,person_39249508,Undirected,MS_Duke_Humfrey_c_1
person_42632679,person_48313490,Undirected,MS_Duke_Humfrey_c_1
person_42632679,person_58160208665048621726,Undirected,MS_Duke_Humfrey_c_1
person_4264,person_4266,Undirected,Merton_College_Stack_112_d_14
person_4264,person_4265,Undirected,Merton_College_Stack_112_d_14
person_42650191,person_77743078,Undirected,MS_Rawl_B_190
person_42650191,person_46783945,Undirected,MS_Rawl_B_190
person_42650191,person_4973220,Undirected,MS_Rawl_B_190
person_42650191,person_29543710,Undirected,MS_Rawl_B_190
person_42650191,person_47563478,Undirected,MS_Rawl_B_190
person_42663390,person_6414873,Undirected,MS_Douce_330
person_42663390,person_69848690,Undirected,MS_Douce_330
person_4271,person_54940373,Undirected,MS_Laud_Misc_379
person_4272,person_54940373,Undirected,MS_Laud_Misc_377
person_4273,person_4274,Undirected,Merton_College_MS_10
person_4273,person_4276,Undirected,Merton_College_MS_10
person_4273,person_2932,Undirected,Merton_College_MS_10
person_4273,person_4275,Undirected,Merton_College_MS_10
person_4287,person_34822618,Undirected,Merton_College_MS_82
person_4287,person_4286,Undirected,Merton_College_MS_82
person_4287,person_4288,Undirected,Merton_College_MS_82
person_4290,person_4291,Undirected,Exeter_College_MS_14
person_4290,person_5288827,Undirected,Exeter_College_MS_14
person_4293,person_4295,Undirected,Exeter_College_MS_4
person_4293,person_4296,Undirected,Exeter_College_MS_4
person_4293,person_4294,Undirected,Exeter_College_MS_4
person_43,person_1042,Undirected,MS_Lat_misc_d_83
person_43,person_536,Undirected,MS_Lat_misc_d_83
person_43,person_702,Undirected,MS_Lat_misc_d_83
person_43,person_1197,Undirected,MS_Lat_misc_d_83
person_4300,person_100183464,Undirected,Exeter_College_MS_9
person_4305,person_4306,Undirected,Exeter_College_MS_28
person_43060060,person_86128486,Undirected,MS_Auct_F_6_27
person_43060060,person_299045414,Undirected,MS_Auct_F_6_27
person_43060060,person_42586595,Undirected,MS_Auct_F_6_27
person_43060060,person_4384,Undirected,MS_Auct_F_6_27
person_4309,person_4304,Undirected,Exeter_College_MS_25
person_4310,person_4315,Undirected,Exeter_College_MS_29
person_4310,person_5288827,Undirected,Exeter_College_MS_29
person_4310,person_4317,Undirected,Exeter_College_MS_29
person_4310,person_4290,Undirected,Exeter_College_MS_29
person_4310,person_4314,Undirected,Exeter_College_MS_29
person_4310,person_4313,Undirected,Exeter_College_MS_29
person_4310,person_4312,Undirected,Exeter_College_MS_29
person_4310,person_4311,Undirected,Exeter_College_MS_29
person_4310,person_4310,Undirected,Exeter_College_MS_29
person_4310,person_4318,Undirected,Exeter_College_MS_29
person_4310,person_4316,Undirected,Exeter_College_MS_29
person_4319,person_4320,Undirected,Exeter_College_MS_31
person_4321,person_4305,Undirected,Exeter_College_MS_35
person_4321,person_4324,Undirected,Exeter_College_MS_35
person_4321,person_4323,Undirected,Exeter_College_MS_35
person_4321,person_4322,Undirected,Exeter_College_MS_35
person_4325,person_54940373,Undirected,MS_Laud_Misc_239
person_4337,person_4341,Undirected,Exeter_College_MS_63
person_4337,person_4334,Undirected,Exeter_College_MS_58
person_4337,person_4341,Undirected,Exeter_College_MS_65
person_4337,person_4341,Undirected,Exeter_College_MS_62
person_4337,person_4334,Undirected,Exeter_College_MS_62
person_4337,person_4341,Undirected,Exeter_College_MS_61
person_4337,person_4344,Undirected,Exeter_College_MS_68
person_4337,person_4341,Undirected,Exeter_College_MS_53
person_4339,person_4340,Undirected,Exeter_College_MS_36
person_4339,person_4337,Undirected,Exeter_College_MS_36
person_4339,person_4340,Undirected,Exeter_College_MS_36
person_4342,person_64157046,Undirected,MS_Lyell_68
person_4345,person_3265,Undirected,MS_Germ_d_4
person_4347,person_4350,Undirected,Exeter_College_MS_69
person_4347,person_4348,Undirected,Exeter_College_MS_69
person_4347,person_4349,Undirected,Exeter_College_MS_69
person_4351,person_4352,Undirected,Exeter_College_MS_159
person_4351,person_4352,Undirected,Exeter_College_MS_87
person_4351,person_4352,Undirected,Exeter_College_MS_153
person_4353,person_4354,Undirected,Exeter_College_MS_115
person_4353,person_4355,Undirected,Exeter_College_MS_115
person_4353,person_4351,Undirected,Exeter_College_MS_115
person_4353,person_4352,Undirected,Exeter_College_MS_115
person_4353,person_4356,Undirected,Exeter_College_MS_115
person_4361,person_4351,Undirected,Exeter_College_MS_129
person_4361,person_4352,Undirected,Exeter_College_MS_129
person_4361,person_4360,Undirected,Exeter_College_MS_129
person_4361,person_4362,Undirected,Exeter_College_MS_129
person_4364,person_4366,Undirected,Exeter_College_MS_134
person_4364,person_4363,Undirected,Exeter_College_MS_134
person_4364,person_4352,Undirected,Exeter_College_MS_134
person_4364,person_4365,Undirected,Exeter_College_MS_134
person_4364,person_4351,Undirected,Exeter_College_MS_134
person_4364,person_4367,Undirected,Exeter_College_MS_134
person_4368,person_4352,Undirected,Exeter_College_MS_158
person_4368,person_4351,Undirected,Exeter_College_MS_158
person_4370,person_4351,Undirected,Exeter_College_MS_167
person_4370,person_4352,Undirected,Exeter_College_MS_167
person_4370,person_4371,Undirected,Exeter_College_MS_167
person_4370,person_4372,Undirected,Exeter_College_MS_167
person_4375,person_14803186,Undirected,Merton_College_MS_249-part4
person_4378,person_4379,Undirected,MS_Laud_Misc_202-part2
person_4378,person_54940373,Undirected,MS_Laud_Misc_68
person_4381,person_54940373,Undirected,MS_Laud_Misc_521
person_4381,person_4382,Undirected,MS_Laud_Misc_521
person_438167807253318130004,person_69848690,Undirected,MS_Douce_29
person_438167807253318130004,person_25791007,Undirected,MS_Douce_29
person_4385,person_51728429,Undirected,MS_Selden_Supra_54
person_4389,person_3407,Undirected,St_Johns_College_MS_188
person_4389,person_3407,Undirected,St_Johns_College_MS_188
person_439,person_886,Undirected,MS_Buchanan_g_4
person_439,person_44557546,Undirected,MS_Buchanan_g_4
person_4390,person_4391,Undirected,St_Johns_College_MS_184
person_4393,person_4394,Undirected,St_Johns_College_MS_257
person_4393,person_4396,Undirected,St_Johns_College_MS_257
person_4393,person_4395,Undirected,St_Johns_College_MS_257
person_4393,person_34318015,Undirected,St_Johns_College_MS_257
person_4394,person_69848690,Undirected,MS_Douce_312
person_4394,person_4395,Undirected,MS_Douce_312
person_4398,person_49061771,Undirected,St_Johns_College_MS_82
person_4398,person_4397,Undirected,St_Johns_College_MS_82
person_4399,person_4400,Undirected,St_Johns_College_MS_293
person_4403,person_49061771,Undirected,St_Johns_College_MS_172
person_4407,person_4408,Undirected,St_Johns_College_MS_265
person_4407,person_74204895,Undirected,St_Johns_College_MS_265
person_4409,person_54940373,Undirected,St_Johns_College_MS_98
person_4415,person_4607,Undirected,St_Johns_College_MS_77
person_44166136,person_11058091,Undirected,MS_Tanner_19
person_4419,person_4422,Undirected,St_Johns_College_MS_190
person_4419,person_4611,Undirected,St_Johns_College_MS_190
person_4419,person_4640,Undirected,St_Johns_College_MS_190
person_4424,person_4426,Undirected,St_Johns_College_MS_130
person_4424,person_4423,Undirected,St_Johns_College_MS_130
person_4424,person_4425,Undirected,St_Johns_College_MS_130
person_4424,person_49061771,Undirected,St_Johns_College_MS_130
person_4424,person_79120136,Undirected,St_Johns_College_MS_130
person_4427,person_4428,Undirected,St_Johns_College_MS_147
person_4427,person_4430,Undirected,St_Johns_College_MS_147
person_4427,person_4640,Undirected,St_Johns_College_MS_147
person_4427,person_4611,Undirected,St_Johns_College_MS_147
person_4427,person_4429,Undirected,St_Johns_College_MS_147
person_4427,person_4611,Undirected,St_Johns_College_MS_147
person_44307104,person_4417,Undirected,St_Johns_College_MS_164
person_44307104,person_49061771,Undirected,St_Johns_College_MS_164
person_4431,person_4432,Undirected,St_Johns_College_MS_202
person_4431,person_4604,Undirected,St_Johns_College_MS_202
person_4439,person_49548280,Undirected,St_Johns_College_MS_4
person_44393665,person_69848690,Undirected,MS_Douce_371
person_44411069,person_6507447,Undirected,MS_Canon_Liturg_197
person_44417197,person_59225563,Undirected,MS_Junius_1
person_44557546,person_886,Undirected,MS_Buchanan_d_5
person_44557546,person_886,Undirected,MS_Buchanan_f_3
person_44557546,person_886,Undirected,MS_Buchanan_g_3
person_44557546,person_886,Undirected,MS_Buchanan_g_1
person_4510,person_1195,Undirected,MS_Fairfax_16
person_4510,person_7488414,Undirected,MS_Fairfax_16
person_4510,person_73742847,Undirected,MS_Fairfax_16
person_4510,person_74654593,Undirected,MS_Fairfax_16
person_453,person_64790747,Undirected,MS_Lat_misc_c_53
person_45371480,person_223,Undirected,MS_Lat_misc_e_81
person_454,person_60702448,Undirected,MS_Bywater_2
person_454,person_76391283,Undirected,MS_Bywater_2
person_45435991,person_3220,Undirected,MS_Bodl_199
person_45435991,person_3222,Undirected,MS_Bodl_199
person_45435991,person_3221,Undirected,MS_Bodl_199
person_45435991,person_3222,Undirected,MS_Bodl_478
person_4600,person_78340758,Undirected,St_Johns_College_MS_163
person_4600,person_78340758,Undirected,St_Johns_College_MS_54
person_4600,person_78340758,Undirected,St_Johns_College_MS_203
person_4600,person_4600,Undirected,St_Johns_College_MS_176
person_4600,person_78340758,Undirected,St_Johns_College_MS_125
person_4600,person_78340758,Undirected,St_Johns_College_MS_200
person_4600,person_78340758,Undirected,St_Johns_College_MS_185
person_4600,person_78340758,Undirected,St_Johns_College_MS_153
person_4600,person_78340758,Undirected,St_Johns_College_MS_24
person_4600,person_78340758,Undirected,St_Johns_College_MS_120
person_4600,person_78340758,Undirected,St_Johns_College_MS_183
person_4600,person_78340758,Undirected,St_Johns_College_MS_176
person_4600,person_78340758,Undirected,St_Johns_College_MS_28
person_4603,person_4601,Undirected,St_Johns_College_MS_142
person_4603,person_2770,Undirected,St_Johns_College_MS_142
person_4603,person_4602,Undirected,St_Johns_College_MS_142
person_4606,person_54940373,Undirected,St_Johns_College_MS_66B
person_4606,person_24954637,Undirected,St_Johns_College_MS_66B
person_4608,person_4607,Undirected,St_Johns_College_MS_169
person_4610,person_828869,Undirected,St_Johns_College_MS_109
person_4610,person_28213935,Undirected,St_Johns_College_MS_109
person_4610,person_828869,Undirected,St_Johns_College_MS_109
person_4611,person_4611,Undirected,St_Johns_College_MS_118
person_4611,person_49548280,Undirected,St_Johns_College_MS_38
person_4611,person_49548280,Undirected,St_Johns_College_MS_16
person_4611,person_49548280,Undirected,St_Johns_College_MS_26
person_4611,person_49548280,Undirected,St_Johns_College_MS_39
person_4611,person_49548280,Undirected,St_Johns_College_MS_141
person_4611,person_4640,Undirected,St_Johns_College_MS_118
person_4613,person_49061771,Undirected,St_Johns_College_MS_116
person_4614,person_4615,Undirected,St_Johns_College_MS_79
person_4614,person_3407,Undirected,St_Johns_College_MS_79
person_4616,person_49548280,Undirected,St_Johns_College_MS_138
person_4616,person_4611,Undirected,St_Johns_College_MS_138
person_4619,person_4620,Undirected,St_Johns_College_MS_7
person_4621,person_78340758,Undirected,St_Johns_College_MS_53
person_4621,person_4600,Undirected,St_Johns_College_MS_53
person_4622,person_49548280,Undirected,St_Johns_College_MS_27
person_4622,person_4611,Undirected,St_Johns_College_MS_27
person_4622,person_49548280,Undirected,St_Johns_College_MS_20
person_4622,person_4611,Undirected,St_Johns_College_MS_20
person_4623,person_49061771,Undirected,St_Johns_College_MS_132
person_4623,person_4624,Undirected,St_Johns_College_MS_132
person_4625,person_4626,Undirected,St_Johns_College_MS_68
person_4625,person_71422092,Undirected,St_Johns_College_MS_68
person_4625,person_4630,Undirected,St_Johns_College_MS_68
person_4625,person_4629,Undirected,St_Johns_College_MS_68
person_4625,person_4628,Undirected,St_Johns_College_MS_68
person_4625,person_4627,Undirected,St_Johns_College_MS_68
person_4632,person_4633,Undirected,St_Johns_College_MS_114
person_4632,person_54940373,Undirected,St_Johns_College_MS_114
person_4635,person_49548280,Undirected,St_Johns_College_MS_100
person_4635,person_4611,Undirected,St_Johns_College_MS_100
person_4635,person_4636,Undirected,St_Johns_College_MS_100
person_4637,person_4638,Undirected,St_Johns_College_MS_65
person_4637,person_49061771,Undirected,St_Johns_College_MS_65
person_4637,person_88668387,Undirected,St_Johns_College_MS_65
person_4637,person_72196277,Undirected,St_Johns_College_MS_65
person_4639,person_4604,Undirected,St_Johns_College_MS_137
person_4639,person_44413993,Undirected,St_Johns_College_MS_137
person_4639,person_4101,Undirected,St_Johns_College_MS_137
person_4643,person_828869,Undirected,St_Johns_College_MS_193
person_4643,person_4644,Undirected,St_Johns_College_MS_193
person_465,person_29543710,Undirected,MS_Barlow_40
person_465,person_3705,Undirected,MS_Bodl_467
person_465,person_9905622,Undirected,MS_Bodl_467
person_4651,person_4649,Undirected,St_Johns_College_MS_196
person_4651,person_4650,Undirected,St_Johns_College_MS_196
person_4651,person_4649,Undirected,St_Johns_College_MS_196
person_4653,person_4654,Undirected,St_Johns_College_MS_235_fragment_18
person_4655,person_4611,Undirected,St_Johns_College_MS_8
person_4655,person_49548280,Undirected,St_Johns_College_MS_8
person_4655,person_4656,Undirected,St_Johns_College_MS_8
person_46572341,person_47563478,Undirected,MS_Rawl_D_263
person_46572341,person_29543710,Undirected,MS_Rawl_D_263
person_4658,person_4659,Undirected,St_Johns_College_MS_57
person_4658,person_4664,Undirected,St_Johns_College_MS_57
person_4658,person_4663,Undirected,St_Johns_College_MS_57
person_4658,person_4663,Undirected,St_Johns_College_MS_57
person_4658,person_4662,Undirected,St_Johns_College_MS_57
person_4658,person_4661,Undirected,St_Johns_College_MS_57
person_4658,person_4660,Undirected,St_Johns_College_MS_57
person_4665,person_4666,Undirected,St_Johns_College_MS_171
person_4665,person_4611,Undirected,St_Johns_College_MS_206
person_4665,person_49548280,Undirected,St_Johns_College_MS_171
person_4665,person_4611,Undirected,St_Johns_College_MS_171
person_4665,person_4640,Undirected,St_Johns_College_MS_171
person_4665,person_4611,Undirected,St_Johns_College_MS_171
person_4665,person_4640,Undirected,St_Johns_College_MS_206
person_4665,person_4667,Undirected,St_Johns_College_MS_171
person_4666,person_3992,Undirected,St_Johns_College_MS_178
person_46676921,person_27215170,Undirected,MS_Ashmole_34
person_4669,person_4676,Undirected,St_Johns_College_MS_340
person_4669,person_4674,Undirected,St_Johns_College_MS_340
person_4669,person_4671,Undirected,St_Johns_College_MS_340
person_4669,person_4670,Undirected,St_Johns_College_MS_340
person_4669,person_4675,Undirected,St_Johns_College_MS_340
person_4669,person_3073,Undirected,St_Johns_College_MS_340
person_4669,person_4672,Undirected,St_Johns_College_MS_340
person_4669,person_4673,Undirected,St_Johns_College_MS_340
person_4677,person_49061771,Undirected,St_Johns_College_MS_25
person_46796537,person_47563478,Undirected,MS_Rawl_G_154
person_46796537,person_38465038,Undirected,MS_Rawl_D_410
person_46796537,person_38465038,Undirected,MS_Rawl_G_154
person_46796537,person_47563478,Undirected,MS_Rawl_D_410
person_4680,person_4679,Undirected,St_Johns_College_MS_139
person_4680,person_4613,Undirected,St_Johns_College_MS_139
person_4680,person_4681,Undirected,St_Johns_College_MS_139
person_4680,person_49061771,Undirected,St_Johns_College_MS_139
person_4685,person_4686,Undirected,St_Johns_College_MS_195
person_4691,person_4692,Undirected,St_Johns_College_MS_204
person_4693,person_78340758,Undirected,St_Johns_College_MS_63
person_4693,person_4600,Undirected,St_Johns_College_MS_63
person_4694,person_4622,Undirected,St_Johns_College_MS_42
person_4694,person_59446973,Undirected,St_Johns_College_MS_42
person_4694,person_4611,Undirected,St_Johns_College_MS_42
person_4698,person_4700,Undirected,St_Johns_College_MS_198
person_4698,person_4699,Undirected,St_Johns_College_MS_198
person_4698,person_4600,Undirected,St_Johns_College_MS_198
person_4698,person_78340758,Undirected,St_Johns_College_MS_198
person_47066992,person_59225563,Undirected,MS_Junius_25
person_47066992,person_54197108,Undirected,MS_Junius_25
person_4707,person_4708,Undirected,St_Johns_College_MS_78
person_4707,person_4709,Undirected,St_Johns_College_MS_78
person_4707,person_4706,Undirected,St_Johns_College_MS_78
person_4707,person_4712,Undirected,St_Johns_College_MS_78
person_4710,person_4711,Undirected,St_Johns_College_MS_43
person_4713,person_69848690,Undirected,MS_Douce_370
person_47156809529045121896,person_14807100,Undirected,MS_Don_e_253
person_4716,person_3450,Undirected,St_Johns_College_MS_113
person_4716,person_4604,Undirected,St_Johns_College_MS_113
person_4717,person_4718,Undirected,St_Johns_College_MS_165
person_4717,person_4600,Undirected,St_Johns_College_MS_165
person_4721,person_59201801,Undirected,St_Johns_College_MS_266
person_4721,person_4720,Undirected,St_Johns_College_MS_266
person_4721,person_4722,Undirected,St_Johns_College_MS_266
person_4721,person_49061771,Undirected,St_Johns_College_MS_266
person_4723,person_78340758,Undirected,St_Johns_College_MS_127
person_4723,person_4600,Undirected,St_Johns_College_MS_127
person_4723,person_4725,Undirected,St_Johns_College_MS_127
person_4723,person_4724,Undirected,St_Johns_College_MS_127
person_4729,person_4727,Undirected,St_Johns_College_MS_96
person_4729,person_4728,Undirected,St_Johns_College_MS_96
person_4729,person_4600,Undirected,St_Johns_College_MS_96
person_4731,person_89746854,Undirected,St_Johns_College_MS_320
person_4731,person_4734,Undirected,St_Johns_College_MS_320
person_4731,person_47697855,Undirected,St_Johns_College_MS_320
person_4731,person_4732,Undirected,St_Johns_College_MS_320
person_4731,person_4733,Undirected,St_Johns_College_MS_320
person_4735,person_4736,Undirected,St_Johns_College_MS_10
person_4735,person_4737,Undirected,St_Johns_College_MS_10
person_4735,person_49061771,Undirected,St_Johns_College_MS_10
person_4738,person_4739,Undirected,St_Johns_College_MS_136
person_4738,person_4747,Undirected,St_Johns_College_MS_136
person_4738,person_4746,Undirected,St_Johns_College_MS_136
person_4738,person_4748,Undirected,St_Johns_College_MS_136
person_4738,person_4640,Undirected,St_Johns_College_MS_136
person_4738,person_4740,Undirected,St_Johns_College_MS_136
person_4738,person_4611,Undirected,St_Johns_College_MS_136
person_4738,person_4742,Undirected,St_Johns_College_MS_136
person_4738,person_4741,Undirected,St_Johns_College_MS_136
person_4738,person_4743,Undirected,St_Johns_College_MS_136
person_4751,person_49061771,Undirected,St_Johns_College_MS_86
person_4751,person_4749,Undirected,St_Johns_College_MS_86
person_4751,person_4750,Undirected,St_Johns_College_MS_86
person_4752,person_59434961,Undirected,St_Johns_College_MS_56
person_4752,person_4755,Undirected,St_Johns_College_MS_56
person_4752,person_4622,Undirected,St_Johns_College_MS_56
person_4752,person_4754,Undirected,St_Johns_College_MS_56
person_4752,person_4753,Undirected,St_Johns_College_MS_56
person_47524207,person_2716,Undirected,MS_Lat_th_e_51
person_47563478,person_29543710,Undirected,MS_Rawl_D_913
person_47563478,person_47563478,Undirected,MS_Rawl_D_913
person_47571393,person_9700936,Undirected,MS_Lyell_26
person_47571393,person_64157046,Undirected,MS_Lyell_26
person_4759,person_4760,Undirected,St_Johns_College_MS_75
person_4759,person_4761,Undirected,St_Johns_College_MS_75
person_4759,person_4600,Undirected,St_Johns_College_MS_75
person_4763,person_4604,Undirected,St_Johns_College_MS_1
person_4763,person_4764,Undirected,St_Johns_College_MS_1
person_4768,person_4769,Undirected,St_Johns_College_MS_94
person_4768,person_4767,Undirected,St_Johns_College_MS_94
person_4768,person_72196277,Undirected,St_Johns_College_MS_94
person_477,person_887,Undirected,MS_Don_a_11
person_4773,person_49548280,Undirected,St_Johns_College_MS_47
person_4773,person_4611,Undirected,St_Johns_College_MS_47
person_4773,person_4772,Undirected,St_Johns_College_MS_47
person_4773,person_4771,Undirected,St_Johns_College_MS_47
person_4774,person_4604,Undirected,St_Johns_College_MS_11
person_478,person_95832876,Undirected,MS_Eng_th_f_39
person_4780,person_49061771,Undirected,St_Johns_College_MS_131
person_4783,person_4784,Undirected,St_Johns_College_MS_167
person_4786,person_4785,Undirected,St_Johns_College_MS_179
person_4786,person_4787,Undirected,St_Johns_College_MS_179
person_4800,person_51728429,Undirected,MS_Arch_Selden_B_24
person_4802,person_4804,Undirected,Jesus_College_MS_29-part1
person_4802,person_4803,Undirected,Jesus_College_MS_29-part1
person_4806,person_4807,Undirected,MS_Tanner_15
person_4806,person_11058091,Undirected,MS_Tanner_15
person_4808,person_69848690,Undirected,MS_Douce_311
person_4808,person_4809,Undirected,MS_Douce_311
person_4808,person_35164295405908412379,Undirected,MS_Douce_311
person_4808,person_4809,Undirected,MS_Douce_311
person_4808,person_35164295405908412379,Undirected,MS_Douce_311
person_4808,person_64021324,Undirected,MS_Douce_311
person_4808,person_8323092,Undirected,MS_Douce_311
person_4808,person_4810,Undirected,MS_Douce_311
person_4808,person_73867523,Undirected,MS_Douce_311
person_4808,person_10003991,Undirected,MS_Douce_311
person_4808,person_11169174204656080244,Undirected,MS_Douce_311
person_4808,person_64021324,Undirected,MS_Douce_311
person_4808,person_4809,Undirected,MS_Douce_311
person_4808,person_35164295405908412379,Undirected,MS_Douce_311
person_4808,person_56169934,Undirected,MS_Douce_311
person_4808,person_4810,Undirected,MS_Douce_311
person_4808,person_64021324,Undirected,MS_Douce_311
person_481,person_480,Undirected,MS_Lat_misc_d_66
person_4811,person_27215170,Undirected,MS_Ashmole_1517
person_4813,person_47563478,Undirected,MS_Rawl_C_752
person_4814,person_29543710,Undirected,MS_Rawl_C_259
person_4814,person_47563478,Undirected,MS_Rawl_C_259
person_4815,person_54940373,Undirected,MS_Laud_Misc_33
person_482,person_61575100,Undirected,MS_Dugdale_46
person_482,person_73742847,Undirected,MS_Dugdale_46
person_4820765,person_54940373,Undirected,MS_Laud_Misc_570
person_4851,person_69848690,Undirected,MS_Douce_17
person_4851,person_56951183,Undirected,MS_Douce_17
person_4852,person_4853,Undirected,MS_Douce_22
person_4852,person_69848690,Undirected,MS_Douce_22
person_4854,person_63873133,Undirected,MS_Douce_27
person_4854,person_4855,Undirected,MS_Douce_27
person_4854,person_69848690,Undirected,MS_Douce_27
person_4854,person_51566395,Undirected,MS_Douce_27
person_4854,person_56951183,Undirected,MS_Douce_27
person_4856,person_69848690,Undirected,MS_Douce_295
person_4857,person_47563478,Undirected,MS_Rawl_poet_163
person_4857,person_1203,Undirected,MS_Rawl_poet_163
person_4858,person_4859,Undirected,MS_Hatton_111
person_4860,person_69848690,Undirected,MS_Douce_91
person_4860,person_32363324,Undirected,MS_Douce_91
person_4862,person_4861,Undirected,MS_Laud_Misc_138
person_4862,person_54940373,Undirected,MS_Laud_Misc_138
person_4862,person_4863,Undirected,MS_Laud_Misc_138
person_4865,person_4866,Undirected,MS_Douce_118
person_4865,person_69848690,Undirected,MS_Douce_118
person_4867,person_69848690,Undirected,MS_Douce_54
person_4868,person_236,Undirected,MS_Douce_89
person_4868,person_69848690,Undirected,MS_Douce_89
person_4869,person_69848690,Undirected,MS_Douce_114
person_4870,person_51715359,Undirected,MS_Douce_120
person_4870,person_69848690,Undirected,MS_Douce_120
person_4873,person_24945908,Undirected,MS_DOrville_120
person_4873,person_3394,Undirected,MS_DOrville_120
person_4873,person_3393,Undirected,MS_DOrville_120
person_4873,person_3392,Undirected,MS_DOrville_120
person_4875,person_24945908,Undirected,MS_DOrville_22
person_4875,person_3392,Undirected,MS_DOrville_22
person_4875,person_3394,Undirected,MS_DOrville_22
person_4875,person_3393,Undirected,MS_DOrville_22
person_4876,person_54940373,Undirected,MS_Laud_Lat_82
person_4877,person_8813457,Undirected,MS_Rawl_G_185
person_4877,person_37790832,Undirected,MS_Rawl_G_185
person_4877,person_47563478,Undirected,MS_Rawl_G_185
person_4877,person_45071137,Undirected,MS_Rawl_G_185
person_4877,person_25708606,Undirected,MS_Rawl_G_185
person_4878,person_4880,Undirected,MS_Hatton_51
person_4878,person_37729288,Undirected,MS_Hatton_51
person_48790618,person_7785407,Undirected,MS_Lyell_1
person_48790618,person_64157046,Undirected,MS_Lyell_1
person_4881,person_37729288,Undirected,MS_Hatton_81
person_4882,person_37729288,Undirected,MS_Hatton_88
person_4883,person_446,Undirected,MS_Canon_Liturg_9
person_4883,person_2384880,Undirected,MS_Canon_Liturg_9
person_4884,person_2384880,Undirected,MS_Canon_Liturg_49
person_4885,person_47563478,Undirected,MS_Rawl_G_127
person_4885,person_4886,Undirected,MS_Rawl_G_127
person_4885,person_3472,Undirected,MS_Rawl_G_127
person_4887,person_41944166,Undirected,MS_Gough_Liturg_9
person_4887,person_41970552,Undirected,MS_Gough_Liturg_9
person_4887,person_4888,Undirected,MS_Gough_Liturg_9
person_4889,person_4890,Undirected,MS_Hatton_18
person_4889,person_37729288,Undirected,MS_Hatton_18
person_4889,person_4891,Undirected,MS_Hatton_18
person_4892,person_47563478,Undirected,MS_Rawl_G_20
person_4892,person_50151830,Undirected,MS_Rawl_G_20
person_4894,person_37729288,Undirected,MS_Auct_D_2_2
person_4894,person_4896,Undirected,MS_Auct_D_2_2
person_4894,person_4895,Undirected,MS_Auct_D_2_2
person_48966077,person_2920,Undirected,MS_Bodl_214
person_48966077,person_2919,Undirected,MS_Bodl_214
person_48966077,person_2920,Undirected,MS_Bodl_379
person_48966077,person_2919,Undirected,MS_Bodl_379
person_48966077,person_67932423,Undirected,MS_Bodl_379
person_48966077,person_67932423,Undirected,MS_Bodl_214
person_4899,person_4898,Undirected,MS_Liturg_153
person_4899,person_4897,Undirected,MS_Liturg_153
person_4900,person_4901,Undirected,MS_Auct_D_4_3
person_4900,person_4902,Undirected,MS_Auct_D_4_3
person_4900,person_37729288,Undirected,MS_Auct_D_4_3
person_4900,person_4904,Undirected,MS_Auct_D_4_3
person_4900,person_4903,Undirected,MS_Auct_D_4_3
person_4905,person_47563478,Undirected,MS_Rawl_G_21
person_4906,person_2384880,Undirected,MS_Canon_Liturg_126
person_4907,person_1203,Undirected,MS_Rawl_G_49
person_4907,person_47563478,Undirected,MS_Rawl_G_49
person_4908,person_47563478,Undirected,MS_Rawl_G_54
person_4908,person_1203,Undirected,MS_Rawl_G_54
person_4909,person_61045779,Undirected,MS_Lat_liturg_g_1
person_4910,person_47563478,Undirected,MS_Rawl_C_940
person_4911,person_4912,Undirected,MS_Rawl_liturg_f_37
person_4911,person_4913,Undirected,MS_Rawl_liturg_f_37
person_4911,person_47563478,Undirected,MS_Rawl_liturg_f_37
person_4911,person_3499,Undirected,MS_Rawl_liturg_f_37
person_49112785,person_317053544,Undirected,MS_Lat_th_d_30
person_49112785,person_45100931,Undirected,MS_Lat_th_d_30
person_4914,person_1203,Undirected,MS_Rawl_G_7
person_4914,person_47563478,Undirected,MS_Rawl_G_7
person_4915,person_1203,Undirected,MS_Rawl_G_10
person_4915,person_47563478,Undirected,MS_Rawl_G_10
person_4916,person_4917,Undirected,Lincoln_College_MS_Lat_95
person_4916,person_4919,Undirected,Lincoln_College_MS_Lat_95
person_4916,person_4918,Undirected,Lincoln_College_MS_Lat_95
person_4921,person_4922,Undirected,MS_Rawl_G_16
person_4921,person_4923,Undirected,MS_Rawl_G_16
person_4921,person_47563478,Undirected,MS_Rawl_G_16
person_4923,person_47563478,Undirected,MS_Rawl_G_17
person_49234661,person_2553,Undirected,Christ_Church_MS_112
person_49234661,person_2551,Undirected,Christ_Church_MS_112
person_4925,person_4926,Undirected,MS_Rawl_G_24
person_4925,person_47563478,Undirected,MS_Rawl_G_24
person_4927,person_47563478,Undirected,MS_Rawl_G_130
person_4927,person_1203,Undirected,MS_Rawl_G_130
person_49275505,person_886,Undirected,MS_Buchanan_e_12
person_49275505,person_678,Undirected,MS_Buchanan_e_12
person_49275505,person_44557546,Undirected,MS_Buchanan_e_12
person_4928,person_1203,Undirected,MS_Rawl_G_141
person_4928,person_47563478,Undirected,MS_Rawl_G_141
person_4929,person_95302161,Undirected,MS_Rawl_G_106
person_4929,person_1203,Undirected,MS_Rawl_G_106
person_4929,person_47563478,Undirected,MS_Rawl_G_106
person_4929,person_95302161,Undirected,MS_Rawl_G_107
person_4929,person_1203,Undirected,MS_Rawl_G_107
person_4929,person_47563478,Undirected,MS_Rawl_G_107
person_4931,person_308770014,Undirected,MS_Canon_Liturg_18
person_4931,person_2384880,Undirected,MS_Canon_Liturg_18
person_4931803,person_54197108,Undirected,MS_Junius_27
person_4931803,person_59225563,Undirected,MS_Junius_27
person_4933,person_74654593,Undirected,MS_Fairfax_11
person_4933,person_73742847,Undirected,MS_Fairfax_11
person_4933,person_74654593,Undirected,MS_Fairfax_12
person_4933,person_4934,Undirected,MS_Fairfax_12
person_4933,person_73742847,Undirected,MS_Fairfax_12
person_4935,person_4932,Undirected,MS_Rawl_G_66
person_4935,person_47563478,Undirected,MS_Rawl_G_66
person_4936,person_47563478,Undirected,MS_Rawl_G_97
person_4936,person_4937,Undirected,MS_Rawl_G_97
person_4938,person_2857,Undirected,MS_Rawl_G_100
person_4938,person_95302161,Undirected,MS_Rawl_G_100
person_4938,person_47563478,Undirected,MS_Rawl_G_100
person_4938768,person_3529,Undirected,MS_Auct_F_1_14
person_4938768,person_89743257,Undirected,MS_Auct_F_1_14
person_4939,person_47563478,Undirected,MS_Rawl_G_116
person_4940,person_47563478,Undirected,MS_Rawl_G_59
person_4940,person_1203,Undirected,MS_Rawl_G_59
person_4941,person_47563478,Undirected,MS_Rawl_G_166
person_4941,person_4942,Undirected,MS_Rawl_G_166
person_4943,person_4944,Undirected,MS_Rawl_G_138
person_4943,person_47563478,Undirected,MS_Rawl_G_138
person_4945,person_47563478,Undirected,MS_Rawl_G_129
person_4945,person_1203,Undirected,MS_Rawl_G_129
person_4946,person_2384880,Undirected,MS_Canon_Liturg_72
person_4947,person_308770014,Undirected,MS_Canon_Liturg_289
person_4947,person_2384880,Undirected,MS_Canon_Liturg_289
person_4948,person_32127973,Undirected,MS_Canon_Liturg_275
person_4948,person_2384880,Undirected,MS_Canon_Liturg_275
person_4949,person_46884487,Undirected,MS_Rawl_G_46
person_4949,person_47563478,Undirected,MS_Rawl_G_46
person_495,person_2898,Undirected,Merton_College_MS_150
person_4951,person_4952,Undirected,MS_Rawl_G_125
person_4951,person_47563478,Undirected,MS_Rawl_G_125
person_4953,person_29543710,Undirected,MS_Rawl_G_139
person_4953,person_47563478,Undirected,MS_Rawl_G_139
person_4954,person_24945908,Undirected,MS_DOrville_156
person_4954,person_3393,Undirected,MS_DOrville_156
person_4954,person_3394,Undirected,MS_DOrville_156
person_4954,person_3392,Undirected,MS_DOrville_156
person_4955,person_47563478,Undirected,MS_Rawl_G_27
person_4955,person_61580649,Undirected,MS_Rawl_G_27
person_4955,person_29543710,Undirected,MS_Rawl_G_27
person_4955,person_46572341,Undirected,MS_Rawl_G_27
person_4956,person_68834294,Undirected,MS_e_Mus_127
person_4957,person_47563478,Undirected,MS_Rawl_G_171
person_4957,person_4959,Undirected,MS_Rawl_G_171
person_4957,person_4958,Undirected,MS_Rawl_G_171
person_4957,person_1203,Undirected,MS_Rawl_G_171
person_4960,person_47563478,Undirected,MS_Rawl_G_194
person_4961,person_46887859,Undirected,MS_Rawl_G_110
person_4961,person_1203,Undirected,MS_Rawl_G_110
person_4961,person_2857,Undirected,MS_Rawl_G_110
person_4961,person_47563478,Undirected,MS_Rawl_G_110
person_4962,person_47563478,Undirected,MS_Rawl_G_134
person_4965,person_4966,Undirected,MS_Rawl_G_169
person_4965,person_47563478,Undirected,MS_Rawl_G_169
person_4965,person_4964,Undirected,MS_Rawl_G_169
person_49653138,person_41883842,Undirected,MS_Douce_111
person_49653138,person_69848690,Undirected,MS_Douce_111
person_49653138,person_99891587,Undirected,MS_Douce_111
person_4967,person_47563478,Undirected,MS_Rawl_G_162
person_4967,person_1203,Undirected,MS_Rawl_G_162
person_4968,person_3191,Undirected,MS_Bodl_23
person_4968,person_44167598,Undirected,MS_Bodl_23
person_4969,person_3126,Undirected,MS_Bodl_87
person_4969,person_4970,Undirected,MS_Bodl_87
person_4972,person_2857,Undirected,MS_Rawl_G_62
person_4972,person_47563478,Undirected,MS_Rawl_G_62
person_4972,person_4973,Undirected,MS_Rawl_G_62
person_4974,person_47563478,Undirected,MS_Rawl_liturg_f_4
person_4975,person_47563478,Undirected,MS_Rawl_G_168
person_4975,person_4979,Undirected,MS_Rawl_G_168
person_4975,person_4978,Undirected,MS_Rawl_G_168
person_4975,person_4136834,Undirected,MS_Rawl_G_168
person_4977,person_27215170,Undirected,MS_Ashmole_45-part1
person_4977,person_4976,Undirected,MS_Ashmole_45-part1
person_4977,person_18015860,Undirected,MS_Ashmole_45-part1
person_4980,person_47563478,Undirected,MS_Rawl_G_165
person_4980,person_3385,Undirected,MS_Rawl_G_165
person_4980,person_29543710,Undirected,MS_Rawl_G_165
person_4980,person_4982,Undirected,MS_Rawl_G_165
person_4980,person_4981,Undirected,MS_Rawl_G_165
person_4984,person_4985,Undirected,MS_Bodl_985
person_4984,person_3073,Undirected,MS_Bodl_985
person_4986,person_69848690,Undirected,MS_Douce_362
person_4988,person_37729288,Undirected,MS_Hatton_109
person_4989,person_138999790,Undirected,MS_Marshall_132
person_499,person_65084642,Undirected,MS_Eng_poet_d_200
person_4990,person_69004240,Undirected,MS_Laud_Misc_757_R
person_4990,person_54940373,Undirected,MS_Laud_Misc_757_R
person_4991,person_69848690,Undirected,MS_Douce_159
person_4991,person_33157045,Undirected,MS_Douce_159
person_4992,person_26959343,Undirected,MS_Douce_226
person_4992,person_69848690,Undirected,MS_Douce_226
person_4992,person_1203,Undirected,MS_Douce_226
person_4993,person_27284327,Undirected,MS_Douce_236
person_4993,person_69848690,Undirected,MS_Douce_236
person_4996,person_47563478,Undirected,MS_Rawl_poet_241
person_5000,person_2857,Undirected,MS_Rawl_D_483
person_5000,person_47563478,Undirected,MS_Rawl_D_483
person_5001,person_69848690,Undirected,MS_Douce_386
person_5001,person_33157045,Undirected,MS_Douce_386
person_5002,person_41883842,Undirected,MS_Douce_331
person_5002,person_49653138,Undirected,MS_Douce_331
person_5002,person_69848690,Undirected,MS_Douce_331
person_50024557,person_34808813,Undirected,MS_Douce_216
person_50024557,person_69848690,Undirected,MS_Douce_301
person_50024557,person_69848690,Undirected,MS_Douce_216
person_5004,person_5005,Undirected,MS_Tanner_201
person_5004,person_32342661,Undirected,MS_Tanner_201
person_5004,person_11058091,Undirected,MS_Tanner_201
person_50069199,person_73979081,Undirected,MS_Lat_th_e_25
person_50069199,person_267,Undirected,MS_Top_Kent_d_3
person_5007,person_5008,Undirected,MS_Bodl_334
person_5007,person_5006,Undirected,MS_Bodl_334
person_501,person_4164,Undirected,Merton_College_MS_268
person_501,person_4024,Undirected,Merton_College_MS_268
person_501,person_4163,Undirected,Merton_College_MS_268
person_501,person_4162,Undirected,Merton_College_MS_268
person_5010,person_54940373,Undirected,MS_Laud_Misc_171
person_5011,person_59886870,Undirected,MS_Bodl_335
person_5013,person_232214174,Undirected,MS_Bodl_596-part1
person_5013,person_69848690,Undirected,MS_Douce_322
person_5013,person_3499,Undirected,MS_Douce_322
person_5013,person_4703,Undirected,St_Johns_College_MS_208
person_5015,person_47563478,Undirected,MS_Rawl_C_310
person_50151830,person_47563478,Undirected,MS_Rawl_D_938
person_5016,person_47563478,Undirected,MS_Rawl_C_321
person_5017,person_12651892,Undirected,MS_Rawl_C_346
person_5017,person_5018,Undirected,MS_Rawl_C_346
person_5017,person_47563478,Undirected,MS_Rawl_C_346
person_5017,person_86389711,Undirected,MS_Rawl_C_346
person_5021,person_5022,Undirected,MS_Laud_Lat_12
person_5021,person_54940373,Undirected,MS_Laud_Lat_12
person_5023,person_54940373,Undirected,MS_Laud_Lat_13
person_5024,person_5025,Undirected,MS_Bodl_787
person_5024,person_2677,Undirected,MS_Bodl_787
person_5026,person_3875,Undirected,MS_Bodl_465
person_5026,person_3697,Undirected,MS_Bodl_465
person_5028,person_5029,Undirected,MS_Hatton_10
person_5028,person_37729288,Undirected,MS_Hatton_10
person_5031,person_5032,Undirected,MS_Auct_F_3_5-partE
person_50314778,person_2844,Undirected,MS_Lat_liturg_f_5
person_50314778,person_2843,Undirected,MS_Lat_liturg_f_5
person_50314778,person_7488414,Undirected,MS_Lat_liturg_f_5
person_50314778,person_49112785,Undirected,MS_Lat_liturg_f_5
person_50314778,person_2819,Undirected,MS_Lat_liturg_f_5
person_5036,person_5035,Undirected,MS_Bodl_185
person_5036,person_5034,Undirected,MS_Bodl_185
person_5036,person_2677,Undirected,MS_Bodl_185
person_5037,person_2739,Undirected,MS_Bodl_592
person_5037,person_5038,Undirected,MS_Bodl_592
person_5039,person_5041,Undirected,MS_Bodl_769
person_5039,person_5040,Undirected,MS_Bodl_769
person_504,person_1062,Undirected,MS_Lat_liturg_c_36
person_5042,person_100218411,Undirected,MS_Savile_38
person_5042,person_5043,Undirected,MS_Savile_38
person_5044,person_19743305,Undirected,MS_Bodl_1028
person_5044,person_5045,Undirected,MS_Bodl_1028
person_5047,person_5046,Undirected,MS_Bodl_854
person_5048,person_3073,Undirected,MS_Bodl_958
person_5052,person_2384880,Undirected,MS_Canon_Class_Lat_168
person_5052,person_446,Undirected,MS_Canon_Class_Lat_168
person_5055,person_71503387,Undirected,MS_Add_A_61
person_5059,person_69848690,Undirected,MS_Douce_319
person_5059,person_60503019,Undirected,MS_Douce_319
person_5059,person_5096,Undirected,MS_Douce_319
person_5060,person_5061,Undirected,MS_Wood_empt_24
person_5060,person_14803186,Undirected,MS_Wood_empt_24
person_5062,person_14803186,Undirected,MS_Wood_empt_12
person_5063,person_14803186,Undirected,MS_Wood_empt_7
person_5063,person_121287180,Undirected,MS_Wood_empt_7
person_5076,person_5077,Undirected,MS_e_Mus_91
person_5076,person_5075,Undirected,MS_e_Mus_91
person_5076,person_44605253,Undirected,MS_e_Mus_91
person_5076,person_44605253,Undirected,MS_e_Mus_91
person_5078,person_5079,Undirected,MS_e_Mus_226
person_5078,person_5080,Undirected,MS_e_Mus_226
person_5078,person_44605253,Undirected,MS_e_Mus_226
person_5083,person_71740714,Undirected,MS_Bodl_789
person_5083,person_5084,Undirected,MS_Bodl_789
person_5086,person_5088,Undirected,MS_Tanner_13
person_5086,person_5087,Undirected,MS_Tanner_13
person_5086,person_5089,Undirected,MS_Tanner_13
person_5086,person_11058091,Undirected,MS_Tanner_13
person_509,person_3394,Undirected,MS_DOrville_144
person_509,person_3393,Undirected,MS_DOrville_144
person_509,person_24945908,Undirected,MS_DOrville_144
person_509,person_3940,Undirected,MS_DOrville_144
person_509,person_42628884,Undirected,MS_DOrville_144
person_509,person_122351851,Undirected,MS_DOrville_144
person_509,person_3392,Undirected,MS_DOrville_144
person_5091,person_27215170,Undirected,MS_Ashmole_1796
person_5092,person_69848690,Undirected,MS_Douce_4
person_5093,person_5094,Undirected,MS_Douce_2
person_5093,person_69848690,Undirected,MS_Douce_2
person_5095,person_47563478,Undirected,MS_Rawl_C_162
person_5095,person_1203,Undirected,MS_Rawl_C_162
person_5096,person_69848690,Undirected,MS_Douce_323
person_5098,person_37729288,Undirected,MS_Hatton_50
person_5101,person_47563478,Undirected,MS_Rawl_C_537
person_5109,person_41970552,Undirected,MS_Gough_Liturg_16
person_5109,person_41944166,Undirected,MS_Gough_Liturg_16
person_5110,person_41970552,Undirected,MS_Gough_Liturg_4
person_51566395,person_69848690,Undirected,MS_Douce_142
person_51566395,person_47563478,Undirected,MS_Rawl_G_50
person_51566395,person_69848690,Undirected,MS_Douce_157
person_51566395,person_47563478,Undirected,MS_Rawl_D_591
person_51680275,person_6223147,Undirected,MS_Lat_misc_e_125
person_52035948,person_25374986,Undirected,MS_Digby_171
person_52035948,person_49357645,Undirected,MS_Digby_171
person_524,person_54940373,Undirected,MS_Laud_Lat_92
person_52483392,person_54940373,Undirected,MS_Laud_Misc_393
person_525,person_2496,Undirected,MS_Lat_liturg_c_38-part9
person_5320710,person_4007,Undirected,Merton_College_MS_209
person_5320710,person_4108,Undirected,Merton_College_MS_209
person_5320710,person_4008,Undirected,Merton_College_MS_209
person_5320710,person_179339931,Undirected,Merton_College_MS_209
person_533,person_1339,Undirected,MS_Barocci_79
person_54197108,person_59225563,Undirected,MSS_Junius_85-6
person_549,person_758,Undirected,MS_Lat_hist_d_3
person_549,person_212,Undirected,MS_Lat_hist_d_3
person_549,person_74221046,Undirected,MS_Lat_hist_d_3
person_549,person_710,Undirected,MS_Lat_hist_d_3
person_549,person_295,Undirected,MS_Lat_hist_d_3
person_54940373,person_54940373,Undirected,St_Johns_College_MS_111
person_54940373,person_54940373,Undirected,St_Johns_College_MS_64
person_54958072,person_19743305,Undirected,MS_Auct_T_6_1
person_54958072,person_19743305,Undirected,MS_Auct_T_6_1
person_551,person_44167598,Undirected,MS_Bodl_643
person_551,person_44167598,Undirected,MS_Bodl_52
person_551,person_3786,Undirected,MS_Bodl_643
person_551,person_3800,Undirected,MS_Bodl_643
person_55215473,person_14803186,Undirected,MS_Wood_empt_5
person_55215473,person_14803186,Undirected,MS_Wood_empt_22
person_55215473,person_121287180,Undirected,MS_Wood_empt_22
person_55959601,person_102320783,Undirected,MS_Broxb_896
person_55959601,person_311,Undirected,MS_Lat_th_e_31
person_560,person_2615949,Undirected,MS_Lat_liturg_f_27
person_561,person_79255257,Undirected,MS_Lat_liturg_b_9
person_561,person_31986060,Undirected,MS_Lat_liturg_b_9
person_56550656,person_54940373,Undirected,MS_Laud_Misc_550
person_56600502,person_2622547,Undirected,MS_Douce_80
person_56600502,person_69848690,Undirected,MS_Douce_80
person_56776766,person_3394,Undirected,MS_DOrville_97
person_56776766,person_3393,Undirected,MS_DOrville_97
person_56776766,person_3392,Undirected,MS_DOrville_97
person_56776766,person_24945908,Undirected,MS_DOrville_97
person_56951183,person_69848690,Undirected,MS_Douce_174
person_56957239,person_29543710,Undirected,MS_Rawl_G_9
person_56957239,person_47563478,Undirected,MS_Rawl_G_9
person_56996723,person_100180276,Undirected,MS_Lat_misc_b_13-part5
person_5714087,person_51566395,Undirected,MS_Bodl_897
person_5714087,person_47563478,Undirected,MS_Rawl_B_333
person_5714087,person_69848690,Undirected,MS_Douce_101
person_5714087,person_47563478,Undirected,MS_Rawl_D_1225
person_5714087,person_47563478,Undirected,MS_Rawl_G_38
person_5714087,person_8145335,Undirected,MS_Holkham_misc_42
person_5714087,person_3806,Undirected,MS_Bodl_897
person_5714087,person_2857,Undirected,MS_Rawl_B_333
person_572,person_3393,Undirected,MS_DOrville_20
person_572,person_24945908,Undirected,MS_DOrville_20
person_572,person_3392,Undirected,MS_DOrville_20
person_572,person_3394,Undirected,MS_DOrville_20
person_57529656,person_100177277,Undirected,Merton_College_MS_315
person_57529656,person_308770014,Undirected,MS_Canon_Misc_378
person_57529656,person_2384880,Undirected,MS_Canon_Misc_378
person_57529656,person_446,Undirected,MS_Canon_Misc_378
person_58032258,person_159912813,Undirected,MS_Fr_c_25
person_58032258,person_100218411,Undirected,MS_Fr_c_25
person_58032258,person_73979081,Undirected,MS_Fr_c_25
person_58070815,person_2870,Undirected,MS_Rawl_C_168-part2
person_58070815,person_2869,Undirected,MS_Rawl_C_168-part2
person_58070815,person_2871,Undirected,MS_Rawl_C_168-part2
person_5815666,person_46257452,Undirected,MS_Lat_misc_f_40
person_5815666,person_270,Undirected,MS_Lat_misc_f_40
person_5815666,person_315677191,Undirected,MS_Lat_misc_f_40
person_583,person_184,Undirected,MS_Lat_th_d_38
person_583,person_100180276,Undirected,MS_Lat_th_d_38
person_583,person_467,Undirected,MS_Lat_th_d_38
person_59101333,person_73979081,Undirected,MS_Lat_misc_c_75
person_59101333,person_1114,Undirected,MS_Lat_misc_c_75
person_59434926,person_483,Undirected,MS_Lat_th_e_47
person_59434926,person_71362913,Undirected,MS_Lat_misc_e_52
person_59434926,person_100180276,Undirected,MS_Lat_th_e_47
person_59434926,person_19743305,Undirected,MS_Add_C_135
person_59434926,person_73979081,Undirected,MS_Lat_misc_e_52
person_59434961,person_4604,Undirected,St_Johns_College_MS_73
person_59434961,person_59446973,Undirected,St_Johns_College_MS_73
person_59445430,person_95302161,Undirected,MS_Bodl_38
person_59445430,person_237497,Undirected,MS_Bodl_38
person_59445430,person_42155666,Undirected,MS_Bodl_38
person_59445430,person_89119765,Undirected,MS_Bodl_38
person_598,person_595,Undirected,MS_Lat_bib_d_6
person_598,person_322,Undirected,MS_Lat_bib_d_6
person_59886870,person_2906,Undirected,Merton_College_MS_1
person_59886870,person_4003,Undirected,Merton_College_MS_261
person_60226121,person_52035948,Undirected,MS_Bodl_480
person_60226121,person_2677,Undirected,MS_Bodl_480
person_604,person_139,Undirected,MS_Lat_class_b_3
person_60503019,person_2957,Undirected,MS_Bodl_316
person_60503019,person_2958,Undirected,MS_Bodl_316
person_606,person_47563478,Undirected,MS_Rawl_G_48
person_615,person_92143157,Undirected,MS_Holkham_misc_31
person_615,person_584,Undirected,MS_Holkham_misc_31
person_615,person_8145335,Undirected,MS_Holkham_misc_31
person_615,person_27099070,Undirected,MS_Holkham_misc_31
person_615,person_1060,Undirected,MS_Holkham_misc_31
person_615,person_1370,Undirected,MS_Holkham_misc_31
person_61622575,person_24945908,Undirected,MS_DOrville_11
person_61622575,person_3394,Undirected,MS_DOrville_75
person_61622575,person_3393,Undirected,MS_DOrville_75
person_61622575,person_3392,Undirected,MS_DOrville_75
person_61622575,person_24945908,Undirected,MS_DOrville_75
person_61622575,person_3393,Undirected,MS_DOrville_11
person_61622575,person_3394,Undirected,MS_DOrville_11
person_61622575,person_3392,Undirected,MS_DOrville_11
person_61952330,person_886,Undirected,MS_Buchanan_f_2
person_61952330,person_44557546,Undirected,MS_Buchanan_f_2
person_61952330,person_788,Undirected,MS_Buchanan_f_2
person_61952330,person_289125544,Undirected,MS_Buchanan_f_2
person_621,person_837,Undirected,MS_Lat_misc_f_37
person_621,person_998,Undirected,MS_Lat_misc_f_37
person_62331564,person_29543710,Undirected,MS_Rawl_D_893_3-16
person_62331564,person_29543710,Undirected,MS_Rawl_D_893_27-28
person_62331564,person_47563478,Undirected,MS_Rawl_D_893
person_62331564,person_29543710,Undirected,MS_Rawl_D_893_19-26
person_62331564,person_29543710,Undirected,MS_Rawl_D_893_17-18
person_62331564,person_29543710,Undirected,MS_Rawl_D_893
person_624,person_944,Undirected,MS_Lat_th_e_50
person_624,person_440,Undirected,MS_Lat_th_e_50
person_624,person_128,Undirected,MS_Lat_th_e_50
person_624,person_1322,Undirected,MS_Lat_th_e_50
person_624,person_1324,Undirected,MS_Lat_th_e_50
person_624,person_119,Undirected,MS_Lat_th_e_50
person_624,person_201,Undirected,MS_Lat_th_e_50
person_62888077,person_2384880,Undirected,MS_Canon_Ital_140
person_62888077,person_446,Undirected,MS_Canon_Ital_140
person_629,person_100180276,Undirected,MS_Lat_th_e_44
person_629,person_995,Undirected,MS_Lat_th_e_44
person_629,person_982,Undirected,MS_Lat_th_e_44
person_630,person_1049,Undirected,MS_Lat_th_d_39
person_630,person_1235,Undirected,MS_Lat_th_d_39
person_630,person_100180276,Undirected,MS_Lat_th_d_39
person_630,person_64157046,Undirected,MS_Lat_th_d_39
person_631,person_45033010,Undirected,MS_Top_Glouc_d_2
person_631,person_822,Undirected,MS_Top_Glouc_d_2
person_631,person_1108,Undirected,MS_Top_Glouc_d_2
person_631,person_1063,Undirected,MS_Top_Glouc_d_2
person_631,person_172,Undirected,MS_Top_Glouc_d_2
person_63237178,person_8145335,Undirected,MS_Holkham_misc_12
person_63237178,person_17500732,Undirected,MS_Holkham_misc_12
person_63237178,person_39728066,Undirected,MS_Holkham_misc_12
person_6352962,person_28561707,Undirected,MS_Lat_th_c_26
person_6352962,person_235,Undirected,MS_Eng_misc_f_36
person_6352962,person_981,Undirected,MS_Lat_th_c_26
person_6352962,person_842,Undirected,MS_Eng_misc_f_36
person_639,person_925,Undirected,MS_Lat_misc_b_16
person_639,person_168,Undirected,MS_Lat_misc_b_16
person_639,person_1044,Undirected,MS_Lat_misc_b_16
person_64029615,person_68969862,Undirected,MSS_Hatton_113-14
person_64029615,person_37729288,Undirected,MSS_Hatton_113-14
person_64029615,person_5714087,Undirected,MSS_Hatton_113-14
person_64029615,person_59225563,Undirected,MSS_Hatton_113-14
person_64029615,person_61575100,Undirected,MS_Hatton_114
person_64029615,person_138999790,Undirected,MSS_Hatton_113-14
person_64149146,person_890,Undirected,MS_Lat_th_c_30
person_64149146,person_46909597,Undirected,MS_Lat_th_c_30
person_64157046,person_100180276,Undirected,MS_Lat_th_d_37
person_64157046,person_53056049,Undirected,MS_Broxb_856
person_64360152,person_3393,Undirected,MS_DOrville_77
person_64360152,person_3394,Undirected,MS_DOrville_77
person_64360152,person_3392,Undirected,MS_DOrville_77
person_64360152,person_24945908,Undirected,MS_DOrville_95
person_64360152,person_3393,Undirected,MS_DOrville_95
person_64360152,person_3394,Undirected,MS_DOrville_95
person_64360152,person_3392,Undirected,MS_DOrville_95
person_64360152,person_24945908,Undirected,MS_DOrville_77
person_645,person_17991799,Undirected,MS_Germ_g_1
person_64790747,person_64157046,Undirected,MS_Lyell_70
person_64792800,person_24945908,Undirected,MS_DOrville_173
person_64792800,person_3392,Undirected,MS_DOrville_173
person_64792800,person_3393,Undirected,MS_DOrville_173
person_64792800,person_3394,Undirected,MS_DOrville_173
person_64810011,person_32213772,Undirected,MS_Eng_poet_d_208
person_64887459,person_96579640,Undirected,MS_Montagu_e_9
person_64887459,person_483159474183927661550,Undirected,MS_Montagu_e_9
person_64887459,person_46673152,Undirected,MS_Montagu_e_9
person_65071134,person_2677,Undirected,MS_Bodl_447
person_65071134,person_54940373,Undirected,MS_Laud_Misc_114
person_65071134,person_78700418,Undirected,MS_Bodl_297
person_65071134,person_2954,Undirected,MS_Bodl_240
person_65071134,person_2955,Undirected,MS_Bodl_240
person_65071134,person_4805,Undirected,Jesus_College_MS_4
person_65071134,person_4805,Undirected,Jesus_College_MS_3
person_65071134,person_4805,Undirected,MS_Laud_Misc_114
person_65071134,person_47563478,Undirected,MS_Rawl_G_164
person_65071134,person_69280928,Undirected,MS_Laud_Misc_114
person_65146762,person_51869824,Undirected,MS_Lat_th_c_14
person_652,person_338,Undirected,MS_Canon_Class_Lat_60
person_652,person_82,Undirected,MS_Canon_Class_Lat_60
person_652,person_44,Undirected,MS_Canon_Class_Lat_60
person_652,person_2384880,Undirected,MS_Canon_Class_Lat_60
person_652,person_446,Undirected,MS_Canon_Class_Lat_60
person_66318024,person_47563478,Undirected,MS_Rawl_G_26
person_66458681,person_69848690,Undirected,MS_Douce_237
person_66458681,person_69848690,Undirected,MS_Douce_b_2
person_665,person_29543710,Undirected,MS_Rawl_B_205
person_665,person_47563478,Undirected,MS_Rawl_B_205
person_66577430,person_5097,Undirected,MS_Add_A_6
person_66577430,person_19743305,Undirected,MS_Add_A_6
person_66583943,person_69848690,Undirected,MS_Douce_178
person_667,person_984,Undirected,MS_Lat_th_e_34
person_671,person_8145335,Undirected,MS_Holkham_misc_25
person_671,person_27099070,Undirected,MS_Holkham_misc_25
person_671,person_1087,Undirected,MS_Holkham_misc_25
person_67260733,person_56953031,Undirected,MS_DOrville_78
person_67260733,person_3394,Undirected,MS_DOrville_78
person_67260733,person_3393,Undirected,MS_DOrville_78
person_67260733,person_24945908,Undirected,MS_DOrville_78
person_67260733,person_3392,Undirected,MS_DOrville_78
person_67314831,person_308770014,Undirected,MS_Canon_Class_Lat_272
person_67314831,person_2384880,Undirected,MS_Canon_Class_Lat_272
person_67314831,person_54940373,Undirected,MS_Laud_Lat_111
person_67314831,person_2384880,Undirected,MS_Canon_Class_Lat_182
person_67314831,person_446,Undirected,MS_Canon_Class_Lat_272
person_67314831,person_237497,Undirected,MS_Bodl_171
person_67314831,person_39728066,Undirected,MS_Canon_Class_Lat_272
person_67314831,person_446,Undirected,MS_Canon_Class_Lat_182
person_67314831,person_2384880,Undirected,MS_Canon_Gr_11
person_67314831,person_446,Undirected,MS_Canon_Gr_11
person_678,person_44557546,Undirected,MS_Buchanan_e_10
person_678,person_886,Undirected,MS_Buchanan_f_1
person_678,person_44557546,Undirected,MS_Buchanan_f_1
person_678,person_44557546,Undirected,MS_Buchanan_e_13
person_678,person_886,Undirected,MS_Buchanan_e_13
person_678,person_44557546,Undirected,MS_Buchanan_e_8
person_678,person_886,Undirected,MS_Buchanan_e_8
person_678,person_886,Undirected,MS_Buchanan_e_10
person_678,person_886,Undirected,MS_Buchanan_e_2
person_678,person_44557546,Undirected,MS_Buchanan_e_2
person_67932423,person_2919,Undirected,MS_Bodl_385
person_67932423,person_2920,Undirected,MS_Bodl_281
person_67932423,person_2919,Undirected,MS_Bodl_160
person_67932423,person_2919,Undirected,MS_Bodl_271
person_67932423,person_2920,Undirected,MS_Bodl_271
person_67932423,person_2919,Undirected,MS_Bodl_281
person_67932423,person_2920,Undirected,MS_Bodl_217
person_67932423,person_2919,Undirected,MS_Bodl_317
person_67932423,person_2920,Undirected,MS_Bodl_161
person_67932423,person_2920,Undirected,MS_Bodl_385
person_67932423,person_2919,Undirected,MS_Bodl_161
person_67932423,person_2920,Undirected,MS_Bodl_160
person_67932423,person_2920,Undirected,MS_Bodl_317
person_67932423,person_2919,Undirected,MS_Bodl_217
person_68,person_886,Undirected,MS_Buchanan_e_11
person_68,person_44557546,Undirected,MS_Buchanan_e_11
person_68,person_678,Undirected,MS_Buchanan_e_11
person_690,person_819,Undirected,MS_Eng_poet_d_45
person_690,person_1033,Undirected,MS_Eng_poet_d_45
person_690,person_473,Undirected,MS_Eng_poet_d_45
person_690,person_423,Undirected,MS_Eng_poet_d_45
person_690,person_211,Undirected,MS_Eng_poet_d_45
person_691,person_1112,Undirected,MS_Don_c_13
person_691,person_1355,Undirected,MS_Don_c_13
person_691,person_724,Undirected,MS_Don_c_13
person_691,person_96823360,Undirected,MS_Don_c_13
person_69280928,person_15121578,Undirected,MS_Bodl_678
person_69808547,person_3438,Undirected,MS_Add_A_92
person_69808547,person_3439,Undirected,MS_Add_A_92
person_69848690,person_15012552,Undirected,MS_Douce_92
person_69848690,person_13200781,Undirected,MS_Douce_79
person_69854003,person_251157985,Undirected,MS_Barocci_182
person_69868741,person_3392,Undirected,MS_DOrville_100
person_69868741,person_3393,Undirected,MS_DOrville_100
person_69868741,person_3394,Undirected,MS_DOrville_100
person_69868741,person_24945908,Undirected,MS_DOrville_100
person_702,person_2787,Undirected,MS_Auct_D_5_19
person_702,person_2786,Undirected,MS_Auct_D_5_19
person_704,person_999,Undirected,MS_Lat_liturg_b_14
person_70476788,person_64157046,Undirected,MS_Lyell_27
person_70476788,person_194,Undirected,MS_Lyell_27
person_71,person_527,Undirected,MS_Lat_liturg_f_23
person_71,person_76,Undirected,MS_Lat_liturg_f_23
person_71503387,person_71520676,Undirected,MS_Lat_liturg_b_19
person_71740714,person_4713,Undirected,MS_Douce_104
person_71740714,person_69848690,Undirected,MS_Douce_104
person_71748764,person_47563478,Undirected,MS_Rawl_G_29
person_71777891,person_19743305,Undirected,MS_Add_D_3
person_72194429,person_446,Undirected,MS_Canon_Bibl_Lat_18
person_72194429,person_2384880,Undirected,MS_Canon_Bibl_Lat_18
person_72196277,person_49061771,Undirected,St_Johns_College_MS_51
person_72196277,person_49061771,Undirected,St_Johns_College_MS_18
person_73,person_261,Undirected,MS_Lat_bib_d_8
person_73,person_986,Undirected,MS_Lat_bib_d_8
person_73,person_602,Undirected,MS_Lat_bib_d_8
person_73207706,person_170,Undirected,MS_Lat_liturg_e_18
person_73207706,person_169,Undirected,MS_Lat_liturg_e_18
person_73207706,person_76441126,Undirected,MS_Lat_liturg_e_18
person_73719373,person_69848690,Undirected,MS_Douce_24
person_73742847,person_50151830,Undirected,MS_Kennicott_16
person_73742847,person_987,Undirected,MS_Kennicott_16
person_73742847,person_482,Undirected,MS_Kennicott_16
person_73742847,person_165,Undirected,MS_Kennicott_16
person_73742847,person_12343831,Undirected,MS_Kennicott_16
person_739,person_3398,Undirected,MS_Digby_77-part2
person_739,person_25374986,Undirected,MS_Digby_77-part2
person_73979081,person_34570954,Undirected,Christ_Church_MS_473
person_73979081,person_28418540,Undirected,Christ_Church_MS_473
person_73979081,person_95299573,Undirected,MS_Lat_class_e_51
person_73979081,person_271,Undirected,MS_Lat_bib_c_10
person_73979081,person_311,Undirected,MS_Lat_bib_c_10
person_73979081,person_54163116,Undirected,MS_Lat_class_e_51
person_73979081,person_121937048,Undirected,Christ_Church_MS_578
person_73979081,person_89051780,Undirected,MS_Broxb_841
person_73979081,person_74204895,Undirected,MS_Lat_misc_d_13
person_73979081,person_11255508,Undirected,MS_Lat_misc_e_93
person_73979081,person_2615949,Undirected,MS_Lat_th_d_22
person_73979081,person_7818669,Undirected,Christ_Church_MS_578
person_73979081,person_280,Undirected,MS_Lat_class_e_51
person_73993931,person_55959601,Undirected,MS_Lat_th_d_32
person_73993931,person_59453999,Undirected,MS_Lat_th_d_32
person_73993931,person_102320783,Undirected,MS_Lat_th_d_32
person_73993931,person_5680478,Undirected,MS_Lat_th_d_32
person_741,person_1115,Undirected,MS_Lat_liturg_f_31
person_741,person_20486290,Undirected,MS_Lat_liturg_f_31
person_74204895,person_73979081,Undirected,MS_Lat_misc_a_3
person_74204895,person_73979081,Undirected,MS_Lat_misc_b_18
person_74204895,person_278,Undirected,MS_Lat_misc_b_18
person_74204895,person_276,Undirected,MS_Lat_misc_b_18
person_74242715,person_2677,Undirected,MS_Bodl_151
person_74635028,person_10200954,Undirected,MS_Top_Bucks_b_4
person_7488414,person_27215170,Undirected,MS_Ashmole_46
person_7488414,person_3910,Undirected,MS_Ashmole_46
person_7488414,person_27215170,Undirected,MS_Ashmole_46
person_7488414,person_18015860,Undirected,MS_Ashmole_46
person_7488414,person_4328,Undirected,Exeter_College_MS_49
person_7488414,person_74757880,Undirected,MS_Ashmole_46
person_7488414,person_44167598,Undirected,MS_Bodl_596-part2
person_7496214,person_33157045,Undirected,MS_Douce_195
person_7496214,person_3276242,Undirected,MS_Douce_195
person_7496214,person_69848690,Undirected,MS_Douce_195
person_751,person_1274,Undirected,MS_Holkham_misc_39
person_751,person_8145335,Undirected,MS_Holkham_misc_39
person_751,person_1071,Undirected,MS_Holkham_misc_39
person_751,person_713,Undirected,MS_Holkham_misc_39
person_7515346,person_8145335,Undirected,MS_Holkham_misc_33
person_7515346,person_8145335,Undirected,MS_Holkham_misc_36
person_7515346,person_8145335,Undirected,MS_Holkham_misc_26
person_7524651,person_89657091,Undirected,St_Johns_College_MS_134
person_7524651,person_59434961,Undirected,St_Johns_College_MS_134
person_7524651,person_100184667,Undirected,St_Johns_College_MS_134
person_7524651,person_66806872,Undirected,St_Johns_College_MS_134
person_753,person_73979081,Undirected,MS_Lat_th_d_23
person_753,person_2615949,Undirected,MS_Lat_th_d_23
person_762,person_22146194,Undirected,MS_Lat_th_b_4
person_762,person_27824573,Undirected,MS_Lat_th_b_4
person_762,person_1012,Undirected,MS_Lat_th_b_4
person_762,person_253,Undirected,MS_Lat_th_b_4
person_76466245,person_10,Undirected,MS_Bywater_3
person_76466245,person_76391283,Undirected,MS_Bywater_3
person_76466245,person_607,Undirected,MS_Bywater_3
person_76466245,person_13116646,Undirected,MS_Auct_F_1_12
person_76466245,person_1391,Undirected,MS_Bywater_3
person_76466245,person_22146194,Undirected,MS_Buchanan_c_1
person_76466245,person_203868329,Undirected,MS_Auct_F_1_12
person_76466245,person_100218411,Undirected,MS_Auct_F_1_12
person_76466245,person_886,Undirected,MS_Buchanan_c_1
person_76466245,person_44557546,Undirected,MS_Buchanan_c_1
person_76466245,person_2928,Undirected,MS_Auct_F_1_12
person_76466245,person_43812064,Undirected,MS_Buchanan_c_1
person_76466245,person_1012,Undirected,MS_Buchanan_c_1
person_76597685,person_12545856,Undirected,MS_Auct_T_2_22
person_76667490,person_14803186,Undirected,MS_Wood_empt_19
person_77119635,person_2933,Undirected,Merton_College_MS_248
person_77119635,person_96298161,Undirected,Merton_College_MS_248
person_77119635,person_4066,Undirected,Merton_College_MS_248
person_7725926,person_2677,Undirected,MS_Bodl_97
person_773,person_52779630,Undirected,MS_Lat_class_e_30
person_773,person_1077,Undirected,MS_Lat_class_e_30
person_77495923,person_54940373,Undirected,MS_Laud_Misc_278
person_7762155769101127880003,person_1203,Undirected,MS_Rawl_G_47
person_7762155769101127880003,person_47563478,Undirected,MS_Rawl_G_47
person_7785521,person_77119635,Undirected,Merton_College_MS_234
person_7785521,person_96298161,Undirected,Merton_College_MS_234
person_7785521,person_2933,Undirected,Merton_College_MS_234
person_7785521,person_53514732,Undirected,Merton_College_MS_234
person_779,person_518,Undirected,MS_Bywater_1
person_779,person_76391283,Undirected,MS_Bywater_1
person_786,person_177,Undirected,MS_Lat_misc_e_82
person_786,person_73993931,Undirected,MS_Lat_misc_e_82
person_786,person_59453999,Undirected,MS_Lat_misc_e_82
person_786,person_5680478,Undirected,MS_Lat_misc_e_82
person_786,person_55959601,Undirected,MS_Lat_misc_e_82
person_78782481,person_10088376,Undirected,MS_Lat_th_d_28
person_78782481,person_34804713,Undirected,MS_Lat_th_d_28
person_78782481,person_73979081,Undirected,MS_Lat_th_d_28
person_78782481,person_137,Undirected,MS_Lat_th_d_28
person_789,person_1331,Undirected,MS_Lat_class_e_31
person_789,person_52779630,Undirected,MS_Lat_class_e_31
person_79,person_61630238,Undirected,MS_Lat_class_d_28
person_79120136,person_2943,Undirected,MS_Auct_F_inf_1_1
person_79120136,person_47563478,Undirected,MS_Rawl_D_358
person_79120136,person_2942,Undirected,MS_Auct_F_inf_1_1
person_79120136,person_3385,Undirected,MS_Rawl_D_358
person_79120136,person_4230,Undirected,Merton_College_MS_318
person_79120136,person_29543710,Undirected,MS_Rawl_D_358
person_79251628,person_9856931,Undirected,Christ_Church_MS_104
person_79251628,person_2662,Undirected,Christ_Church_MS_104
person_793,person_53781126,Undirected,MS_Lat_class_d_42
person_793,person_73978267,Undirected,MS_Lat_class_d_42
person_793,person_350,Undirected,MS_Lat_class_d_42
person_793,person_792,Undirected,MS_Lat_class_d_42
person_793,person_559,Undirected,MS_Lat_class_d_42
person_793452,person_24663573,Undirected,MS_Radcliffe_Trust_d_2
person_793452,person_73979081,Undirected,MS_Radcliffe_Trust_d_2
person_80945311,person_51728429,Undirected,MS_Selden_Supra_30
person_81,person_101092513,Undirected,MS_Lat_misc_e_123
person_81,person_73979081,Undirected,MS_Lat_misc_e_123
person_81,person_33406322,Undirected,MS_Lat_misc_e_123
person_81,person_472,Undirected,MS_Lat_misc_e_123
person_8145335,person_35523287,Undirected,MS_Holkham_Gr_29
person_8145335,person_2923,Undirected,MS_Holkham_Gr_29
person_8145335,person_32152380097201762100,Undirected,MS_Holkham_Gr_84
person_8145335,person_2691,Undirected,MS_Holkham_Gr_58
person_8145335,person_67314831,Undirected,MS_Holkham_Gr_5
person_8145335,person_32152380097201762100,Undirected,MS_Holkham_Gr_90
person_8145335,person_2691,Undirected,MS_Holkham_Gr_107
person_8145335,person_2704,Undirected,MS_Holkham_Gr_107
person_8145335,person_106872042,Undirected,MS_Holkham_Gr_58
person_8145335,person_100975049,Undirected,MS_Holkham_Gr_97
person_8145335,person_106872042,Undirected,MS_Holkham_Gr_107
person_8145335,person_35523287,Undirected,MS_Holkham_Gr_102
person_8145335,person_32152380097201762100,Undirected,MS_Holkham_Gr_103
person_8147156497236717740004,person_51728429,Undirected,MS_Selden_Supra_66
person_8147156497236717740004,person_37729288,Undirected,MS_Hatton_38
person_818,person_88674942,Undirected,MS_Top_Yorks_c_72
person_818,person_462,Undirected,MS_Top_Yorks_c_72
person_8264736,person_2384880,Undirected,MS_Canon_Bibl_Lat_87
person_8264736,person_446,Undirected,MS_Canon_Bibl_Lat_87
person_83621528,person_3073,Undirected,MS_Bodl_940
person_83621528,person_3072,Undirected,MS_Bodl_940
person_840,person_8145335,Undirected,MS_Holkham_misc_9
person_841,person_31991399,Undirected,MS_Lat_liturg_e_42
person_8562550,person_44557546,Undirected,MS_Buchanan_e_7
person_8562550,person_678,Undirected,MS_Buchanan_e_7
person_8562550,person_1174,Undirected,MS_Buchanan_e_7
person_8562550,person_295781431,Undirected,MS_Buchanan_e_7
person_8562550,person_886,Undirected,MS_Buchanan_e_7
person_859,person_368,Undirected,MS_Don_f_33
person_860,person_744,Undirected,MS_Lat_th_d_34
person_860,person_1267,Undirected,MS_Lat_th_d_34
person_860,person_1138,Undirected,MS_Lat_th_d_34
person_862,person_59453999,Undirected,MS_Eng_th_d_36
person_862,person_11255508,Undirected,MS_Eng_th_d_36
person_862,person_25444830,Undirected,MS_Eng_th_d_36
person_862,person_1261,Undirected,MS_Eng_th_d_36
person_8635163335764303270002,person_19743305,Undirected,MS_Add_C_249
person_86920837,person_25374986,Undirected,MS_Bodl_198
person_86920837,person_2792858,Undirected,MS_Bodl_198
person_873414,person_64132346,Undirected,MS_Bodl_472
person_874,person_1247,Undirected,MS_Lat_th_c_23
person_874,person_537,Undirected,MS_Lat_th_c_23
person_874,person_1164,Undirected,MS_Lat_th_c_23
person_879,person_279,Undirected,MS_Lat_bib_f_2
person_879,person_1001,Undirected,MS_Lat_bib_f_2
person_879,person_665,Undirected,MS_Lat_bib_f_2
person_879,person_47279,Undirected,MS_Lat_bib_f_2
person_879,person_924,Undirected,MS_Lat_bib_f_2
person_879,person_202,Undirected,MS_Lat_bib_f_2
person_879,person_1000,Undirected,MS_Lat_bib_f_2
person_879,person_889,Undirected,MS_Lat_bib_f_2
person_879,person_468,Undirected,MS_Lat_bib_f_2
person_880,person_54181731,Undirected,MS_Lat_liturg_g_5
person_880,person_112166886,Undirected,MS_Lat_liturg_g_5
person_885,person_205,Undirected,MS_Fr_c_50
person_88717722,person_69848690,Undirected,MS_Douce_40
person_88748610,person_95302161,Undirected,MS_Auct_F_4_19
person_88748610,person_4931803,Undirected,MS_Auct_F_4_19
person_88748610,person_237497,Undirected,MS_Auct_F_2_9
person_88748610,person_95302161,Undirected,MS_Auct_F_2_9
person_88748610,person_4931803,Undirected,MS_Auct_F_2_9
person_88748610,person_237497,Undirected,MS_Auct_F_5_3
person_88748610,person_95302161,Undirected,MS_Auct_F_5_3
person_88748610,person_237497,Undirected,MS_Auct_F_4_19
person_88748610,person_4931803,Undirected,MS_Auct_F_5_3
person_88788847,person_54940373,Undirected,MS_Laud_Misc_636
person_88788847,person_12652996,Undirected,MS_Laud_Misc_636
person_88788847,person_49234661,Undirected,MS_Laud_Misc_636
person_88880190,person_17500732,Undirected,MS_Holkham_misc_18
person_88880190,person_8145335,Undirected,MS_Holkham_misc_18
person_88880190,person_116,Undirected,MS_Holkham_misc_18
person_88880190,person_135,Undirected,MS_Holkham_misc_18
person_88923278,person_12545856,Undirected,MS_Auct_T_2_26
person_88923278,person_76597685,Undirected,MS_Auct_T_2_26
person_89176995,person_69848690,Undirected,MS_Douce_332
person_89271641,person_20511926,Undirected,MS_Lat_class_c_12
person_89271641,person_675,Undirected,MS_Lat_class_c_12
person_89271641,person_73979081,Undirected,MS_Lat_class_c_12
person_89271641,person_20511926,Undirected,MS_Lat_class_c_11
person_89271641,person_675,Undirected,MS_Lat_class_c_11
person_89271641,person_73979081,Undirected,MS_Lat_class_c_11
person_89407540,person_3393,Undirected,MS_DOrville_137
person_89407540,person_24945908,Undirected,MS_DOrville_137
person_89407540,person_3394,Undirected,MS_DOrville_137
person_89407540,person_3392,Undirected,MS_DOrville_137
person_89407540,person_49234805,Undirected,MS_DOrville_137
person_89623095,person_64157046,Undirected,MS_Lyell_54
person_89623095,person_17394594,Undirected,MS_Lyell_54
person_89752946,person_76391283,Undirected,MS_Bywater_16
person_89818154,person_2792858,Undirected,St_Johns_College_MS_17
person_89818154,person_4776,Undirected,St_Johns_College_MS_17
person_89818154,person_14849374,Undirected,St_Johns_College_MS_17
person_89818154,person_4777,Undirected,St_Johns_College_MS_17
person_89818154,person_49061771,Undirected,St_Johns_College_MS_17
person_89818154,person_54940373,Undirected,St_Johns_College_MS_17
person_89818154,person_37261411,Undirected,St_Johns_College_MS_17
person_89818154,person_4778,Undirected,St_Johns_College_MS_17
person_89818154,person_4779,Undirected,St_Johns_College_MS_17
person_89876881,person_32753361,Undirected,MS_Add_A_286
person_90100063,person_2384880,Undirected,MS_Canon_Class_Lat_112
person_90100063,person_446,Undirected,MS_Canon_Class_Lat_112
person_90635912,person_446,Undirected,MS_Canon_Class_Lat_131
person_90635912,person_2384880,Undirected,MS_Canon_Class_Lat_131
person_910,person_100180276,Undirected,MS_Lat_misc_f_39
person_91493431,person_73943656,Undirected,Trinity_College_MS_93
person_918,person_1088,Undirected,MS_Don_d_85
person_918,person_42212849,Undirected,MS_Don_d_85
person_918,person_38088759,Undirected,MS_Don_d_85
person_918,person_11255508,Undirected,MS_Don_d_85
person_918,person_4443779,Undirected,MS_Don_d_85
person_918,person_820,Undirected,MS_Don_d_85
person_918,person_518,Undirected,MS_Don_d_85
person_918,person_37807295,Undirected,MS_Don_d_85
person_918,person_39249508,Undirected,MS_Don_d_85
person_918,person_58984850,Undirected,MS_Don_d_85
person_918,person_64862916,Undirected,MS_Don_d_85
person_920,person_277168444,Undirected,MS_Finch_g_1
person_920,person_1225,Undirected,MS_Finch_g_1
person_92144648496325415366,person_67932423,Undirected,MS_Bodl_251
person_92144648496325415366,person_2920,Undirected,MS_Bodl_251
person_92144648496325415366,person_2919,Undirected,MS_Bodl_251
person_934,person_5314321,Undirected,MS_Lat_th_c_15
person_934,person_2615949,Undirected,MS_Lat_th_c_15
person_934,person_73979081,Undirected,MS_Lat_th_c_15
person_951,person_68920650,Undirected,MS_Ital_d_5
person_95302161,person_237497,Undirected,MS_Auct_F_2_3
person_95302161,person_237497,Undirected,MS_Auct_F_2_1
person_95302161,person_237497,Undirected,MS_Auct_F_1_18
person_95302161,person_3941,Undirected,MS_DOrville_171
person_95302161,person_3394,Undirected,MS_DOrville_171
person_95302161,person_3392,Undirected,MS_DOrville_171
person_95302161,person_3393,Undirected,MS_DOrville_171
person_95302161,person_237497,Undirected,MS_Auct_F_4_29
person_95302161,person_24945908,Undirected,MS_DOrville_171
person_95302161,person_237497,Undirected,MS_Auct_F_2_4
person_95302161,person_3392,Undirected,MS_DOrville_71
person_95302161,person_237497,Undirected,MS_Auct_F_2_6
person_95302161,person_24945908,Undirected,MS_DOrville_162
person_95302161,person_3392,Undirected,MS_DOrville_162
person_95302161,person_3393,Undirected,MS_DOrville_162
person_95302161,person_237497,Undirected,MS_Auct_F_4_20
person_95302161,person_237497,Undirected,MS_Auct_F_4_34
person_95302161,person_237497,Undirected,MS_Auct_F_6_9
person_95302161,person_237497,Undirected,MS_Auct_F_4_21
person_95302161,person_2479653,Undirected,MS_Auct_F_4_21
person_95302161,person_2857,Undirected,MS_Rawl_G_103
person_95302161,person_3394,Undirected,MS_DOrville_162
person_95302161,person_17244782,Undirected,MS_Auct_F_2_6
person_95302161,person_237497,Undirected,MS_Auct_F_4_30
person_95302161,person_24945908,Undirected,MS_DOrville_71
person_95302161,person_3393,Undirected,MS_DOrville_71
person_95302161,person_3394,Undirected,MS_DOrville_71
person_95302161,person_237497,Undirected,MS_Auct_F_2_28
person_95302161,person_47563478,Undirected,MS_Rawl_G_103
person_95302161,person_237497,Undirected,MS_Auct_F_2_12
person_95302161,person_237497,Undirected,MS_Auct_F_3_1
person_95302161,person_237497,Undirected,MS_Auct_F_4_24
person_95302161,person_4931803,Undirected,MS_Auct_F_4_24
person_95322975,person_1563669,Undirected,MS_Add_C_29
person_95322975,person_88612365,Undirected,MS_Add_C_29
person_95322975,person_213137954,Undirected,MS_Add_C_29
person_95890653,person_100183464,Undirected,MS_Bodl_238
person_95950614,person_69848690,Undirected,MS_Douce_200
person_96298161,person_4066,Undirected,Merton_College_MS_19
person_96298161,person_4066,Undirected,Merton_College_MS_237
person_96298161,person_2933,Undirected,Merton_College_MS_282
person_96298161,person_4183,Undirected,Merton_College_MS_282
person_96298161,person_53514732,Undirected,Merton_College_MS_297
person_96298161,person_4066,Undirected,Merton_College_MS_297
person_96298161,person_4066,Undirected,Merton_College_MS_279
person_96298161,person_2996,Undirected,Merton_College_MS_252
person_96298161,person_2933,Undirected,Merton_College_MS_291
person_96298161,person_4066,Undirected,Merton_College_MS_291
person_96298161,person_4068,Undirected,Merton_College_MS_140
person_96298161,person_2996,Undirected,Merton_College_MS_237
person_96298161,person_4066,Undirected,Merton_College_MS_166
person_96298161,person_4066,Undirected,Merton_College_MS_35
person_96298161,person_2933,Undirected,Merton_College_MS_35
person_96298161,person_2896,Undirected,Merton_College_MS_35
person_96298161,person_3138,Undirected,Merton_College_MS_19
person_96298161,person_2996,Undirected,Merton_College_MS_166
person_96298161,person_2933,Undirected,Merton_College_MS_227
person_96298161,person_4374,Undirected,Merton_College_MS_239
person_96298161,person_4066,Undirected,Merton_College_MS_239
person_96298161,person_2996,Undirected,Merton_College_MS_239
person_96298161,person_4066,Undirected,Merton_College_MS_170
person_96298161,person_2996,Undirected,Merton_College_MS_170
person_96298161,person_2896,Undirected,Merton_College_MS_158
person_96298161,person_59818674,Undirected,Merton_College_MS_294
person_96298161,person_2996,Undirected,Merton_College_MS_158
person_96298161,person_2933,Undirected,Merton_College_MS_216
person_96298161,person_4066,Undirected,Merton_College_MS_149
person_96298161,person_2996,Undirected,Merton_College_MS_149
person_96298161,person_2996,Undirected,Merton_College_MS_190
person_96298161,person_4066,Undirected,Merton_College_MS_27
person_96298161,person_2996,Undirected,Merton_College_MS_27
person_96298161,person_4066,Undirected,Merton_College_MS_216
person_96298161,person_2996,Undirected,Merton_College_MS_238
person_96298161,person_4066,Undirected,Merton_College_MS_294
person_96298161,person_29877471,Undirected,Merton_College_MS_257
person_96298161,person_4002,Undirected,Merton_College_MS_138
person_96298161,person_4066,Undirected,Merton_College_MS_138
person_96298161,person_2933,Undirected,Merton_College_MS_138
person_96298161,person_4066,Undirected,Merton_College_MS_305
person_96298161,person_2933,Undirected,Merton_College_MS_305
person_96298161,person_2996,Undirected,Merton_College_MS_311
person_96298161,person_4019,Undirected,Merton_College_MS_103
person_96298161,person_4066,Undirected,Merton_College_MS_249
person_96298161,person_2996,Undirected,Merton_College_MS_249
person_96298161,person_2933,Undirected,Exeter_College_MS_32
person_96298161,person_3207,Undirected,MS_Bodl_195
person_96298161,person_100183464,Undirected,MS_Bodl_195
person_96298161,person_2933,Undirected,Merton_College_MS_294
person_96298161,person_2996,Undirected,Merton_College_MS_295
person_96298161,person_2933,Undirected,Merton_College_MS_295
person_96298161,person_4187,Undirected,Merton_College_MS_281
person_96298161,person_4153,Undirected,Merton_College_MS_257
person_96298161,person_2996,Undirected,Merton_College_MS_242
person_96298161,person_96298161,Undirected,Merton_College_MS_281
person_96298161,person_96298161,Undirected,Merton_College_MS_281
person_96298161,person_2933,Undirected,Merton_College_MS_281
person_96298161,person_96298161,Undirected,Merton_College_MS_281
person_96298161,person_4066,Undirected,Merton_College_MS_281
person_96298161,person_4170,Undirected,Merton_College_MS_281
person_96298161,person_4189,Undirected,Merton_College_MS_281
person_96298161,person_4186,Undirected,Merton_College_MS_281
person_96298161,person_4185,Undirected,Merton_College_MS_281
person_96298161,person_4184,Undirected,Merton_College_MS_281
person_96298161,person_4188,Undirected,Merton_College_MS_281
person_96298161,person_4066,Undirected,Merton_College_MS_238
person_96800842,person_96800842,Undirected,Merton_College_MS_250-part1
person_96926832,person_39246400,Undirected,MS_Bodl_277
person_96926832,person_39246400,Undirected,MS_Bodl_277
person_97107753,person_2663,Undirected,Christ_Church_MS_180
person_973,person_542,Undirected,MS_Lat_bib_e_7
person_973,person_899,Undirected,MS_Lat_bib_e_7
person_973,person_3318,Undirected,MS_Lat_bib_e_7
person_973,person_20486290,Undirected,MS_Lat_bib_e_7
person_973,person_50,Undirected,MS_Lat_bib_e_7
person_9865630,person_3392,Undirected,MS_DOrville_112
person_9865630,person_24945908,Undirected,MS_DOrville_112
person_9865630,person_3394,Undirected,MS_DOrville_74
person_9865630,person_3393,Undirected,MS_DOrville_74
person_9865630,person_3392,Undirected,MS_DOrville_74
person_9865630,person_24945908,Undirected,MS_DOrville_74
person_9865630,person_3393,Undirected,MS_DOrville_112
person_9865630,person_3394,Undirected,MS_DOrville_112
person_9867884,person_24945908,Undirected,MS_DOrville_174
person_9867884,person_3392,Undirected,MS_DOrville_174
person_9867884,person_3393,Undirected,MS_DOrville_174
person_9867884,person_3394,Undirected,MS_DOrville_174
person_989,person_269,Undirected,MS_Eng_hist_c_380
person_989,person_1048,Undirected,MS_Eng_hist_c_380
person_993,person_100180276,Undirected,MS_Lat_th_b_6
person_993,person_64157046,Undirected,MS_Lat_th_b_6
person_993,person_1082,Undirected,MS_Lat_th_b_6
person_993,person_86384078,Undirected,MS_Lat_th_b_6
person_9964166,person_2384880,Undirected,MS_Canon_Class_Lat_147
person_9964166,person_446,Undirected,MS_Canon_Class_Lat_147
person_99891587,person_69848690,Undirected,MS_Douce_152
