Source,Target,Type,Label
work_10002,work_1714,Undirected,MS_Douce_365
work_10002,work_15369,Undirected,MS_Douce_365
work_10002,work_13324,Undirected,MS_Douce_365
work_10002,work_3109,Undirected,MS_Douce_365
work_10002,work_4119,Undirected,MS_Douce_365
work_10002,work_15368,Undirected,MS_Douce_365
work_10002,work_11673,Undirected,MS_Douce_365
work_10002,work_3675,Undirected,MS_Douce_365
work_10014,work_12636,Undirected,MS_Gr_class_e_38_P
work_10014,work_11583,Undirected,MS_Gr_class_f_21_P
work_10029,work_15123,Undirected,MS_Eng_hist_e_29
work_10029,work_10034,Undirected,MS_Eng_hist_e_29
work_10029,work_10055,Undirected,MS_Eng_hist_e_29
work_10039,work_10030,Undirected,MS_Eng_hist_b_211
work_1004,work_14999,Undirected,MS_Rawl_A_429
work_1004,work_15246,Undirected,MS_Rawl_A_429
work_1004,work_15091,Undirected,MS_Rawl_A_429
work_1004,work_12151,Undirected,MS_Rawl_A_429
work_1004,work_13862,Undirected,MS_Rawl_A_429
work_1004,work_15160,Undirected,MS_e_Mus_161
work_1004,work_13181,Undirected,MS_Rawl_A_429
work_1004,work_13860,Undirected,MS_Rawl_A_429
work_1004,work_2808,Undirected,MS_Rawl_A_429
work_1004,work_15308,Undirected,MS_e_Mus_161
work_10046,work_11583,Undirected,MS_Gr_class_e_59_P-part1
work_10068,work_11421,Undirected,MS_Gr_class_d_60_P
work_1007,work_3363,Undirected,St_Johns_College_MS_73
work_1007,work_14563,Undirected,MS_Douce_330
work_1007,work_1211,Undirected,Trinity_College_MS_34
work_1007,work_2649,Undirected,MS_Douce_330
work_1009,work_12044,Undirected,MS_Canon_Misc_313
work_1009,work_1010,Undirected,MS_Canon_Misc_313
work_10096,work_10852,Undirected,MS_Auct_D_1_11
work_10096,work_10852,Undirected,MS_Auct_D_1_12
work_10096,work_10227,Undirected,MS_Auct_D_1_11
work_10096,work_310,Undirected,MS_Digby_151
work_10096,work_10230,Undirected,MS_Auct_D_1_12
work_10096,work_12039,Undirected,MS_Digby_151
work_10096,work_15232,Undirected,MS_Digby_151
work_10096,work_2089,Undirected,MS_Digby_151
work_10098,work_14703,Undirected,MS_E_D_Clarke_9
work_10098,work_10851,Undirected,MS_E_D_Clarke_9
work_10099,work_10227,Undirected,MS_Laud_Misc_87-part2
work_10103,work_15240,Undirected,MS_Digby_66
work_10103,work_1983,Undirected,MS_Digby_66
work_10103,work_6551,Undirected,MS_Hamilton_54-part17
work_10103,work_6552,Undirected,MS_Hamilton_54-part17
work_1012,work_4002,Undirected,MS_Holkham_misc_26
work_1012,work_1926,Undirected,MS_Holkham_misc_26
work_10124,work_933,Undirected,MS_Auct_T_6_1
work_10124,work_2678,Undirected,MS_Auct_T_6_1
work_10128,work_12208,Undirected,MS_Rawl_C_212
work_10143,work_4112,Undirected,MS_Bodl_177-part4
work_10143,work_10409,Undirected,MS_Rawl_C_486
work_10143,work_15133,Undirected,MS_Rawl_C_486
work_10143,work_15018,Undirected,MS_Bodl_177-part4
work_10143,work_6060,Undirected,MS_Bodl_177-part4
work_10143,work_3626,Undirected,MS_Bodl_177-part4
work_10143,work_10396,Undirected,MS_Bodl_177-part4
work_10143,work_13951,Undirected,MS_Bodl_177-part4
work_10143,work_343,Undirected,MS_Digby_119-part1
work_10143,work_14950,Undirected,MS_Bodl_177-part4
work_10143,work_10154,Undirected,MS_Digby_119-part1
work_10144,work_2531,Undirected,MS_Fairfax_22
work_10152,work_11988,Undirected,MS_Ashmole_1448-part1
work_10153,work_10142,Undirected,MS_Digby_164-part2
work_10153,work_10142,Undirected,MS_Digby_164-part1
work_10153,work_1079,Undirected,MS_Digby_164-part2
work_10153,work_3865,Undirected,MS_Digby_164-part2
work_10154,work_13221,Undirected,MSS_Ashmole_1457-8
work_10154,work_14235,Undirected,MSS_Ashmole_1457-8
work_10154,work_10149,Undirected,MSS_Ashmole_1457-8
work_10154,work_177,Undirected,MS_Digby_162
work_10154,work_12806,Undirected,MS_Digby_162
work_10154,work_13131,Undirected,MS_Digby_162
work_10154,work_13232,Undirected,MS_Digby_162
work_10154,work_13232,Undirected,MSS_Ashmole_1457-8
work_10154,work_14685,Undirected,MS_Digby_71-part4
work_10154,work_1063,Undirected,MS_Canon_Misc_312
work_10154,work_10154,Undirected,MS_Ashmole_1441
work_10154,work_6764,Undirected,MS_Ashmole_1450-part5
work_10154,work_4975,Undirected,MS_Digby_119-part2
work_10154,work_13206,Undirected,MS_Ashmole_1451-part1
work_10154,work_6714,Undirected,MS_Ashmole_1441
work_10154,work_6713,Undirected,MS_Ashmole_1441
work_10154,work_10154,Undirected,MS_Ashmole_1450-part5
work_10154,work_10149,Undirected,MS_Ashmole_1441
work_10154,work_4101,Undirected,MS_Ashmole_1441
work_10154,work_4101,Undirected,MS_Ashmole_1441
work_10154,work_10154,Undirected,MS_Ashmole_1441
work_10154,work_10154,Undirected,MS_Ashmole_1441
work_10154,work_6715,Undirected,MS_Ashmole_1441
work_10154,work_10154,Undirected,MS_Ashmole_1441
work_10154,work_10149,Undirected,MS_Ashmole_1441
work_10154,work_13947,Undirected,MS_Canon_Misc_316
work_10157,work_13205,Undirected,MS_Ashmole_1486-part1
work_10158,work_10140,Undirected,MS_Ashmole_1423-part6
work_1016,work_1018,Undirected,MS_Digby_104-part9
work_1016,work_1017,Undirected,MS_Digby_104-part9
work_10160,work_12154,Undirected,MS_e_Mus_63-part2
work_10162,work_14236,Undirected,MS_Canon_Ital_185
work_10162,work_15463,Undirected,MS_Canon_Ital_185
work_10166,work_15604,Undirected,MS_Canon_Misc_348
work_10168,work_16064,Undirected,MS_Rawl_A_417
work_10183,work_11846,Undirected,MS_Bywater_17
work_10183,work_11846,Undirected,MS_Bywater_17
work_10185,work_14342,Undirected,MS_Douce_326
work_1019,work_1018,Undirected,MS_Laud_Misc_703
work_10193,work_14034,Undirected,MS_Bodl_452-part2
work_1020,work_1658,Undirected,MS_Canon_Misc_455
work_1020,work_13232,Undirected,MS_Canon_Misc_455
work_1020,work_3605,Undirected,MS_Canon_Misc_455
work_1020,work_14255,Undirected,MS_Canon_Misc_455
work_1020,work_3635,Undirected,MS_Canon_Misc_411
work_10205,work_3133,Undirected,MS_Rawl_C_184
work_10205,work_13209,Undirected,MS_Canon_Misc_344
work_10215,work_12325,Undirected,MS_Laud_Misc_284-partA
work_10223,work_13863,Undirected,MS_Fr_e_22
work_10225,work_10227,Undirected,MS_Douce_180
work_10226,work_16913,Undirected,MS_Auct_D_4_14
work_10226,work_16913,Undirected,MS_Ashmole_753
work_10227,work_1944,Undirected,MS_Auct_D_inf_2_8
work_10230,work_1007,Undirected,MS_Auct_D_4_12-part1
work_10230,work_14660,Undirected,MS_Auct_D_4_12-part1
work_1024,work_7321,Undirected,MS_Laud_Misc_212
work_1024,work_4974,Undirected,St_Johns_College_MS_98-part7
work_1024,work_5832,Undirected,St_Johns_College_MS_98-part7
work_1024,work_1032,Undirected,MS_Rawl_C_286
work_1024,work_1026,Undirected,MS_Rawl_C_286
work_1024,work_6230,Undirected,MS_Laud_Misc_212
work_1024,work_5785,Undirected,Merton_College_MS_42
work_1024,work_1022,Undirected,MS_Laud_Misc_212
work_1024,work_14583,Undirected,MS_Canon_Pat_Lat_94
work_1024,work_1027,Undirected,MS_Canon_Pat_Lat_94
work_1024,work_4987,Undirected,MS_Laud_Misc_227
work_1024,work_1040,Undirected,MS_Laud_Misc_227
work_1024,work_1026,Undirected,MS_Laud_Misc_227
work_1024,work_1027,Undirected,MS_Rawl_C_286
work_1024,work_1041,Undirected,MS_Bodl_168
work_1024,work_14583,Undirected,MS_Rawl_C_286
work_1024,work_1036,Undirected,MS_Bodl_168
work_1024,work_1032,Undirected,MS_Laud_Misc_212
work_1024,work_1026,Undirected,MS_Laud_Misc_212
work_1024,work_6293,Undirected,MS_Bodl_168
work_1024,work_6227,Undirected,MS_Laud_Misc_212
work_1024,work_1022,Undirected,MS_Rawl_C_286
work_1024,work_1027,Undirected,MS_Laud_Misc_212
work_1024,work_1040,Undirected,MS_Laud_Misc_212
work_1024,work_1030,Undirected,MS_Laud_Misc_212
work_1024,work_1054,Undirected,MS_Laud_Misc_212
work_1024,work_1028,Undirected,MS_Laud_Misc_212
work_1024,work_5094,Undirected,MS_Bodl_168
work_1024,work_1914,Undirected,MS_Laud_Misc_212
work_1024,work_6228,Undirected,MS_Laud_Misc_212
work_10241,work_7609,Undirected,MS_Digby_166-part6
work_10241,work_5064,Undirected,MS_Bodl_57-partL
work_10241,work_12907,Undirected,MS_Digby_166-part6
work_10241,work_11440,Undirected,MS_Digby_166-part6
work_1026,work_5102,Undirected,MS_Laud_Misc_507
work_1026,work_1024,Undirected,MS_Laud_Misc_507
work_1026,work_1027,Undirected,MS_Laud_Misc_507
work_1026,work_1030,Undirected,MS_Laud_Misc_507
work_1026,work_12322,Undirected,MS_Laud_Misc_507
work_1026,work_6227,Undirected,MS_Laud_Misc_507
work_1027,work_1030,Undirected,MS_Digby_33-part2
work_10273,work_14984,Undirected,MS_Rawl_poet_145
work_10273,work_11295,Undirected,MS_Rawl_poet_145
work_10273,work_14633,Undirected,MS_Rawl_poet_145
work_10277,work_4365,Undirected,MS_Digby_190-part9
work_10277,work_2590,Undirected,MS_Digby_190-part9
work_10277,work_2592,Undirected,MS_Ashmole_1285-part5
work_10277,work_411,Undirected,MS_Ashmole_1285-part5
work_10277,work_14971,Undirected,MS_Ashmole_1285-part5
work_10277,work_4360,Undirected,MS_Digby_190-part9
work_10278,work_409,Undirected,MS_Ashmole_360-part2
work_10291,work_12744,Undirected,MS_Ash_Rolls_33-part1
work_1030,work_1036,Undirected,MS_Bodl_633-part1
work_1030,work_1041,Undirected,MS_Bodl_633-part1
work_1030,work_1034,Undirected,MS_Lat_th_f_15
work_10302,work_4646,Undirected,MS_Canon_Gr_15
work_10302,work_2220,Undirected,MS_Laud_Gr_84
work_10302,work_1387,Undirected,MS_Laud_Gr_84
work_10302,work_3083,Undirected,MS_Laud_Gr_84
work_10302,work_498,Undirected,MS_Laud_Gr_84
work_10302,work_2680,Undirected,MS_Laud_Gr_84
work_10302,work_1468,Undirected,MS_Laud_Gr_84
work_10302,work_2637,Undirected,MS_Cromwell_18
work_10302,work_3436,Undirected,MS_Cromwell_18
work_10302,work_1704,Undirected,MS_Cromwell_18
work_10302,work_3205,Undirected,MS_Cromwell_18
work_10302,work_2074,Undirected,MS_Cromwell_18
work_10302,work_876,Undirected,MS_Cromwell_18
work_10302,work_1427,Undirected,MS_Laud_Gr_84
work_10302,work_1387,Undirected,MS_Canon_Gr_15
work_10302,work_13056,Undirected,MS_Cromwell_18
work_10302,work_3659,Undirected,MS_Canon_Gr_15
work_10302,work_3156,Undirected,MS_Canon_Gr_15
work_10309,work_12380,Undirected,MS_Rawl_C_641-part2
work_10309,work_13100,Undirected,MS_Rawl_C_641-part2
work_10315,work_5025,Undirected,MS_Lyell_37
work_1032,work_13730,Undirected,MS_Bodl_530
work_1032,work_14583,Undirected,MS_Bodl_530
work_10323,work_4134,Undirected,MS_Lat_class_e_51
work_10323,work_197,Undirected,MS_Lat_class_e_51
work_10323,work_196,Undirected,MS_Lat_class_e_51
work_10323,work_198,Undirected,MS_Lat_class_e_51
work_10333,work_13881,Undirected,MS_Canon_Ital_38
work_10333,work_1219,Undirected,MS_Canon_Ital_38
work_10336,work_1956,Undirected,MS_Digby_97
work_10336,work_2480,Undirected,MS_Digby_97
work_10336,work_5120,Undirected,MS_Digby_97
work_10336,work_2782,Undirected,MS_Digby_97
work_10336,work_13156,Undirected,MS_Digby_97
work_10336,work_3179,Undirected,MS_Digby_97
work_10336,work_5026,Undirected,MS_Digby_97
work_10337,work_13205,Undirected,MS_Ashmole_343-part1
work_10338,work_14021,Undirected,MS_Ashmole_189-part2
work_10338,work_10338,Undirected,MS_Ashmole_189-part2
work_10338,work_14344,Undirected,MS_Ashmole_189-part2
work_10338,work_14021,Undirected,MS_Ashmole_189-part2
work_10338,work_13180,Undirected,MS_Ashmole_349-part2
work_10338,work_16500,Undirected,MS_Ashmole_189-part2
work_10340,work_4334,Undirected,MS_Digby_67-part1
work_10345,work_373,Undirected,MS_Digby_149-part10
work_10345,work_5595,Undirected,MS_Lyell_36
work_10345,work_2592,Undirected,MS_Lyell_36
work_10345,work_1076,Undirected,MS_Lyell_36
work_10345,work_10277,Undirected,MS_Lyell_36
work_10345,work_2767,Undirected,MS_Digby_57-part1
work_10345,work_15046,Undirected,MS_Lyell_36
work_10345,work_3653,Undirected,MS_Lyell_36
work_10345,work_15052,Undirected,MS_Lyell_36
work_10345,work_4262,Undirected,MS_Lyell_36
work_10345,work_14022,Undirected,MS_Lyell_36
work_10345,work_4457,Undirected,MS_Digby_149-part10
work_10345,work_3180,Undirected,MS_Digby_149-part10
work_10345,work_3181,Undirected,MS_Digby_149-part10
work_10351,work_4373,Undirected,MS_Digby_98-part5
work_10351,work_2592,Undirected,MS_Digby_98-part5
work_10356,work_10687,Undirected,MS_Tanner_192
work_10361,work_4373,Undirected,MS_Laud_Misc_644
work_10361,work_11177,Undirected,MS_Laud_Misc_644
work_10361,work_11176,Undirected,MS_Laud_Misc_644
work_10361,work_367,Undirected,MS_Laud_Misc_644
work_10361,work_427,Undirected,MS_Laud_Misc_644
work_10361,work_711,Undirected,MS_Laud_Misc_644
work_10361,work_4356,Undirected,MS_Laud_Misc_644
work_10361,work_10277,Undirected,MS_Laud_Misc_644
work_10361,work_4366,Undirected,MS_Laud_Misc_644
work_10361,work_15343,Undirected,MS_Laud_Misc_644
work_10372,work_10368,Undirected,MS_Lat_misc_d_88
work_10374,work_10392,Undirected,MS_Ashmole_340-part1
work_10382,work_179,Undirected,MS_Laud_Misc_594
work_10382,work_363,Undirected,MS_Laud_Misc_594
work_10382,work_363,Undirected,MS_Laud_Misc_594
work_10382,work_357,Undirected,MS_Laud_Misc_594
work_10382,work_10409,Undirected,MS_Laud_Misc_594
work_10382,work_4228,Undirected,MS_Laud_Misc_594
work_10382,work_4457,Undirected,MS_Laud_Misc_594
work_10382,work_2853,Undirected,MS_Laud_Misc_594
work_10382,work_4267,Undirected,MS_Laud_Misc_594
work_10382,work_3179,Undirected,MS_Laud_Misc_594
work_10382,work_14867,Undirected,MS_Laud_Misc_594
work_10386,work_14867,Undirected,MS_Laud_Misc_674
work_10386,work_2782,Undirected,MS_Laud_Misc_674
work_10393,work_14690,Undirected,MS_Barocci_63-part1
work_10393,work_3137,Undirected,MS_Barocci_63-part1
work_10396,work_15150,Undirected,MS_Digby_2
work_10396,work_13150,Undirected,MS_Digby_178-part1
work_10396,work_5077,Undirected,MS_Digby_2
work_10396,work_11870,Undirected,MS_Digby_2
work_10396,work_4251,Undirected,MS_Digby_2
work_10396,work_10409,Undirected,MS_Digby_122
work_10396,work_10687,Undirected,MS_Digby_2
work_10396,work_14518,Undirected,MS_Bodl_177-part2
work_10396,work_14347,Undirected,MS_Digby_2
work_10396,work_5078,Undirected,MS_Digby_2
work_10396,work_12151,Undirected,MS_Digby_2
work_10396,work_1481,Undirected,MS_Digby_178-part1
work_10396,work_4547,Undirected,MS_Digby_178-part1
work_10396,work_14971,Undirected,MS_Digby_2
work_10396,work_4442,Undirected,MS_Digby_2
work_10396,work_13084,Undirected,MS_Digby_2
work_104,work_8,Undirected,MS_Barocci_126
work_104,work_73,Undirected,MS_Barocci_126
work_104,work_1838,Undirected,MS_Barocci_126
work_104,work_52,Undirected,MS_Barocci_126
work_104,work_5,Undirected,MS_Barocci_126
work_104,work_86,Undirected,MS_Barocci_126
work_104,work_1838,Undirected,MS_Barocci_126
work_104,work_1812,Undirected,MS_Barocci_126
work_104,work_72,Undirected,MS_Barocci_126
work_104,work_3,Undirected,MS_Barocci_126
work_104,work_1838,Undirected,MS_Barocci_126
work_104,work_1812,Undirected,MS_Barocci_126
work_104,work_1812,Undirected,MS_Barocci_126
work_104,work_76,Undirected,MS_Barocci_126
work_104,work_1812,Undirected,MS_Barocci_126
work_104,work_130,Undirected,MS_Barocci_126
work_104,work_17,Undirected,MS_Barocci_126
work_104,work_93,Undirected,MS_Barocci_126
work_104,work_16,Undirected,MS_Barocci_126
work_104,work_134,Undirected,MS_Barocci_126
work_104,work_92,Undirected,MS_Barocci_126
work_104,work_6,Undirected,MS_Barocci_126
work_104,work_2,Undirected,MS_Barocci_126
work_104,work_74,Undirected,MS_Barocci_126
work_104,work_88,Undirected,MS_Barocci_126
work_104,work_7,Undirected,MS_Barocci_126
work_104,work_137,Undirected,MS_Barocci_126
work_104,work_138,Undirected,MS_Barocci_126
work_104,work_135,Undirected,MS_Barocci_126
work_104,work_9,Undirected,MS_Barocci_126
work_104,work_123,Undirected,MS_Barocci_126
work_104,work_82,Undirected,MS_Barocci_126
work_104,work_37,Undirected,MS_Barocci_126
work_104,work_129,Undirected,MS_Barocci_126
work_104,work_44,Undirected,MS_Barocci_126
work_104,work_136,Undirected,MS_Barocci_126
work_10401,work_371,Undirected,MS_Digby_68
work_10407,work_12049,Undirected,MS_DOrville_188
work_10407,work_5504,Undirected,MS_DOrville_188
work_10407,work_1493,Undirected,MS_Auct_F_3_25
work_10407,work_4682,Undirected,MS_Auct_F_3_25
work_10407,work_5505,Undirected,MS_DOrville_188
work_10407,work_4583,Undirected,MS_Auct_F_3_25
work_10407,work_3685,Undirected,MS_Auct_F_3_25
work_10407,work_2040,Undirected,MS_Auct_F_3_25
work_10407,work_11017,Undirected,MS_Barocci_100
work_10409,work_216,Undirected,MS_Digby_114-part4
work_10409,work_5119,Undirected,MS_Digby_114-part4
work_10409,work_4152,Undirected,MS_Digby_114-part4
work_10409,work_1669,Undirected,MS_Digby_161-part1
work_10409,work_15041,Undirected,MS_Digby_104-part6
work_10409,work_13232,Undirected,MS_Ashmole_345
work_10409,work_5026,Undirected,MS_Digby_92-part1
work_10409,work_218,Undirected,MS_Canon_Misc_109
work_10409,work_4225,Undirected,MS_Digby_57-part3
work_10409,work_3310,Undirected,MS_Digby_57-part4
work_10409,work_15044,Undirected,MS_Canon_Misc_569-part1
work_10409,work_14800,Undirected,MS_Ashmole_189-part4
work_10409,work_214,Undirected,MS_Canon_Misc_109
work_10409,work_215,Undirected,MS_Canon_Misc_109
work_10409,work_13875,Undirected,MS_Douce_45-part5
work_10409,work_14021,Undirected,MS_Ashmole_189-part4
work_10409,work_4106,Undirected,MS_Ashmole_189-part4
work_10409,work_10684,Undirected,MS_Ashmole_189-part4
work_10409,work_3859,Undirected,MS_Ashmole_189-part4
work_10409,work_10154,Undirected,MS_Selden_Supra_76
work_10409,work_11676,Undirected,MS_Canon_Misc_118
work_10409,work_12318,Undirected,MS_Ashmole_337-part3
work_10409,work_14022,Undirected,MS_Ashmole_345
work_10409,work_5026,Undirected,MS_Ashmole_191-part1
work_10409,work_612,Undirected,MS_Canon_Misc_118
work_10409,work_10687,Undirected,MS_Canon_Misc_118
work_1041,work_1041,Undirected,MS_Bodl_375
work_1041,work_1032,Undirected,MS_Bodl_375
work_1041,work_1041,Undirected,MS_Bodl_375
work_1041,work_5094,Undirected,MS_Bodl_375
work_1041,work_1022,Undirected,MS_Bodl_375
work_1041,work_1027,Undirected,MS_Bodl_375
work_10411,work_13233,Undirected,MS_Ashmole_393-part2
work_10413,work_14022,Undirected,MS_Ashmole_393-part1
work_10413,work_1228,Undirected,MS_Ashmole_393-part1
work_10413,work_13232,Undirected,MS_Ashmole_393-part1
work_10414,work_14021,Undirected,MS_Ashmole_189-part1
work_10416,work_3861,Undirected,MS_Digby_228
work_10416,work_4789,Undirected,MS_Digby_228
work_10416,work_3179,Undirected,MS_Digby_228
work_10416,work_4356,Undirected,MS_Digby_228
work_10416,work_367,Undirected,MS_Digby_228
work_10416,work_1676,Undirected,MS_Digby_228
work_10416,work_3825,Undirected,MS_Digby_228
work_10416,work_426,Undirected,MS_Digby_228
work_10416,work_2592,Undirected,MS_Digby_228
work_10416,work_1957,Undirected,MS_Digby_228
work_10416,work_2852,Undirected,MS_Digby_38
work_10416,work_3853,Undirected,MS_Digby_38
work_10416,work_3182,Undirected,MS_Digby_38
work_10416,work_411,Undirected,MS_Digby_228
work_10416,work_4457,Undirected,MS_Digby_38
work_10419,work_6439,Undirected,MS_Junius_121
work_10419,work_16332,Undirected,MS_Junius_121
work_10419,work_12092,Undirected,MS_Douce_258
work_10419,work_6440,Undirected,MS_Junius_121
work_10419,work_6440,Undirected,MS_Junius_121
work_10419,work_6440,Undirected,MS_Junius_121
work_10419,work_3997,Undirected,MS_Junius_121
work_10419,work_11994,Undirected,MS_Douce_258
work_10419,work_16329,Undirected,MS_Junius_121
work_10419,work_6440,Undirected,MS_Junius_121
work_10419,work_3998,Undirected,MS_Junius_121
work_10419,work_3998,Undirected,MS_Junius_121
work_10419,work_249,Undirected,MS_Junius_121
work_10419,work_249,Undirected,MS_Junius_121
work_10419,work_249,Undirected,MS_Junius_121
work_10419,work_249,Undirected,MS_Junius_121
work_10419,work_3997,Undirected,MS_Junius_121
work_10419,work_16333,Undirected,MS_Junius_121
work_10419,work_6439,Undirected,MS_Junius_121
work_10419,work_249,Undirected,MS_Junius_121
work_10419,work_16333,Undirected,MS_Junius_121
work_10419,work_6442,Undirected,MS_Junius_121
work_10419,work_6441,Undirected,MS_Junius_121
work_10419,work_16333,Undirected,MS_Junius_121
work_10419,work_3997,Undirected,MS_Junius_121
work_10419,work_16329,Undirected,MS_Junius_121
work_10419,work_6443,Undirected,MS_Junius_121
work_10419,work_6439,Undirected,MS_Junius_121
work_10426,work_3496,Undirected,MS_Wood_empt_13
work_10426,work_3496,Undirected,MS_Wood_empt_13
work_10426,work_403,Undirected,MS_Wood_empt_13
work_10435,work_11467,Undirected,MS_Gr_class_e_70_P-part1
work_10438,work_4652,Undirected,MS_Digby_39-part6
work_10439,work_15494,Undirected,MS_Rawl_D_1131
work_10444,work_3824,Undirected,MS_Canon_Misc_81
work_10444,work_10154,Undirected,MS_Canon_Misc_81
work_10445,work_12330,Undirected,MS_Tanner_110
work_10445,work_15330,Undirected,MS_Tanner_110
work_10445,work_14583,Undirected,MS_Tanner_110
work_10447,work_4714,Undirected,MS_Selden_Supra_15
work_10447,work_2477,Undirected,MS_Selden_Supra_15
work_10447,work_14517,Undirected,MS_Selden_Supra_15
work_10448,work_2257,Undirected,MS_Bodl_533
work_10448,work_3362,Undirected,MS_Douce_88-part2
work_10448,work_15205,Undirected,MS_Rawl_C_77-part1
work_10448,work_3861,Undirected,St_Johns_College_MS_178-part5
work_10448,work_15167,Undirected,MS_Douce_88-part2
work_10448,work_12893,Undirected,MS_Douce_88-part2
work_10448,work_12263,Undirected,MS_Douce_88-part2
work_10448,work_14583,Undirected,MS_Rawl_C_77-part1
work_10448,work_2112,Undirected,MS_Bodl_602-part1
work_10448,work_2257,Undirected,MS_Ashmole_1511
work_10451,work_10451,Undirected,MS_Laud_Misc_182
work_10455,work_2427,Undirected,MS_Rawl_G_161
work_10455,work_16033,Undirected,MS_Rawl_G_14
work_10455,work_10687,Undirected,MS_Rawl_G_15
work_10455,work_16033,Undirected,MS_Rawl_G_15
work_10455,work_4622,Undirected,MS_Rawl_G_125
work_10455,work_16033,Undirected,MS_Rawl_G_6
work_10455,work_16033,Undirected,MS_Rawl_G_5
work_10455,work_16033,Undirected,MS_Rawl_G_8
work_10455,work_1271,Undirected,MS_Rawl_G_13
work_10455,work_4622,Undirected,MS_Rawl_G_126
work_10455,work_1443,Undirected,MS_Laud_Lat_12
work_10455,work_14583,Undirected,MS_Rawl_G_10
work_10455,work_14583,Undirected,MS_Rawl_G_10
work_10455,work_4622,Undirected,MS_DOrville_212
work_10455,work_1271,Undirected,MSS_Rawl_G_11-12
work_10455,work_1271,Undirected,MS_Rawl_G_162
work_10455,work_10455,Undirected,MS_Rawl_G_162
work_10455,work_16033,Undirected,MS_Douce_327
work_10455,work_2429,Undirected,MS_Lat_bib_c_11
work_10455,work_4622,Undirected,MS_Lat_bib_f_2
work_10455,work_4622,Undirected,MS_Lat_bib_c_11
work_10455,work_1271,Undirected,MS_Rawl_G_14
work_10455,work_10691,Undirected,MS_Lat_bib_d_9
work_10455,work_14845,Undirected,MS_Lat_bib_d_9
work_10455,work_4622,Undirected,St_Johns_College_MS_207
work_10455,work_4622,Undirected,MS_Lat_bib_f_3
work_10455,work_2429,Undirected,MS_Lat_bib_f_3
work_10455,work_2413,Undirected,MS_Lat_bib_f_3
work_10455,work_16033,Undirected,MSS_Canon_Bibl_Lat_54-5
work_10455,work_16036,Undirected,MSS_Canon_Bibl_Lat_54-5
work_10455,work_16033,Undirected,MS_Canon_Bibl_Lat_84
work_10455,work_16033,Undirected,MS_Canon_Bibl_Lat_47
work_10455,work_16033,Undirected,MS_Auct_D_4_8
work_10455,work_16033,Undirected,MS_Canon_Bibl_Lat_48
work_10455,work_15437,Undirected,MS_Holkham_misc_1
work_10455,work_11039,Undirected,MS_Holkham_misc_1
work_10455,work_11039,Undirected,MS_Holkham_misc_1
work_10455,work_16033,Undirected,MS_Canon_Bibl_Lat_8
work_10455,work_16033,Undirected,MS_Canon_Bibl_Lat_44b
work_10455,work_4384,Undirected,MS_Holkham_misc_1
work_10455,work_4622,Undirected,MS_Kennicott_16
work_10455,work_16033,Undirected,MS_Auct_D_5_9
work_10455,work_16033,Undirected,MS_Auct_D_5_19
work_10455,work_16033,Undirected,MS_Auct_D_4_9
work_10455,work_16033,Undirected,MS_Digby_229
work_10455,work_2413,Undirected,MS_Lat_bib_c_11
work_10455,work_15420,Undirected,St_Johns_College_MS_123
work_10455,work_16033,Undirected,MS_Auct_D_5_13
work_10455,work_16033,Undirected,MS_Auct_D_inf_2_1
work_10455,work_16033,Undirected,MS_Auct_D_3_6
work_10455,work_4622,Undirected,Hertford_College_MS_1
work_10455,work_10687,Undirected,MS_Auct_D_5_17
work_10455,work_4622,Undirected,St_Johns_College_MS_123
work_10455,work_16033,Undirected,MS_Auct_D_3_2
work_10455,work_17092,Undirected,St_Johns_College_MS_123
work_10455,work_16033,Undirected,MS_Auct_D_5_10
work_10472,work_15268,Undirected,MS_Lyell_empt_12
work_10472,work_12580,Undirected,MS_Lyell_empt_12
work_10472,work_10066,Undirected,MS_Lyell_empt_12
work_10472,work_13030,Undirected,MS_Lyell_empt_12
work_10473,work_1478,Undirected,MS_Bodl_186
work_10473,work_6338,Undirected,MS_Bodl_186
work_10473,work_961,Undirected,MS_Bodl_186
work_10473,work_1584,Undirected,MS_Bodl_186
work_10473,work_6339,Undirected,MS_Bodl_186
work_10473,work_3977,Undirected,MS_Bodl_186
work_10473,work_3583,Undirected,MS_Bodl_186
work_10473,work_2257,Undirected,MS_Bodl_186
work_10473,work_3773,Undirected,MS_Bodl_186
work_10474,work_12915,Undirected,MS_Canon_Ital_126
work_10474,work_10437,Undirected,MS_Canon_Ital_126
work_10478,work_10476,Undirected,MS_Rawl_C_350
work_1048,work_3928,Undirected,MS_Lat_th_d_43
work_10487,work_14453,Undirected,MS_Rawl_C_549
work_10487,work_13640,Undirected,MS_Rawl_C_549
work_10489,work_11634,Undirected,MS_Laud_Misc_542
work_1049,work_1673,Undirected,Merton_College_MS_53
work_1049,work_1029,Undirected,MS_Laud_Misc_355
work_1049,work_1032,Undirected,MS_Laud_Misc_355
work_1049,work_1030,Undirected,MS_Laud_Misc_355
work_1049,work_1026,Undirected,MS_Laud_Misc_355
work_1049,work_1027,Undirected,MS_Laud_Misc_355
work_1049,work_1026,Undirected,Merton_College_MS_53
work_1049,work_1024,Undirected,MS_Laud_Misc_355
work_1049,work_1049,Undirected,MS_Bodl_477-endleaves-fols57-62
work_1049,work_1054,Undirected,Merton_College_MS_53
work_1049,work_1032,Undirected,Merton_College_MS_53
work_1049,work_2121,Undirected,Merton_College_MS_53
work_1049,work_1049,Undirected,MS_Bodl_477-endleaves-fols57-62
work_1049,work_5094,Undirected,Merton_College_MS_53
work_1049,work_3906,Undirected,MS_Bodl_477-endleaves-fols57-62
work_1049,work_872,Undirected,MS_Bodl_477-endleaves-fols57-62
work_10493,work_11872,Undirected,MS_Lat_th_f_5
work_10495,work_16327,Undirected,MS_Bodl_220
work_10495,work_16328,Undirected,MS_Bodl_220
work_10500,work_3233,Undirected,MS_Canon_Ital_227
work_10502,work_14693,Undirected,MS_Rawl_C_699
work_10502,work_13918,Undirected,MS_Rawl_C_699
work_10506,work_13956,Undirected,MS_Rawl_liturg_g_2
work_10507,work_12862,Undirected,MS_Rawl_C_558
work_10509,work_6806,Undirected,MS_Douce_248
work_10529,work_10687,Undirected,MS_Canon_Liturg_221
work_1054,work_1054,Undirected,Christ_Church_Allestree_Library_MS_F11
work_1054,work_1054,Undirected,MS_Laud_Misc_246-part1
work_1054,work_1050,Undirected,MS_Laud_Misc_246-part1
work_1054,work_547,Undirected,MS_Canon_Pat_Lat_10
work_1054,work_13957,Undirected,MS_Canon_Pat_Lat_10
work_1054,work_5629,Undirected,Christ_Church_Allestree_Library_MS_F11
work_1054,work_1054,Undirected,Christ_Church_Allestree_Library_MS_F11
work_1054,work_1054,Undirected,Christ_Church_Allestree_Library_MS_F11
work_10551,work_12334,Undirected,MS_Buchanan_e_8
work_10551,work_11514,Undirected,MS_Buchanan_e_8
work_10551,work_13975,Undirected,MS_Buchanan_e_10
work_10551,work_12334,Undirected,MS_Buchanan_e_8
work_1056,work_3888,Undirected,MS_Laud_Misc_98-part1
work_1056,work_3983,Undirected,MS_Laud_Misc_98-part1
work_10560,work_6659,Undirected,MS_Ashmole_1291
work_10560,work_13934,Undirected,MS_Ashmole_1291
work_10565,work_10687,Undirected,MS_Canon_Liturg_243
work_10565,work_10687,Undirected,MS_Canon_Liturg_239
work_10565,work_10687,Undirected,MS_Canon_Liturg_229
work_10565,work_10687,Undirected,MS_Canon_Liturg_227
work_10565,work_10687,Undirected,MS_Canon_Liturg_218
work_10565,work_10687,Undirected,MS_Canon_Liturg_31
work_1057,work_11954,Undirected,MS_Canon_Misc_528
work_1057,work_3888,Undirected,MS_Canon_Misc_528
work_1057,work_1914,Undirected,MS_Canon_Pat_Lat_12
work_1057,work_14358,Undirected,MS_Canon_Misc_528
work_1057,work_13060,Undirected,MS_Canon_Misc_528
work_1057,work_3952,Undirected,MS_Canon_Pat_Lat_12
work_1057,work_5094,Undirected,MS_Canon_Pat_Lat_12
work_1057,work_15308,Undirected,MS_Canon_Pat_Lat_12
work_1057,work_1190,Undirected,MS_Canon_Pat_Lat_12
work_1057,work_2125,Undirected,MS_Canon_Pat_Lat_12
work_10575,work_15182,Undirected,MS_Bodl_85
work_10575,work_13203,Undirected,MS_Bodl_85
work_10576,work_13203,Undirected,MS_Gough_Liturg_3
work_10577,work_1161,Undirected,MS_Lat_liturg_f_2
work_10579,work_14114,Undirected,MS_Douce_18
work_10579,work_14114,Undirected,MS_Lyell_25
work_10579,work_13940,Undirected,MS_Rawl_liturg_e_6
work_10608,work_14137,Undirected,MS_Bodl_416
work_10608,work_13329,Undirected,MS_Bodl_416
work_10608,work_14353,Undirected,MS_Bodl_416
work_10634,work_12325,Undirected,MS_Laud_Misc_468
work_10634,work_10687,Undirected,MS_Laud_Misc_468
work_10641,work_13112,Undirected,MS_Canon_Liturg_35
work_10641,work_11250,Undirected,MS_Lat_misc_b_17
work_10656,work_10656,Undirected,MS_Canon_Liturg_169
work_10656,work_10687,Undirected,MS_Canon_Liturg_169
work_10656,work_10687,Undirected,MS_Canon_Liturg_170
work_10657,work_10687,Undirected,MS_Canon_Liturg_206
work_10657,work_14114,Undirected,MS_Canon_Liturg_206
work_10664,work_17512,Undirected,MS_Ashmole_1431-endleaves
work_10664,work_11227,Undirected,MS_Bodl_547
work_10670,work_12591,Undirected,MS_Bodl_562
work_10670,work_17068,Undirected,Merton_College_MS_321-part2
work_10670,work_4971,Undirected,Merton_College_MS_321-part2
work_10676,work_14034,Undirected,MS_Bodl_623
work_10676,work_11018,Undirected,MS_Bodl_623
work_10677,work_1337,Undirected,MS_Bodl_445
work_10677,work_12476,Undirected,MS_Bodl_445
work_10682,work_12162,Undirected,MS_Fr_e_23
work_10682,work_12347,Undirected,MS_Fr_e_23
work_10683,work_1775,Undirected,MS_Canon_Ital_179
work_10684,work_10401,Undirected,MS_Ashmole_6
work_10687,work_242,Undirected,MS_Laud_Misc_681
work_10687,work_249,Undirected,MS_Hatton_113
work_10687,work_13932,Undirected,St_Johns_College_MS_208
work_10687,work_249,Undirected,MS_Hatton_113
work_10687,work_13574,Undirected,St_Johns_College_MS_208
work_10687,work_3754,Undirected,MS_Bodl_786
work_10687,work_4453,Undirected,MS_Bodl_786
work_10687,work_1325,Undirected,MS_Bodl_786
work_10687,work_3133,Undirected,MS_Bodl_786
work_10687,work_14713,Undirected,Christ_Church_MS_112
work_10687,work_13437,Undirected,MS_Rawl_C_259
work_10687,work_12575,Undirected,MS_Laud_Misc_681
work_10687,work_16275,Undirected,MS_Bodl_9
work_10687,work_10334,Undirected,MS_Digby_149-part9
work_10687,work_15548,Undirected,MS_Bodl_788
work_10687,work_4287,Undirected,MS_Digby_18
work_10687,work_13990,Undirected,MS_Lat_liturg_g_8
work_10687,work_12515,Undirected,MS_Lat_liturg_g_8
work_10687,work_13574,Undirected,MS_Lat_liturg_g_8
work_10687,work_13008,Undirected,MS_Lat_liturg_g_8
work_10687,work_10709,Undirected,MS_Ash_Rolls_6
work_10687,work_13008,Undirected,MS_Digby_18
work_10687,work_12479,Undirected,MS_Laud_Misc_689
work_10687,work_10881,Undirected,MS_Laud_Misc_689
work_10687,work_4265,Undirected,MS_Digby_18
work_10687,work_10769,Undirected,MS_Canon_Misc_290
work_10687,work_5009,Undirected,MS_Laud_Misc_681
work_10687,work_10396,Undirected,MS_Canon_Misc_290
work_10687,work_14739,Undirected,MS_Add_A_107
work_10687,work_16030,Undirected,MS_Bodl_614
work_10687,work_13143,Undirected,MS_Bodl_614
work_10687,work_13932,Undirected,MS_Bodl_9
work_10687,work_16278,Undirected,MS_Bodl_9
work_10687,work_16277,Undirected,MS_Bodl_9
work_10687,work_16276,Undirected,MS_Bodl_9
work_10687,work_15407,Undirected,MS_Bodl_9
work_10687,work_13963,Undirected,MS_Bodl_9
work_10687,work_13195,Undirected,MS_Ashmole_360-part9
work_10687,work_11333,Undirected,MS_Digby_63
work_10687,work_15212,Undirected,MS_Digby_63
work_10687,work_4285,Undirected,MS_Digby_18
work_10687,work_10328,Undirected,MS_Ashmole_360-part9
work_10687,work_11419,Undirected,MS_e_Mus_229
work_10687,work_6440,Undirected,MS_Hatton_113
work_10687,work_6440,Undirected,MS_Hatton_113
work_10687,work_3943,Undirected,MS_Douce_13
work_10687,work_6440,Undirected,MS_Hatton_113
work_10687,work_6440,Undirected,MS_Hatton_113
work_10687,work_6440,Undirected,MS_Hatton_113
work_10687,work_16329,Undirected,MS_Hatton_113
work_10687,work_6440,Undirected,MS_Hatton_113
work_10687,work_4932,Undirected,MS_Douce_270
work_10687,work_3148,Undirected,MS_Douce_270
work_10687,work_6440,Undirected,MS_Hatton_113
work_10687,work_6440,Undirected,MS_Hatton_113
work_10687,work_6440,Undirected,MS_Hatton_113
work_10687,work_6440,Undirected,MS_Hatton_113
work_10687,work_16329,Undirected,MS_Hatton_113
work_10687,work_16329,Undirected,MS_Hatton_113
work_10687,work_6440,Undirected,MS_Hatton_113
work_10687,work_10338,Undirected,MS_Ashmole_342-part4
work_10687,work_10409,Undirected,MS_Ashmole_342-part4
work_10687,work_6440,Undirected,MS_Hatton_113
work_10687,work_6440,Undirected,MS_Hatton_113
work_10687,work_6440,Undirected,MS_Hatton_113
work_10687,work_6440,Undirected,MS_Hatton_113
work_10687,work_2082,Undirected,MS_Douce_270
work_10687,work_6440,Undirected,MS_Hatton_113
work_10687,work_249,Undirected,MS_Hatton_113
work_10687,work_6440,Undirected,MS_Hatton_113
work_10687,work_249,Undirected,MS_Hatton_113
work_10687,work_13918,Undirected,MS_Douce_13
work_10687,work_15346,Undirected,MS_Douce_13
work_10687,work_249,Undirected,MS_Hatton_113
work_10687,work_6440,Undirected,MS_Hatton_113
work_10687,work_249,Undirected,MS_Hatton_113
work_10687,work_6440,Undirected,MS_Hatton_113
work_10687,work_6440,Undirected,MS_Hatton_113
work_10687,work_6440,Undirected,MS_Hatton_113
work_10687,work_6440,Undirected,MS_Hatton_113
work_10689,work_10409,Undirected,MS_Digby_48
work_10689,work_4937,Undirected,MS_Digby_48
work_10689,work_1967,Undirected,MS_Digby_48
work_10689,work_4416,Undirected,MS_Digby_48
work_10689,work_1966,Undirected,MS_Digby_48
work_10689,work_10416,Undirected,MS_Digby_48
work_10689,work_5026,Undirected,MS_Digby_48
work_10689,work_211,Undirected,MS_Digby_48
work_10689,work_14992,Undirected,MS_Digby_48
work_10689,work_4371,Undirected,MS_Digby_48
work_10689,work_373,Undirected,MS_Digby_48
work_10689,work_2480,Undirected,MS_Digby_48
work_10689,work_372,Undirected,MS_Digby_48
work_10690,work_1724,Undirected,MS_Digby_56-part3
work_10690,work_14992,Undirected,MS_Digby_56-part3
work_10702,work_13437,Undirected,MS_Laud_Misc_388
work_10702,work_14847,Undirected,MS_Laud_Misc_388
work_10702,work_4280,Undirected,MS_Bodl_953
work_10703,work_3609,Undirected,MS_Bodl_731
work_10703,work_13574,Undirected,Exeter_College_MS_46
work_10703,work_13437,Undirected,MS_Selden_Supra_51
work_10703,work_3996,Undirected,MS_Bodl_731
work_10703,work_14084,Undirected,Exeter_College_MS_46
work_10703,work_12092,Undirected,MS_Selden_Supra_49
work_10703,work_4890,Undirected,MS_Bodl_731
work_10705,work_10389,Undirected,MS_Ashmole_8
work_10712,work_14022,Undirected,MS_Barlow_35-part1
work_10719,work_2085,Undirected,MS_Wood_D_8
work_10719,work_2808,Undirected,MS_Wood_D_8
work_10719,work_15343,Undirected,MS_Wood_D_8
work_10719,work_14516,Undirected,MS_Wood_D_8
work_10719,work_4949,Undirected,MS_Wood_D_8
work_10720,work_12559,Undirected,MS_Bodl_232
work_10720,work_13209,Undirected,MS_Bodl_232
work_10720,work_12334,Undirected,MS_Bodl_232
work_10721,work_15423,Undirected,MS_Barocci_195
work_10721,work_11961,Undirected,MS_Barocci_195
work_10721,work_3258,Undirected,MS_Barocci_195
work_10721,work_10837,Undirected,MS_Barocci_195
work_10722,work_13221,Undirected,MS_James_43
work_10722,work_13824,Undirected,MS_James_43
work_10724,work_960,Undirected,MS_Canon_Misc_560
work_10724,work_13140,Undirected,MS_Canon_Misc_560
work_1073,work_2228,Undirected,MS_Digby_157
work_1073,work_2872,Undirected,MS_Digby_157
work_10736,work_14973,Undirected,MS_Bodl_388
work_10736,work_15090,Undirected,MS_Bodl_388
work_10736,work_15161,Undirected,MS_Bodl_388
work_10736,work_2293,Undirected,MS_Bodl_388
work_10746,work_12746,Undirected,MS_Laud_Gr_39
work_10746,work_12592,Undirected,MS_Laud_Gr_39
work_10746,work_13738,Undirected,MS_Barocci_26
work_10746,work_3666,Undirected,MS_Laud_Gr_39
work_10746,work_15335,Undirected,MS_Barocci_196
work_10746,work_13726,Undirected,MS_Rawl_G_158
work_10746,work_15335,Undirected,MS_Barocci_185
work_1075,work_15247,Undirected,MS_Rawl_C_499
work_1075,work_3450,Undirected,MS_Rawl_C_499
work_1075,work_3023,Undirected,MS_Rawl_C_499
work_1075,work_13882,Undirected,MS_Rawl_C_48
work_1075,work_988,Undirected,MS_Rawl_C_48
work_1075,work_2722,Undirected,MS_Rawl_C_48
work_1075,work_2728,Undirected,MS_Rawl_C_48
work_1075,work_2731,Undirected,MS_Rawl_C_48
work_1075,work_3930,Undirected,MS_Rawl_C_499
work_1075,work_13232,Undirected,MS_Rawl_C_499
work_10750,work_14301,Undirected,MS_Laud_Misc_221-part2
work_10758,work_4916,Undirected,Exeter_College_MS_15
work_10758,work_10687,Undirected,Exeter_College_MS_1-partA
work_10758,work_11368,Undirected,Exeter_College_MS_1-partA
work_1076,work_16045,Undirected,MS_Ashmole_304
work_1076,work_16043,Undirected,MS_Ashmole_304
work_1076,work_16046,Undirected,MS_Ashmole_304
work_1076,work_16044,Undirected,MS_Ashmole_304
work_1076,work_16047,Undirected,MS_Ashmole_304
work_1076,work_15044,Undirected,MS_Digby_46
work_10761,work_10706,Undirected,MS_Tanner_198
work_10761,work_10868,Undirected,MS_Tanner_198
work_10766,work_13671,Undirected,MS_Rawl_A_357
work_10769,work_10769,Undirected,MS_Laud_Misc_10
work_10784,work_14235,Undirected,MS_Top_Yorks_c_72
work_10801,work_16397,Undirected,MS_Top_Devon_d_5
work_10803,work_11528,Undirected,MS_Rawl_B_408
work_1081,work_6340,Undirected,MS_Hamilton_18-PartE
work_1081,work_6341,Undirected,MS_Hamilton_18-PartE
work_1081,work_11139,Undirected,MS_Hamilton_18-PartE
work_1081,work_6342,Undirected,MS_Hamilton_18-PartE
work_1082,work_2553,Undirected,MS_Canon_Misc_478
work_1082,work_3228,Undirected,MS_Canon_Misc_478
work_1082,work_4985,Undirected,MS_Canon_Misc_478
work_1082,work_12597,Undirected,MS_Canon_Misc_478
work_10824,work_13487,Undirected,MS_Lat_misc_g_2
work_10835,work_12441,Undirected,MS_Auct_E_2_19
work_10839,work_10757,Undirected,MS_Roe_4-part3
work_1084,work_1377,Undirected,MS_Barocci_90
work_10848,work_16226,Undirected,MS_Auct_T_1_4
work_10848,work_10843,Undirected,MS_Auct_T_1_4
work_10848,work_4744,Undirected,MS_Auct_E_2_2-part3
work_10849,work_12184,Undirected,MS_Rawl_B_487
work_10849,work_10613,Undirected,MS_Rawl_B_487
work_10849,work_11622,Undirected,MS_Rawl_B_487
work_10849,work_10007,Undirected,MS_Rawl_B_487
work_10849,work_16029,Undirected,MS_Rawl_B_487
work_10852,work_10230,Undirected,MS_Laud_Lat_110
work_10858,work_11583,Undirected,MS_Gr_th_e_10_P-part2
work_10859,work_1067,Undirected,MS_Holkham_misc_24
work_10859,work_13667,Undirected,MS_Holkham_misc_24
work_10859,work_4571,Undirected,MS_Holkham_misc_24
work_10859,work_1287,Undirected,MS_Holkham_misc_24
work_10859,work_4570,Undirected,MS_Holkham_misc_24
work_10859,work_992,Undirected,MS_Holkham_misc_24
work_10859,work_11202,Undirected,MS_Holkham_misc_24
work_10859,work_888,Undirected,MS_Holkham_misc_24
work_10859,work_1141,Undirected,MS_Holkham_misc_24
work_10859,work_1288,Undirected,MS_Holkham_misc_24
work_10859,work_3266,Undirected,MS_Holkham_misc_24
work_10859,work_1829,Undirected,MS_Holkham_misc_24
work_10859,work_1959,Undirected,MS_Holkham_misc_24
work_10859,work_13668,Undirected,MS_Holkham_misc_24
work_10859,work_14763,Undirected,MS_Holkham_misc_24
work_10859,work_11772,Undirected,MS_Holkham_misc_24
work_1086,work_3351,Undirected,MS_Lat_th_e_19
work_1086,work_15126,Undirected,MS_Lat_th_e_19
work_1086,work_14624,Undirected,MS_Lat_th_e_19
work_1086,work_14564,Undirected,MS_Lat_th_e_19
work_1086,work_11773,Undirected,MS_Lat_th_e_19
work_1086,work_14559,Undirected,MS_Lat_th_e_19
work_1086,work_14559,Undirected,MS_Lat_th_e_19
work_1086,work_3510,Undirected,MS_Lat_th_e_19
work_1086,work_15124,Undirected,MS_Lat_th_e_19
work_1086,work_1554,Undirected,MS_Lat_th_e_19
work_1086,work_14058,Undirected,MS_Lat_th_e_19
work_10875,work_11664,Undirected,MS_Digby_34-part3
work_10875,work_14583,Undirected,MS_Digby_34-part3
work_10896,work_14743,Undirected,MS_Tanner_400
work_10896,work_14289,Undirected,MS_Tanner_400
work_10903,work_13328,Undirected,MS_Bodl_505
work_10906,work_13572,Undirected,MS_Rawl_D_1362
work_1091,work_13818,Undirected,MS_Canon_Misc_177
work_1091,work_3096,Undirected,MS_Canon_Misc_177
work_10915,work_12470,Undirected,MS_Selden_Supra_31
work_10915,work_11580,Undirected,MS_Selden_Supra_31
work_10915,work_12470,Undirected,Merton_College_MS_313
work_10915,work_11444,Undirected,MS_Selden_Supra_31
work_10915,work_7326,Undirected,Merton_College_MS_313
work_10917,work_12638,Undirected,MS_Lat_class_e_48
work_10917,work_1272,Undirected,MS_Lat_class_e_48
work_10917,work_11056,Undirected,MS_Lat_class_e_48
work_10917,work_1263,Undirected,MS_Lat_class_e_48
work_10917,work_3975,Undirected,MS_Lat_class_e_48
work_10918,work_12163,Undirected,MS_Rawl_B_170
work_1092,work_2363,Undirected,MS_Canon_Misc_422
work_1092,work_11155,Undirected,MS_Canon_Misc_422
work_10926,work_16397,Undirected,MS_Laud_Misc_636
work_10929,work_3532,Undirected,MS_Douce_120
work_10933,work_4405,Undirected,MS_Douce_128-part2
work_10941,work_14531,Undirected,MS_Rawl_B_216
work_10941,work_2726,Undirected,MS_Rawl_B_216
work_10941,work_2740,Undirected,MS_Rawl_B_216
work_10945,work_3112,Undirected,MS_Ashmole_791
work_10948,work_2003,Undirected,MS_Laud_Misc_564
work_10949,work_10952,Undirected,MS_Bodl_101-part2
work_10949,work_10951,Undirected,MS_Bodl_101-part2
work_1095,work_1102,Undirected,MS_Bodl_558
work_1095,work_1102,Undirected,MS_Bodl_558
work_1095,work_5486,Undirected,MS_Bodl_558
work_1095,work_5488,Undirected,MS_Bodl_558
work_1095,work_5487,Undirected,MS_Bodl_558
work_10957,work_10957,Undirected,MS_Laud_Lat_18-part1
work_10957,work_13322,Undirected,MS_Laud_Lat_18-part1
work_10957,work_12907,Undirected,MS_Laud_Lat_18-part1
work_1096,work_1112,Undirected,MS_Lat_misc_d_34
work_1096,work_272,Undirected,MS_Lat_misc_d_34
work_1096,work_3560,Undirected,MS_Lat_misc_d_34
work_1096,work_12037,Undirected,MS_Lat_misc_d_34
work_10974,work_10920,Undirected,MS_Bodl_Rolls_23
work_10997,work_11005,Undirected,MS_Canon_Misc_288
work_10998,work_10488,Undirected,MS_e_Mus_160
work_10998,work_15274,Undirected,MS_e_Mus_160
work_10998,work_13108,Undirected,MS_e_Mus_160
work_11008,work_11006,Undirected,MS_Laud_Lat_115
work_11010,work_4831,Undirected,MS_Eng_hist_c_380
work_11010,work_1996,Undirected,MS_Eng_hist_c_380
work_11014,work_2900,Undirected,MS_Canon_Ital_294
work_11016,work_3156,Undirected,MS_Barocci_25-part3
work_11020,work_2854,Undirected,MS_Digby_81-part2
work_11031,work_16035,Undirected,MS_Add_A_197
work_11032,work_11638,Undirected,Exeter_College_MS_1-partC
work_11032,work_16035,Undirected,MS_Add_B_62
work_11032,work_11638,Undirected,Exeter_College_MS_1-partC
work_11036,work_1046,Undirected,Merton_College_MS_248-part3
work_11046,work_3960,Undirected,MS_Douce_262
work_11046,work_14352,Undirected,MS_Douce_262
work_11046,work_10602,Undirected,MS_Douce_262
work_11046,work_4085,Undirected,University_College_MS_14
work_11046,work_4958,Undirected,MS_Bodl_576
work_11046,work_13827,Undirected,MS_Bodl_576
work_11046,work_11269,Undirected,MS_Douce_262
work_11046,work_14930,Undirected,MS_Bodl_576
work_11046,work_10602,Undirected,MS_Bodl_576
work_11050,work_12970,Undirected,MS_Ash_Rolls_4
work_11050,work_15058,Undirected,MS_Ash_Rolls_4
work_11089,work_1735,Undirected,MS_Lyell_50-part1
work_11096,work_243,Undirected,MS_Lat_misc_b_18-part41
work_11096,work_3525,Undirected,MS_Lat_misc_b_18-part41
work_11096,work_3965,Undirected,MS_Lat_misc_b_18-part41
work_111,work_113,Undirected,MS_Holkham_Gr_34
work_111,work_105,Undirected,MS_Holkham_Gr_34
work_111,work_1814,Undirected,MS_Holkham_Gr_34
work_111,work_116,Undirected,MS_Holkham_Gr_34
work_111,work_107,Undirected,MS_Holkham_Gr_34
work_111,work_102,Undirected,MS_Holkham_Gr_34
work_11108,work_338,Undirected,MS_Digby_55
work_11108,work_853,Undirected,MS_Digby_55
work_11108,work_4124,Undirected,MS_Digby_55
work_11108,work_12151,Undirected,MS_Digby_55
work_11108,work_332,Undirected,MS_Digby_55
work_11108,work_4767,Undirected,MS_Digby_55
work_11108,work_4766,Undirected,MS_Digby_55
work_11108,work_5027,Undirected,MS_Digby_55
work_11108,work_4428,Undirected,MS_Digby_55
work_1111,work_15226,Undirected,MS_Canon_Ital_89
work_11111,work_2222,Undirected,MS_Digby_44
work_11126,work_15031,Undirected,St_Johns_College_MS_152-part3
work_11126,work_11126,Undirected,St_Johns_College_MS_152-part3
work_11126,work_16483,Undirected,St_Johns_College_MS_152-part3
work_11139,work_13730,Undirected,MS_Rawl_C_547
work_11139,work_11227,Undirected,MS_Rawl_C_547
work_11139,work_14583,Undirected,MS_Rawl_C_547
work_11140,work_1093,Undirected,MS_Canon_Misc_181
work_11140,work_1094,Undirected,MS_Canon_Misc_181
work_11142,work_11149,Undirected,Hertford_College_MS_41-part1
work_1115,work_14076,Undirected,MS_Canon_Ital_39
work_1115,work_15425,Undirected,Holkham_c_2
work_1115,work_1116,Undirected,Holkham_c_2
work_1115,work_12431,Undirected,Holkham_c_2
work_11153,work_13818,Undirected,MS_Hamilton_47-part1
work_11157,work_4770,Undirected,MS_Canon_Misc_145
work_11157,work_14846,Undirected,MS_Canon_Misc_145
work_11157,work_4681,Undirected,MS_Canon_Misc_145
work_11157,work_3471,Undirected,MS_Canon_Misc_145
work_11157,work_15207,Undirected,MS_Canon_Misc_145
work_11158,work_5046,Undirected,MS_Bodl_292-part3
work_11158,work_418,Undirected,MS_Bodl_292-part3
work_1116,work_1370,Undirected,MS_Canon_Ital_101
work_1116,work_1524,Undirected,MS_Canon_Ital_46
work_11160,work_1989,Undirected,MS_Canon_Class_Lat_205-part2
work_11180,work_15437,Undirected,MS_Laud_Misc_352-part5
work_11180,work_15200,Undirected,MS_Laud_Misc_352-part5
work_11180,work_13955,Undirected,MS_Laud_Misc_352-part5
work_11185,work_11198,Undirected,MS_Lat_class_d_17
work_11185,work_15009,Undirected,MS_Lat_class_d_17
work_11185,work_11242,Undirected,MS_Lat_class_d_17
work_11185,work_11185,Undirected,MS_Lat_class_d_17
work_11185,work_11125,Undirected,MS_Lat_class_d_17
work_11185,work_3856,Undirected,MS_Lat_class_d_17
work_11185,work_11184,Undirected,MS_Lat_class_d_17
work_11189,work_11296,Undirected,MS_Bodl_453
work_11189,work_4793,Undirected,MS_Bodl_453
work_11196,work_11119,Undirected,MS_Canon_Misc_237
work_11196,work_12597,Undirected,MS_Canon_Misc_237
work_1120,work_1249,Undirected,MS_Canon_Ital_152
work_11200,work_15094,Undirected,MS_Ashmole_970
work_11200,work_15094,Undirected,MS_Ashmole_970
work_11200,work_16270,Undirected,MS_Ashmole_970
work_11200,work_15094,Undirected,MS_Ashmole_970
work_11200,work_15094,Undirected,MS_Ashmole_970
work_11208,work_4008,Undirected,MS_Canon_Pat_Lat_53
work_11208,work_10154,Undirected,MS_Canon_Pat_Lat_53
work_11208,work_3824,Undirected,MS_Canon_Pat_Lat_53
work_1121,work_3489,Undirected,MS_Auct_F_1_15
work_1121,work_1119,Undirected,MS_Hamilton_46-part2
work_1121,work_16389,Undirected,MS_Hamilton_46-part2
work_1121,work_17125,Undirected,MS_Hamilton_46-part2
work_1121,work_16389,Undirected,MS_DOrville_153
work_1121,work_1130,Undirected,MS_Rawl_G_39
work_1121,work_2094,Undirected,MS_Lat_class_d_1
work_1121,work_13886,Undirected,MS_Bodl_38-part3
work_1121,work_7408,Undirected,MS_Hamilton_46-part2
work_1121,work_12324,Undirected,MS_Hamilton_46-part2
work_1121,work_17126,Undirected,MS_Hamilton_46-part2
work_11214,work_11257,Undirected,MS_Bodl_514-part2-part1
work_11214,work_6468,Undirected,MS_Bodl_514-part2-part1
work_11217,work_13431,Undirected,MS_e_Mus_3
work_11217,work_5095,Undirected,MS_e_Mus_3
work_11217,work_12427,Undirected,MS_Laud_Lat_20-part2
work_11217,work_6730,Undirected,MS_e_Mus_3
work_1122,work_13930,Undirected,MS_Bodl_180
work_11221,work_11257,Undirected,MS_Digby_108
work_11221,work_11213,Undirected,MS_Digby_108
work_11221,work_11214,Undirected,MS_Digby_108
work_11221,work_11298,Undirected,MS_Digby_108
work_11225,work_16283,Undirected,MS_Bodl_44-part3
work_11227,work_1660,Undirected,MS_Laud_Misc_527-part7
work_11243,work_14583,Undirected,MS_Bodl_807-part5
work_11243,work_1532,Undirected,MS_Canon_Class_Lat_17
work_11244,work_11138,Undirected,MS_Eng_th_e_181
work_11244,work_12524,Undirected,MS_Eng_th_e_181
work_11244,work_11854,Undirected,MS_Eng_th_e_181
work_11244,work_11170,Undirected,MS_Eng_th_e_181
work_11247,work_12894,Undirected,MS_Rawl_C_399
work_11247,work_15058,Undirected,MS_Rawl_C_399
work_11247,work_13535,Undirected,MS_Rawl_C_399
work_11247,work_3004,Undirected,MS_Rawl_C_399
work_11247,work_15280,Undirected,MS_Rawl_C_399
work_11250,work_11302,Undirected,MS_Canon_Misc_137
work_11250,work_1057,Undirected,MS_Canon_Misc_284
work_11250,work_3510,Undirected,Exeter_College_MS_32
work_11250,work_1149,Undirected,MS_Canon_Misc_284
work_11250,work_3988,Undirected,MS_Canon_Misc_284
work_11250,work_541,Undirected,MS_Canon_Misc_284
work_11261,work_11299,Undirected,MS_Canon_Misc_486
work_11261,work_11160,Undirected,MS_Canon_Misc_486
work_11261,work_7302,Undirected,Merton_College_MS_296-part1
work_11261,work_11141,Undirected,MS_Canon_Misc_486
work_11261,work_7301,Undirected,Merton_College_MS_296-part1
work_11261,work_1940,Undirected,Merton_College_MS_296-part1
work_11261,work_11149,Undirected,MS_Canon_Misc_486
work_11261,work_11163,Undirected,MS_Canon_Misc_486
work_11261,work_11175,Undirected,MS_Canon_Misc_486
work_11261,work_11140,Undirected,MS_Canon_Misc_486
work_11261,work_7303,Undirected,Merton_College_MS_296-part1
work_11261,work_11160,Undirected,Merton_College_MS_296-part1
work_11261,work_7242,Undirected,Merton_College_MS_296-part1
work_11261,work_11226,Undirected,MS_Canon_Misc_486
work_11261,work_11162,Undirected,MS_Canon_Misc_486
work_11264,work_356,Undirected,MS_Bodl_484-part1
work_11267,work_4887,Undirected,MS_Digby_161-part5
work_11267,work_13232,Undirected,MS_Digby_161-part5
work_11270,work_11283,Undirected,MS_Rawl_C_301
work_11270,work_1161,Undirected,MS_Rawl_C_301
work_11270,work_11364,Undirected,MS_Rawl_C_301
work_11270,work_12565,Undirected,MS_Rawl_C_301
work_11270,work_14583,Undirected,MS_Rawl_C_301
work_11273,work_15308,Undirected,MS_Hatton_37
work_11273,work_4460,Undirected,MS_Hatton_37
work_11278,work_14417,Undirected,MS_Savile_5
work_11278,work_180,Undirected,MS_Savile_5
work_11278,work_3762,Undirected,MS_Savile_5
work_11278,work_3762,Undirected,MS_Rawl_G_124
work_11278,work_4150,Undirected,MS_Savile_5
work_11278,work_11278,Undirected,MS_Savile_5
work_1128,work_13522,Undirected,MS_Canon_Class_Lat_273
work_1128,work_12322,Undirected,MS_Canon_Class_Lat_273
work_11282,work_12334,Undirected,MS_Canon_Misc_303
work_11282,work_2320,Undirected,MS_Canon_Misc_303
work_11282,work_2357,Undirected,MS_Canon_Misc_303
work_11285,work_16342,Undirected,St_Johns_College_MS_184
work_11285,work_1393,Undirected,MS_Lat_misc_a_2-part1
work_11285,work_3977,Undirected,St_Johns_College_MS_184
work_11285,work_4542,Undirected,St_Johns_College_MS_184
work_11288,work_1081,Undirected,MS_Laud_Misc_37-part1
work_11288,work_14583,Undirected,MS_Laud_Misc_37-part1
work_11288,work_16901,Undirected,MS_Laud_Misc_37-part1
work_11288,work_14658,Undirected,MS_Laud_Misc_386-part3
work_11288,work_1081,Undirected,MS_Laud_Misc_37-part1
work_11288,work_1081,Undirected,MS_Laud_Misc_386-part3
work_11290,work_5559,Undirected,MS_Laud_Misc_390-part2
work_11290,work_11183,Undirected,MS_Laud_Misc_390-part2
work_11290,work_6660,Undirected,MS_Laud_Misc_390-part2
work_11295,work_2191,Undirected,MS_Rawl_A_423
work_11295,work_11346,Undirected,MS_Rawl_A_423
work_11295,work_11296,Undirected,MS_Rawl_A_423
work_11295,work_15283,Undirected,MS_Rawl_A_423
work_11297,work_15339,Undirected,MS_Auct_E_5_17
work_11297,work_12335,Undirected,MS_Auct_E_5_17
work_1130,work_4244,Undirected,MS_Lyell_49-part1
work_11314,work_5082,Undirected,MS_Bodl_487
work_11314,work_15057,Undirected,MS_Bodl_487
work_11314,work_280,Undirected,MS_Bodl_487
work_11314,work_1425,Undirected,MS_Bodl_487
work_11314,work_14992,Undirected,MS_Bodl_487
work_11314,work_14784,Undirected,MS_Bodl_487
work_11319,work_2841,Undirected,MS_Lat_misc_f_49
work_11319,work_11872,Undirected,MS_Lat_misc_f_49
work_1133,work_11186,Undirected,MS_DOrville_530
work_1133,work_3730,Undirected,MS_DOrville_530
work_11330,work_15456,Undirected,MS_Digby_167-part1
work_11337,work_14583,Undirected,MS_Hamilton_42-part2
work_11337,work_13950,Undirected,MS_Don_e_250-partA
work_11337,work_2867,Undirected,MS_Don_e_250-partA
work_11343,work_2795,Undirected,MS_Lat_misc_b_201-2-part2
work_11343,work_2795,Undirected,MS_Lat_misc_b_201-2-part2
work_11343,work_1286,Undirected,MS_Lat_misc_b_201-2-part2
work_11343,work_11344,Undirected,MS_Lat_misc_b_201-2-part2
work_11343,work_2202,Undirected,MS_Lat_misc_b_201-2-part2
work_11343,work_2795,Undirected,MS_Lat_misc_b_201-2-part2
work_11344,work_11343,Undirected,Exeter_College_MS_17-partC
work_11344,work_2795,Undirected,Exeter_College_MS_17-partC
work_11344,work_2795,Undirected,Exeter_College_MS_17-partC
work_11344,work_2795,Undirected,Exeter_College_MS_17-partC
work_11344,work_3474,Undirected,Exeter_College_MS_17-partC
work_11350,work_379,Undirected,MS_Ashmole_1280-part6
work_11350,work_14583,Undirected,MS_Ashmole_1280-part6
work_11350,work_15091,Undirected,MS_Ashmole_1280-part6
work_11350,work_15308,Undirected,MS_Ashmole_1280-part6
work_11356,work_11637,Undirected,MS_Ashmole_1146
work_11357,work_11947,Undirected,MS_Lat_th_d_22
work_11357,work_11473,Undirected,MS_Lat_th_d_22
work_1136,work_4560,Undirected,Merton_College_MS_202
work_1136,work_13484,Undirected,St_Johns_College_MS_190-part6
work_11362,work_11366,Undirected,MS_Lat_misc_b_201-2-part5
work_11362,work_11363,Undirected,MS_Lat_misc_b_201-2-part5
work_11362,work_11360,Undirected,MS_Lat_misc_b_201-2-part5
work_11362,work_11888,Undirected,MS_Lat_misc_b_201-2-part5
work_11362,work_11361,Undirected,MS_Lat_misc_b_201-2-part5
work_11362,work_11365,Undirected,MS_Lat_misc_b_201-2-part5
work_11370,work_3968,Undirected,MS_Ashmole_1286
work_11370,work_14629,Undirected,MS_Ashmole_1286
work_11370,work_13918,Undirected,MS_Ashmole_1286
work_11370,work_15301,Undirected,MS_Ashmole_1286
work_11396,work_4295,Undirected,MS_e_Mus_130
work_11399,work_12986,Undirected,MS_Ashmole_770-part2
work_11399,work_12987,Undirected,MS_Ashmole_770-part2
work_1140,work_3837,Undirected,MS_Laud_Misc_181-part2
work_1140,work_4574,Undirected,MS_Laud_Misc_181-part2
work_1140,work_5045,Undirected,MS_Laud_Misc_181-part2
work_1140,work_1145,Undirected,MS_Laud_Misc_181-part2
work_11414,work_11280,Undirected,MS_Lat_misc_f_39
work_11414,work_14301,Undirected,MS_Lat_misc_f_39
work_11414,work_11764,Undirected,MS_Lat_misc_f_39
work_1143,work_2377,Undirected,MS_Lyell_61
work_1143,work_3960,Undirected,MS_Lyell_61
work_1143,work_1140,Undirected,MS_Lyell_61
work_1143,work_235,Undirected,MS_Lyell_61
work_1143,work_11526,Undirected,MS_Lyell_61
work_11431,work_1584,Undirected,MS_Auct_T_2_18-part1
work_11433,work_11449,Undirected,MS_Rawl_B_189-part1
work_11437,work_13209,Undirected,MS_DOrville_206
work_11442,work_200,Undirected,MS_Rawl_D_520
work_11442,work_4073,Undirected,MS_Rawl_D_520
work_11442,work_11450,Undirected,MS_Rawl_D_520
work_1145,work_2775,Undirected,MS_Laud_Misc_402-part6
work_1145,work_14535,Undirected,MS_Laud_Misc_402-part6
work_1145,work_378,Undirected,MS_Canon_Misc_328
work_1145,work_14583,Undirected,MS_Laud_Misc_402-part6
work_1145,work_1576,Undirected,MS_Canon_Misc_328
work_1145,work_13060,Undirected,MS_Canon_Misc_328
work_1145,work_4632,Undirected,MS_Canon_Misc_328
work_11451,work_11445,Undirected,MS_Tanner_439
work_11452,work_14654,Undirected,MS_Bodl_581
work_11452,work_12800,Undirected,MS_Bodl_581
work_11456,work_1001,Undirected,MS_Bodl_484-part2
work_11460,work_14326,Undirected,MS_Canon_Ital_159
work_11463,work_4920,Undirected,Christ_Church_MS_113
work_1147,work_1901,Undirected,MS_Lat_th_f_18
work_11477,work_2795,Undirected,MS_Canon_Pat_Lat_207
work_11524,work_10891,Undirected,MS_Rawl_D_1138
work_11525,work_1025,Undirected,MS_Canon_Ital_156
work_11525,work_1913,Undirected,MS_Canon_Ital_156
work_11525,work_15282,Undirected,MS_Canon_Ital_156
work_11525,work_1023,Undirected,MS_Canon_Ital_156
work_11525,work_2482,Undirected,MS_Canon_Ital_156
work_11527,work_4860,Undirected,MS_Marshall_124
work_1153,work_11478,Undirected,MS_Rawl_C_428
work_1153,work_11343,Undirected,MS_Rawl_C_428
work_1153,work_11351,Undirected,MS_Rawl_C_428
work_1153,work_2219,Undirected,MS_Hamilton_23-upperpastedown
work_1153,work_11343,Undirected,MS_Rawl_C_52
work_1153,work_14583,Undirected,MS_Rawl_C_428
work_1153,work_6251,Undirected,MS_Laud_Misc_307-part3
work_1153,work_6251,Undirected,MS_Laud_Misc_307-part8
work_1153,work_6251,Undirected,MS_Laud_Misc_307-part5
work_1154,work_12322,Undirected,MS_Laud_Misc_736
work_1154,work_14583,Undirected,MS_Laud_Misc_736
work_1154,work_13934,Undirected,MS_Laud_Misc_736
work_11544,work_14518,Undirected,MS_Digby_67-part3
work_11552,work_3301,Undirected,MS_Rawl_G_40-part2
work_11553,work_14583,Undirected,MS_Lat_th_d_26-part1
work_11554,work_15138,Undirected,MS_Bodl_681-part1
work_11554,work_15091,Undirected,MS_Bodl_681-part1
work_11562,work_16555,Undirected,MS_Canon_Misc_278_97-128
work_11562,work_17140,Undirected,MS_Canon_Misc_278_97-128
work_11562,work_12328,Undirected,MS_Lawn_medieval_6
work_11562,work_2048,Undirected,MS_Lawn_medieval_6
work_11562,work_16554,Undirected,MS_Canon_Misc_278_97-128
work_11562,work_14532,Undirected,MS_Ashmole_789-part2
work_11562,work_12352,Undirected,MS_Rawl_G_57
work_11562,work_10853,Undirected,MS_Rawl_G_57
work_11564,work_4387,Undirected,Merton_College_MS_44-part2
work_11564,work_13477,Undirected,MS_Lat_th_d_18-part1
work_11564,work_14864,Undirected,MS_Lat_th_d_18-part1
work_11565,work_12151,Undirected,MS_Bodl_552
work_11568,work_14583,Undirected,MS_Greaves_53
work_11568,work_15283,Undirected,Christ_Church_MS_687
work_11568,work_15167,Undirected,MS_Greaves_53
work_11568,work_3952,Undirected,MS_Greaves_53
work_11568,work_6242,Undirected,MS_Greaves_53
work_11568,work_6243,Undirected,MS_Greaves_53
work_11568,work_1140,Undirected,MS_Greaves_53
work_11568,work_11568,Undirected,MS_Greaves_53
work_11568,work_5040,Undirected,MS_Greaves_53
work_1157,work_3533,Undirected,MS_Laud_Misc_519
work_11572,work_10687,Undirected,MS_Canon_Liturg_225
work_11581,work_15418,Undirected,MS_Gr_class_f_123_P
work_11583,work_14275,Undirected,MS_Gr_class_c_140_P_a
work_11591,work_14674,Undirected,MS_e_Mus_198-star
work_11607,work_13791,Undirected,MS_Gr_class_b_9_P
work_1161,work_13572,Undirected,MS_Bodl_346
work_1161,work_7139,Undirected,MS_Bodl_346
work_1161,work_7139,Undirected,Merton_College_MS_215
work_1161,work_7140,Undirected,Merton_College_MS_215
work_1161,work_17024,Undirected,Merton_College_MS_215
work_1161,work_7138,Undirected,Merton_College_MS_215
work_1161,work_7140,Undirected,MS_Bodl_346
work_1161,work_7138,Undirected,MS_Bodl_346
work_11613,work_11638,Undirected,MS_Rawl_B_244
work_11628,work_12853,Undirected,MS_Arch_Selden_B_55
work_11628,work_13738,Undirected,MS_Arch_Selden_B_55
work_11632,work_12661,Undirected,MS_Ashmole_1114-part5
work_11635,work_12737,Undirected,MS_Laud_Misc_249-part3
work_1164,work_13886,Undirected,MS_Canon_Ital_31
work_1164,work_3855,Undirected,MS_Canon_Ital_31
work_1164,work_10408,Undirected,MS_Canon_Ital_31
work_11646,work_13693,Undirected,MS_Carte_176
work_11646,work_14249,Undirected,MS_Carte_176
work_11655,work_12596,Undirected,MS_Lyell_32
work_11656,work_6057,Undirected,MS_Rawl_B_432
work_11656,work_2933,Undirected,MS_Rawl_B_432
work_11657,work_306,Undirected,MS_Bodl_937
work_11657,work_4786,Undirected,MS_Bodl_937
work_11657,work_307,Undirected,MS_Bodl_937
work_11657,work_2849,Undirected,MS_Bodl_937
work_11658,work_10056,Undirected,MS_Douce_379-star
work_11659,work_2304,Undirected,MS_Canon_Misc_435
work_11659,work_4421,Undirected,MS_Canon_Misc_435
work_11659,work_895,Undirected,MS_Canon_Misc_435
work_11659,work_11543,Undirected,MS_Canon_Misc_435
work_11677,work_10099,Undirected,MS_Canon_Liturg_214
work_11677,work_12098,Undirected,MS_Canon_Liturg_214
work_11682,work_14583,Undirected,MS_Bodl_123
work_11682,work_13657,Undirected,MS_Bodl_123
work_11682,work_12022,Undirected,MS_Bodl_123
work_11682,work_15161,Undirected,MS_Bodl_123
work_11696,work_3859,Undirected,MS_Rawl_B_490
work_11706,work_10224,Undirected,MS_Laud_Misc_33
work_11710,work_1414,Undirected,MS_Canon_Ital_172
work_11710,work_13058,Undirected,MS_Canon_Ital_172
work_11713,work_4964,Undirected,MS_Digby_166-part5
work_11715,work_4497,Undirected,MS_Auct_F_5_18
work_11715,work_4501,Undirected,MS_Auct_F_5_18
work_11717,work_13892,Undirected,MS_Canon_Ital_171
work_11717,work_12865,Undirected,MS_Canon_Ital_171
work_1172,work_4997,Undirected,MS_Canon_Misc_565
work_1173,work_1748,Undirected,St_Johns_College_MS_197-part2
work_1173,work_1751,Undirected,St_Johns_College_MS_197-part2
work_11737,work_14552,Undirected,MS_Bodl_556
work_11737,work_12599,Undirected,MS_Bodl_556
work_11737,work_13957,Undirected,MS_Laud_Misc_79-part3
work_11739,work_2661,Undirected,MS_Holkham_Gr_9
work_11739,work_2661,Undirected,MS_Holkham_Gr_9
work_11739,work_16014,Undirected,MS_Holkham_Gr_9
work_11739,work_5635,Undirected,MS_Holkham_Gr_9
work_11739,work_5634,Undirected,MS_Holkham_Gr_9
work_11739,work_16013,Undirected,MS_Holkham_Gr_9
work_11739,work_5639,Undirected,MS_Holkham_Gr_9
work_11739,work_16017,Undirected,MS_Holkham_Gr_9
work_11739,work_16020,Undirected,MS_Holkham_Gr_9
work_11739,work_4052,Undirected,MS_Holkham_Gr_9
work_11739,work_16018,Undirected,MS_Holkham_Gr_9
work_11739,work_2661,Undirected,MS_Holkham_Gr_9
work_11739,work_16022,Undirected,MS_Holkham_Gr_9
work_11739,work_10727,Undirected,MS_Holkham_Gr_9
work_11739,work_2661,Undirected,MS_Holkham_Gr_9
work_11739,work_5637,Undirected,MS_Holkham_Gr_9
work_11739,work_5634,Undirected,MS_Holkham_Gr_9
work_11739,work_14054,Undirected,MS_Holkham_Gr_9
work_11739,work_5633,Undirected,MS_Holkham_Gr_9
work_11739,work_16012,Undirected,MS_Holkham_Gr_9
work_11739,work_5633,Undirected,MS_Holkham_Gr_9
work_11739,work_16016,Undirected,MS_Holkham_Gr_9
work_11739,work_16015,Undirected,MS_Holkham_Gr_9
work_11739,work_16021,Undirected,MS_Holkham_Gr_9
work_11739,work_1814,Undirected,MS_Holkham_Gr_9
work_11739,work_5632,Undirected,MS_Holkham_Gr_9
work_11739,work_16019,Undirected,MS_Holkham_Gr_9
work_11739,work_16014,Undirected,MS_Holkham_Gr_9
work_11739,work_5636,Undirected,MS_Holkham_Gr_9
work_11747,work_14980,Undirected,MS_Canon_Misc_264
work_1175,work_2382,Undirected,MS_Lyell_48
work_1175,work_241,Undirected,MS_Lyell_48
work_1176,work_3374,Undirected,MS_Lat_hist_e_1
work_11760,work_13322,Undirected,MS_Lat_misc_e_125
work_11760,work_15283,Undirected,MS_Ashmole_1280-part5
work_11771,work_13730,Undirected,MS_Laud_Misc_315
work_11771,work_12151,Undirected,MS_Laud_Misc_315
work_11771,work_12285,Undirected,MS_Laud_Misc_315
work_11771,work_6452,Undirected,MS_Laud_Misc_315
work_11771,work_16172,Undirected,MS_Laud_Misc_315
work_11771,work_13060,Undirected,MS_Laud_Misc_315
work_11771,work_17515,Undirected,MS_Laud_Misc_315
work_11771,work_11760,Undirected,MS_Laud_Misc_315
work_11771,work_10471,Undirected,MS_Laud_Misc_315
work_11771,work_12285,Undirected,MS_Laud_Misc_315
work_11771,work_15308,Undirected,MS_Laud_Misc_315
work_11771,work_3894,Undirected,MS_Laud_Misc_315
work_11771,work_16306,Undirected,MS_Laud_Misc_315
work_11771,work_14583,Undirected,MS_Laud_Misc_315
work_11771,work_3923,Undirected,MS_Laud_Misc_315
work_11771,work_13432,Undirected,MS_Laud_Misc_315
work_11771,work_16172,Undirected,MS_Laud_Misc_315
work_11771,work_13730,Undirected,MS_Laud_Misc_315
work_11771,work_16172,Undirected,MS_Laud_Misc_315
work_11771,work_13060,Undirected,MS_Laud_Misc_315
work_11771,work_14583,Undirected,MS_Laud_Misc_315
work_11771,work_17516,Undirected,MS_Laud_Misc_315
work_11771,work_14583,Undirected,MS_Laud_Misc_315
work_11771,work_15454,Undirected,MS_Laud_Misc_315
work_11771,work_15457,Undirected,MS_Laud_Misc_315
work_11771,work_15125,Undirected,MS_Laud_Misc_315
work_11771,work_16172,Undirected,MS_Laud_Misc_315
work_11771,work_13060,Undirected,MS_Laud_Misc_315
work_11771,work_11227,Undirected,MS_Laud_Misc_315
work_11771,work_4128,Undirected,MS_Laud_Misc_315
work_11771,work_13730,Undirected,MS_Laud_Misc_315
work_11771,work_16172,Undirected,MS_Laud_Misc_315
work_11771,work_15308,Undirected,MS_Laud_Misc_315
work_11771,work_15277,Undirected,MS_Laud_Misc_315
work_11771,work_13730,Undirected,MS_Laud_Misc_315
work_11771,work_14583,Undirected,MS_Laud_Misc_315
work_11771,work_13060,Undirected,MS_Laud_Misc_315
work_11771,work_16172,Undirected,MS_Laud_Misc_315
work_11771,work_17518,Undirected,MS_Laud_Misc_315
work_11771,work_13730,Undirected,MS_Laud_Misc_315
work_11771,work_13730,Undirected,MS_Laud_Misc_315
work_11771,work_15308,Undirected,MS_Laud_Misc_315
work_11771,work_2330,Undirected,MS_Laud_Misc_315
work_11771,work_13730,Undirected,MS_Laud_Misc_315
work_11771,work_13060,Undirected,MS_Laud_Misc_315
work_11771,work_16172,Undirected,MS_Laud_Misc_315
work_11771,work_17517,Undirected,MS_Laud_Misc_315
work_11771,work_16172,Undirected,MS_Laud_Misc_315
work_11771,work_16172,Undirected,MS_Laud_Misc_315
work_11771,work_14583,Undirected,MS_Laud_Misc_315
work_11771,work_7622,Undirected,MS_Laud_Misc_315
work_11771,work_16172,Undirected,MS_Laud_Misc_315
work_11771,work_16172,Undirected,MS_Laud_Misc_315
work_11771,work_13060,Undirected,MS_Laud_Misc_315
work_11771,work_14583,Undirected,MS_Laud_Misc_315
work_11771,work_13730,Undirected,MS_Laud_Misc_315
work_11775,work_11782,Undirected,MS_Lat_misc_e_108
work_11775,work_11781,Undirected,MS_Lat_misc_e_108
work_11775,work_11785,Undirected,MS_Lat_misc_e_108
work_11775,work_15492,Undirected,MS_Lat_misc_e_108
work_11775,work_12151,Undirected,MS_Lat_misc_e_108
work_11775,work_12151,Undirected,MS_Lat_misc_e_108
work_11775,work_15492,Undirected,MS_Lat_misc_e_108
work_11775,work_11776,Undirected,MS_Lat_misc_e_108
work_11775,work_15492,Undirected,MS_Lat_misc_e_108
work_11775,work_14937,Undirected,MS_Lat_misc_e_108
work_11775,work_15039,Undirected,MS_Lat_misc_e_108
work_11775,work_15117,Undirected,MS_Lat_misc_e_108
work_11775,work_11777,Undirected,MS_Lat_misc_e_108
work_11775,work_15031,Undirected,MS_Lat_misc_e_108
work_11775,work_12151,Undirected,MS_Lat_misc_e_108
work_11793,work_3162,Undirected,MS_Barocci_44
work_11793,work_12265,Undirected,MS_Barocci_44
work_11793,work_11021,Undirected,MS_Barocci_44
work_11798,work_14541,Undirected,MS_Laud_Misc_492-part2
work_11798,work_2421,Undirected,MS_Laud_Misc_492-part2
work_11798,work_15266,Undirected,MS_Laud_Misc_492-part2
work_11808,work_11227,Undirected,MS_Bodl_687
work_11808,work_3574,Undirected,MS_Bodl_687
work_11808,work_2772,Undirected,MS_Bodl_687
work_11808,work_14583,Undirected,MS_Bodl_687
work_11808,work_14583,Undirected,MS_Laud_Misc_213
work_11809,work_6817,Undirected,MS_Bodl_79
work_11809,work_14349,Undirected,MS_Bodl_79
work_11812,work_12627,Undirected,MS_Gr_class_c_114_P
work_11816,work_11315,Undirected,MS_Gough_Norf_43
work_11817,work_13372,Undirected,MS_Rawl_D_894
work_11817,work_11743,Undirected,MS_Rawl_D_894
work_11817,work_10507,Undirected,MS_Rawl_D_894
work_11817,work_13355,Undirected,MS_Rawl_D_894
work_11817,work_14114,Undirected,MS_Rawl_D_894
work_11818,work_14335,Undirected,MS_Bodl_423-part2
work_11818,work_292,Undirected,MS_Bodl_423-part2
work_11818,work_15383,Undirected,MS_Bodl_423-part2
work_11818,work_10607,Undirected,MS_Bodl_423-part2
work_1182,work_1180,Undirected,MS_Auct_F_1_10
work_1182,work_7320,Undirected,Merton_College_MS_307
work_1182,work_5428,Undirected,MS_Auct_F_1_10
work_1182,work_5427,Undirected,MS_DOrville_9
work_1182,work_1180,Undirected,MS_Canon_Class_Lat_302
work_1182,work_5427,Undirected,MS_Auct_F_1_10
work_1182,work_5426,Undirected,MS_DOrville_9
work_1182,work_1180,Undirected,MS_DOrville_9
work_1182,work_7320,Undirected,MS_DOrville_9
work_1182,work_5426,Undirected,MS_Auct_F_1_10
work_1182,work_3101,Undirected,MS_Holkham_misc_34
work_1182,work_7320,Undirected,MS_Auct_F_1_10
work_1182,work_5428,Undirected,MS_DOrville_9
work_11821,work_12782,Undirected,MS_Rawl_poet_32-part4
work_11822,work_644,Undirected,MS_Ashmole_337-part2
work_11834,work_2183,Undirected,MS_Canon_Misc_149
work_11836,work_5064,Undirected,MS_E_D_Clarke_23
work_11845,work_14836,Undirected,MS_Barocci_2
work_11845,work_3172,Undirected,MS_Digby_6
work_11845,work_6449,Undirected,MS_Holkham_Gr_82
work_11845,work_6450,Undirected,MS_Holkham_Gr_82
work_11845,work_6451,Undirected,MS_Holkham_Gr_82
work_11845,work_4586,Undirected,MS_Holkham_Gr_82
work_11845,work_1352,Undirected,MS_Digby_6
work_11845,work_6448,Undirected,MS_Holkham_Gr_82
work_11845,work_16353,Undirected,MS_Holkham_Gr_82
work_11845,work_6447,Undirected,MS_Holkham_Gr_82
work_11846,work_2286,Undirected,MS_Digby_64
work_11846,work_2228,Undirected,MS_Digby_64
work_11846,work_15014,Undirected,MS_Digby_64
work_11846,work_5422,Undirected,MS_Rawl_C_641-part1
work_11846,work_14064,Undirected,MS_Rawl_C_641-part1
work_11846,work_5423,Undirected,MS_Rawl_C_641-part1
work_11846,work_12613,Undirected,MS_Rawl_C_641-part1
work_11846,work_1679,Undirected,MS_Digby_64
work_11855,work_890,Undirected,MS_Bodl_736
work_11855,work_16912,Undirected,MS_Bodl_736
work_11855,work_11861,Undirected,MS_Bodl_736
work_11860,work_15165,Undirected,MS_Rawl_A_381
work_11860,work_15182,Undirected,MS_Rawl_A_381
work_11860,work_2743,Undirected,MS_Rawl_A_381
work_11860,work_14353,Undirected,MS_Rawl_A_381
work_11869,work_11870,Undirected,MS_Lat_misc_d_66-partE
work_11869,work_11867,Undirected,MS_Lat_misc_d_66-partE
work_11869,work_11870,Undirected,MS_Lat_misc_d_66-partE
work_11869,work_2286,Undirected,MS_Lat_misc_d_66-partE
work_11870,work_2930,Undirected,MS_Laud_Misc_402-part1
work_11870,work_11265,Undirected,MS_Auct_F_5_25-part5
work_11870,work_11143,Undirected,MS_Auct_F_5_25-part5
work_11883,work_1447,Undirected,MS_Laud_Misc_722-part2
work_1190,work_2053,Undirected,MS_Laud_Misc_500
work_1190,work_4235,Undirected,MS_Laud_Misc_500
work_1190,work_13886,Undirected,MS_Laud_Misc_500
work_1190,work_3921,Undirected,MS_Laud_Misc_500
work_1190,work_2057,Undirected,MS_Laud_Misc_500
work_1190,work_2931,Undirected,MS_Laud_Misc_500
work_1190,work_3484,Undirected,MS_Laud_Misc_500
work_1190,work_15308,Undirected,MS_Laud_Misc_500
work_11948,work_11953,Undirected,MS_Canon_Misc_75
work_1195,work_1197,Undirected,MS_Gr_class_c_72_P1-7
work_11950,work_2816,Undirected,MS_Auct_F_6_1
work_11950,work_778,Undirected,MS_Auct_F_6_1
work_11950,work_2021,Undirected,MS_Auct_F_6_1
work_11950,work_2275,Undirected,MS_Auct_F_6_1
work_11950,work_3831,Undirected,MS_Auct_F_6_1
work_11950,work_6594,Undirected,MS_Auct_F_6_1
work_11950,work_2816,Undirected,MS_Auct_F_6_1
work_11950,work_14307,Undirected,MS_Auct_F_6_1
work_11950,work_15283,Undirected,MS_Auct_F_6_1
work_11950,work_3857,Undirected,MS_Auct_F_6_1
work_11950,work_6593,Undirected,MS_Auct_F_6_1
work_11950,work_792,Undirected,MS_Auct_F_6_1
work_11950,work_4086,Undirected,MS_Auct_F_6_1
work_11950,work_6592,Undirected,MS_Auct_F_6_1
work_11950,work_3967,Undirected,MS_Rawl_C_320
work_11950,work_3172,Undirected,MS_Auct_F_6_1
work_11950,work_950,Undirected,MS_Auct_F_6_1
work_11950,work_13133,Undirected,MS_Auct_F_6_1
work_11959,work_2299,Undirected,MS_Holkham_misc_46
work_11959,work_11960,Undirected,MS_Holkham_misc_46
work_11959,work_11401,Undirected,MS_Holkham_misc_46
work_11974,work_11548,Undirected,MS_Rawl_B_506-part2
work_11979,work_10956,Undirected,MS_Rawl_D_329
work_11979,work_10935,Undirected,MS_Rawl_D_329
work_11985,work_1726,Undirected,MS_Bodl_Rolls_6
work_11987,work_10990,Undirected,MS_Bodl_Rolls_5
work_1199,work_3797,Undirected,MS_Rawl_C_117
work_1199,work_14992,Undirected,MS_Canon_Misc_561
work_1199,work_2590,Undirected,MS_Canon_Misc_561
work_1199,work_2592,Undirected,MS_Canon_Misc_561
work_1199,work_1198,Undirected,MS_Canon_Misc_561
work_1199,work_440,Undirected,MS_Rawl_C_117
work_1199,work_10726,Undirected,MS_Rawl_C_117
work_1199,work_3619,Undirected,MS_Rawl_C_117
work_1199,work_713,Undirected,MS_Rawl_C_117
work_1199,work_10412,Undirected,MS_Rawl_C_117
work_11995,work_3831,Undirected,MS_Douce_110
work_11995,work_11678,Undirected,MS_Douce_110
work_11995,work_3829,Undirected,MS_Douce_110
work_1200,work_15150,Undirected,MS_Douce_45-part2
work_12000,work_11766,Undirected,MS_Laud_Lat_113
work_12002,work_2413,Undirected,MS_Auct_D_3_10
work_12008,work_10981,Undirected,MS_Canon_Misc_39
work_12013,work_12011,Undirected,MS_Auct_F_3_18
work_12017,work_4970,Undirected,MS_Digby_170-part2
work_12017,work_3861,Undirected,MS_Digby_170-part2
work_12017,work_10950,Undirected,MS_Digby_170-part2
work_12023,work_10953,Undirected,MS_Rawl_C_316
work_12023,work_2734,Undirected,MS_Rawl_C_316
work_12023,work_3362,Undirected,MS_Douce_101
work_12023,work_3362,Undirected,MS_Douce_169
work_12030,work_3749,Undirected,MS_Canon_Misc_147
work_12032,work_6325,Undirected,MS_Junius_25-part11
work_12032,work_2257,Undirected,MS_Junius_25-part11
work_1204,work_11694,Undirected,MS_Canon_Misc_77
work_1204,work_1298,Undirected,MS_Canon_Misc_77
work_12043,work_14971,Undirected,MS_Ashmole_342-part3
work_12043,work_1200,Undirected,MS_Ashmole_342-part3
work_12043,work_1030,Undirected,MS_Ashmole_342-part3
work_12043,work_14022,Undirected,MS_Ashmole_342-part3
work_12043,work_14971,Undirected,MS_Ashmole_342-part3
work_12043,work_14971,Undirected,MS_Ashmole_342-part3
work_12043,work_10396,Undirected,MS_Ashmole_342-part3
work_12043,work_15068,Undirected,MS_Ashmole_342-part3
work_12043,work_10396,Undirected,MS_Ashmole_342-part3
work_12043,work_16322,Undirected,MS_Ashmole_342-part3
work_12051,work_2379,Undirected,MS_DOrville_141
work_12063,work_10468,Undirected,MS_Canon_Pat_Lat_25
work_12063,work_15284,Undirected,MS_Canon_Pat_Lat_25
work_12063,work_14583,Undirected,MS_Canon_Pat_Lat_25
work_12064,work_4495,Undirected,MS_Rawl_G_168
work_1207,work_3459,Undirected,MS_Rawl_C_59
work_1207,work_3952,Undirected,MS_Rawl_C_59
work_1207,work_15100,Undirected,MS_Rawl_C_59
work_12074,work_822,Undirected,MS_Canon_Pat_Lat_182
work_12074,work_822,Undirected,MS_Auct_D_1_10
work_12077,work_16506,Undirected,MS_Lyell_1
work_12077,work_16506,Undirected,MS_Lat_bib_d_6
work_12077,work_13484,Undirected,MS_Lat_bib_d_6
work_12077,work_13484,Undirected,MS_Lyell_1
work_12077,work_1878,Undirected,MS_Lat_bib_d_6
work_12078,work_12076,Undirected,MS_Bodl_243
work_12079,work_12077,Undirected,Merton_College_MS_211
work_12079,work_12077,Undirected,MS_Auct_D_1_9
work_12085,work_15283,Undirected,St_Johns_College_MS_111
work_12085,work_12077,Undirected,Merton_College_MS_213
work_12085,work_12079,Undirected,Merton_College_MS_213
work_12085,work_6750,Undirected,St_Johns_College_MS_111
work_12085,work_13134,Undirected,MS_Auct_D_2_20
work_12085,work_13134,Undirected,MS_Auct_D_1_4
work_12085,work_15420,Undirected,St_Johns_College_MS_39
work_12085,work_13134,Undirected,Merton_College_MS_213
work_12085,work_13134,Undirected,MS_Auct_D_1_3
work_12085,work_13134,Undirected,St_Johns_College_MS_39
work_12085,work_11511,Undirected,MS_E_D_Clarke_35
work_12085,work_13134,Undirected,MS_Rawl_G_128
work_12085,work_12445,Undirected,Trinity_College_MS_20-part1
work_12085,work_15420,Undirected,St_Johns_College_MS_39
work_12086,work_10235,Undirected,MS_Laud_Misc_235
work_12089,work_3954,Undirected,MS_e_Mus_177
work_12096,work_12067,Undirected,MS_Gr_bib_d_1
work_12098,work_16032,Undirected,MS_Canon_Bibl_Lat_46
work_12098,work_16032,Undirected,MS_Add_C_153
work_12098,work_16032,Undirected,MS_Laud_Lat_26
work_12098,work_16032,Undirected,MS_Lat_bib_e_1
work_12098,work_16032,Undirected,MS_Bodl_155
work_12098,work_16032,Undirected,MS_Laud_Lat_27
work_12098,work_16032,Undirected,MS_Auct_D_2_16
work_12098,work_16240,Undirected,MS_Laud_Lat_102
work_12098,work_16032,Undirected,MS_Canon_Bibl_Lat_19
work_12108,work_12108,Undirected,MS_Hatton_38
work_12108,work_12108,Undirected,MS_Hatton_38
work_12108,work_12108,Undirected,MS_Hatton_38
work_12113,work_12443,Undirected,MS_Auct_D_1_6-part1
work_1212,work_10247,Undirected,MS_Lat_misc_c_75-part6
work_1212,work_12891,Undirected,MS_Lat_misc_c_75-part6
work_1212,work_11887,Undirected,MS_Lat_misc_c_75-part6
work_1212,work_294,Undirected,MS_Lat_misc_c_75-part6
work_1212,work_12334,Undirected,MS_Laud_Misc_440
work_1213,work_13949,Undirected,MS_Canon_Misc_178
work_12134,work_10102,Undirected,MS_Barocci_111
work_12136,work_4021,Undirected,MS_Barocci_50
work_12136,work_3224,Undirected,MS_Barocci_50
work_1214,work_1031,Undirected,MS_Lat_th_e_26
work_1214,work_4961,Undirected,MS_Lat_th_e_26
work_1214,work_4067,Undirected,MS_Lat_th_e_26
work_1214,work_4085,Undirected,MS_Lat_th_e_26
work_1214,work_3499,Undirected,MS_Lat_th_e_26
work_1214,work_4957,Undirected,MS_Lat_th_e_26
work_1215,work_11710,Undirected,MS_Canon_Ital_283
work_12150,work_15335,Undirected,MS_Auct_F_6_26
work_12150,work_278,Undirected,MS_Auct_F_4_13
work_12151,work_14574,Undirected,MS_Ashmole_750
work_12151,work_14973,Undirected,MS_Ashmole_750
work_12151,work_11262,Undirected,Merton_College_MS_301-part1
work_12151,work_15145,Undirected,MS_Ashmole_750
work_12151,work_1895,Undirected,MS_DOrville_182-part2
work_12151,work_13641,Undirected,MS_Ashmole_750
work_12151,work_2431,Undirected,MS_DOrville_182-part2
work_12151,work_2432,Undirected,MS_DOrville_182-part2
work_12151,work_3709,Undirected,MS_DOrville_182-part2
work_12151,work_1887,Undirected,MS_DOrville_182-part2
work_12151,work_15239,Undirected,MS_Ashmole_750
work_12151,work_13873,Undirected,MS_Ashmole_750
work_12151,work_13182,Undirected,MS_Ashmole_750
work_12151,work_12151,Undirected,MS_Rawl_G_60-part5
work_12151,work_12151,Undirected,MS_Rawl_G_60-part6
work_12151,work_12151,Undirected,MS_Rawl_G_60-part5
work_12151,work_12295,Undirected,MS_Gr_bib_d_2_P-part2
work_12151,work_12151,Undirected,MS_Rawl_G_60-part6
work_12151,work_12151,Undirected,MS_Rawl_G_60-part4
work_12151,work_12151,Undirected,MS_Rawl_G_60-part6
work_12151,work_3818,Undirected,MS_Auct_T_2_18-part3
work_12151,work_12417,Undirected,MS_Ashmole_750
work_12151,work_4133,Undirected,MS_Canon_Misc_41
work_12151,work_12151,Undirected,MS_Rawl_G_60-part5
work_12151,work_12151,Undirected,MS_Canon_Misc_41
work_12151,work_4921,Undirected,MS_Canon_Misc_41
work_12151,work_15014,Undirected,MS_Rawl_G_60-part5
work_12151,work_3614,Undirected,MS_Canon_Misc_71
work_12151,work_10277,Undirected,MS_Canon_Misc_71
work_12151,work_1895,Undirected,MS_Canon_Misc_41
work_12151,work_11872,Undirected,Hertford_College_MS_41-part2
work_12151,work_10364,Undirected,MS_Canon_Misc_71
work_12151,work_411,Undirected,MS_Canon_Misc_71
work_12151,work_409,Undirected,MS_Canon_Misc_71
work_12151,work_12037,Undirected,MS_Canon_Misc_41
work_12152,work_11562,Undirected,MS_Digby_26-part6
work_12152,work_2057,Undirected,MS_Digby_26-part6
work_12152,work_280,Undirected,MS_Digby_26-part6
work_12152,work_13886,Undirected,MS_Digby_26-part6
work_12153,work_12512,Undirected,MS_Bodl_837
work_12153,work_14067,Undirected,MS_Bodl_837
work_12153,work_11768,Undirected,MS_Bodl_837
work_12157,work_3409,Undirected,MS_Auct_F_6_8
work_12157,work_417,Undirected,MS_Auct_F_6_8
work_12157,work_13704,Undirected,MS_Auct_F_6_8
work_12157,work_12151,Undirected,MS_Auct_F_6_8
work_12157,work_3409,Undirected,MS_Auct_F_6_8
work_12169,work_15051,Undirected,MS_Rawl_D_1226
work_1217,work_5417,Undirected,MS_DOrville_148
work_12173,work_14902,Undirected,MS_Don_c_42
work_1218,work_4867,Undirected,MS_Canon_Class_Lat_34
work_1218,work_3421,Undirected,MS_Lat_class_e_17
work_1218,work_4867,Undirected,MS_Lat_class_e_17
work_1218,work_4134,Undirected,MS_Canon_Class_Lat_34
work_12183,work_13414,Undirected,MS_Mus_c_60-part1
work_12192,work_252,Undirected,MS_Laud_Misc_509
work_12192,work_251,Undirected,MS_Laud_Misc_509
work_12192,work_12192,Undirected,MS_Laud_Misc_509
work_12192,work_12192,Undirected,MS_Laud_Misc_509
work_12192,work_12192,Undirected,MS_Laud_Misc_509
work_12192,work_12192,Undirected,MS_Laud_Misc_509
work_12192,work_12192,Undirected,MS_Laud_Misc_509
work_12192,work_12192,Undirected,MS_Laud_Misc_509
work_12192,work_12192,Undirected,MS_Laud_Misc_509
work_12203,work_13203,Undirected,MS_Ashmole_1447-part4
work_12203,work_13256,Undirected,MS_Ashmole_1432-part5
work_12203,work_15159,Undirected,MS_Ashmole_1432-part5
work_12203,work_13221,Undirected,MS_Laud_Misc_553
work_12203,work_12206,Undirected,MS_Laud_Misc_553
work_12210,work_15391,Undirected,MS_Digby_75-part1
work_12210,work_13203,Undirected,MS_Digby_75-part1
work_12210,work_10409,Undirected,MS_Digby_75-part1
work_12210,work_10409,Undirected,MS_Canon_Misc_500
work_12210,work_13186,Undirected,MS_Digby_75-part1
work_12210,work_15450,Undirected,MS_Canon_Misc_500
work_12210,work_13226,Undirected,MS_Canon_Misc_500
work_12210,work_3599,Undirected,MS_Digby_75-part1
work_12210,work_13197,Undirected,St_Johns_College_MS_113-part3
work_12210,work_4096,Undirected,MS_Digby_75-part1
work_12210,work_13226,Undirected,MS_Canon_Misc_408
work_12216,work_15354,Undirected,Trinity_College_MS_45
work_12216,work_12454,Undirected,Trinity_College_MS_45
work_12217,work_3880,Undirected,MS_Barlow_21
work_12220,work_12276,Undirected,MS_E_D_Clarke_27
work_12221,work_4913,Undirected,MS_Bodl_834
work_12223,work_2307,Undirected,MS_Canon_Misc_56
work_12240,work_10882,Undirected,MS_Laud_Misc_720-part2
work_1227,work_14869,Undirected,Christ_Church_MS_152
work_1227,work_2731,Undirected,Christ_Church_MS_152
work_1227,work_5611,Undirected,Christ_Church_MS_152
work_1227,work_2720,Undirected,MS_Bodl_686
work_1227,work_7616,Undirected,MS_Bodl_686
work_1227,work_2722,Undirected,MS_Bodl_686
work_1227,work_6595,Undirected,MS_Bodl_686
work_1227,work_1663,Undirected,MS_Hatton_donat_1
work_1227,work_2734,Undirected,MS_Bodl_686
work_1227,work_2728,Undirected,MS_Bodl_686
work_1227,work_1663,Undirected,MS_Bodl_686
work_1227,work_5610,Undirected,Christ_Church_MS_152
work_1227,work_1663,Undirected,MS_Rawl_poet_223
work_1228,work_16354,Undirected,MS_Bodl_619
work_1228,work_12057,Undirected,MS_e_Mus_116-part1
work_1228,work_2740,Undirected,MS_e_Mus_116-part1
work_12282,work_820,Undirected,MS_Bodl_267-part2
work_12282,work_7356,Undirected,MS_Bodl_384
work_12282,work_822,Undirected,MS_Bodl_267-part2
work_12282,work_4057,Undirected,MS_Bodl_267-part2
work_12282,work_820,Undirected,MS_Bodl_267-part2
work_12282,work_4598,Undirected,MS_Bodl_267-part2
work_12282,work_7356,Undirected,MS_Bodl_473
work_12282,work_1958,Undirected,MS_Bodl_473
work_12282,work_4083,Undirected,MS_Bodl_267-part2
work_12282,work_970,Undirected,MS_Bodl_267-part2
work_12282,work_952,Undirected,MS_Bodl_384
work_12282,work_4598,Undirected,MS_Bodl_267-part2
work_12282,work_4083,Undirected,MS_Bodl_267-part2
work_12282,work_4083,Undirected,MS_Bodl_267-part2
work_12282,work_4598,Undirected,MS_Bodl_473
work_12282,work_1958,Undirected,MS_Bodl_473
work_12282,work_7356,Undirected,MS_Bodl_473
work_12282,work_820,Undirected,MS_Bodl_473
work_12282,work_4083,Undirected,MS_Bodl_267-part2
work_12282,work_7356,Undirected,MS_Bodl_473
work_12282,work_820,Undirected,MS_Bodl_267-part2
work_12282,work_820,Undirected,MS_Bodl_473
work_12282,work_820,Undirected,MS_Bodl_267-part2
work_12282,work_4598,Undirected,MS_Bodl_473
work_12282,work_7356,Undirected,MS_Bodl_473
work_12282,work_4573,Undirected,MS_Bodl_473
work_12282,work_970,Undirected,MS_Bodl_267-part2
work_12282,work_970,Undirected,MS_Bodl_267-part2
work_12282,work_4083,Undirected,MS_Bodl_267-part2
work_12282,work_2418,Undirected,MS_Bodl_267-part2
work_12282,work_970,Undirected,MS_Bodl_267-part2
work_12282,work_4083,Undirected,MS_Bodl_267-part2
work_12282,work_4083,Undirected,MS_Bodl_267-part2
work_12282,work_4083,Undirected,MS_Bodl_267-part2
work_12282,work_2942,Undirected,MS_Bodl_267-part2
work_12282,work_4083,Undirected,MS_Bodl_267-part2
work_12282,work_7356,Undirected,MS_Bodl_473
work_12282,work_4573,Undirected,MS_Bodl_473
work_12282,work_952,Undirected,MS_Bodl_267-part2
work_12282,work_952,Undirected,MS_Bodl_267-part2
work_12282,work_4083,Undirected,MS_Bodl_473
work_12282,work_1863,Undirected,MS_Bodl_267-part2
work_12282,work_1958,Undirected,MS_Bodl_473
work_12282,work_7356,Undirected,MS_Bodl_473
work_12282,work_4083,Undirected,MS_Bodl_473
work_12282,work_1958,Undirected,MS_Bodl_473
work_12282,work_7356,Undirected,MS_Bodl_473
work_12282,work_820,Undirected,MS_Bodl_473
work_12282,work_1958,Undirected,MS_Bodl_473
work_12282,work_7356,Undirected,MS_Bodl_473
work_12282,work_7356,Undirected,MS_Bodl_473
work_12282,work_7356,Undirected,MS_Bodl_473
work_12282,work_7356,Undirected,MS_Bodl_473
work_12282,work_7356,Undirected,MS_Bodl_473
work_12282,work_4083,Undirected,MS_Bodl_473
work_12282,work_820,Undirected,MS_Bodl_473
work_12282,work_820,Undirected,MS_Bodl_473
work_12282,work_1958,Undirected,MS_Bodl_473
work_12282,work_4083,Undirected,MS_Bodl_473
work_12282,work_4083,Undirected,MS_Bodl_473
work_12282,work_1958,Undirected,MS_Bodl_473
work_12282,work_7356,Undirected,MS_Bodl_473
work_12282,work_1958,Undirected,MS_Bodl_473
work_12282,work_7356,Undirected,MS_Bodl_473
work_12282,work_7356,Undirected,MS_Bodl_473
work_12282,work_4083,Undirected,MS_Bodl_473
work_12282,work_822,Undirected,MS_Bodl_267-part2
work_12282,work_2406,Undirected,MS_Bodl_267-part2
work_12282,work_7356,Undirected,MS_Bodl_473
work_12282,work_7356,Undirected,MS_Bodl_473
work_12282,work_4083,Undirected,MS_Bodl_267-part2
work_12282,work_952,Undirected,MS_Bodl_267-part2
work_12282,work_953,Undirected,MS_Bodl_267-part2
work_12282,work_6717,Undirected,MS_Bodl_267-part2
work_12282,work_6569,Undirected,MS_Bodl_267-part2
work_12282,work_952,Undirected,MS_Bodl_267-part2
work_12282,work_952,Undirected,MS_Bodl_267-part2
work_12282,work_780,Undirected,MS_Bodl_267-part2
work_12282,work_953,Undirected,MS_Bodl_267-part2
work_12282,work_952,Undirected,MS_Bodl_267-part2
work_12282,work_970,Undirected,MS_Bodl_267-part2
work_12282,work_4172,Undirected,MS_Bodl_267-part2
work_12282,work_2426,Undirected,MS_Bodl_267-part2
work_12282,work_4083,Undirected,MS_Bodl_267-part2
work_12282,work_952,Undirected,MS_Bodl_267-part2
work_12282,work_7356,Undirected,MS_Bodl_473
work_12282,work_952,Undirected,MS_Bodl_267-part2
work_12282,work_4573,Undirected,MS_Bodl_473
work_12282,work_4083,Undirected,MS_Bodl_473
work_12282,work_4056,Undirected,MS_Bodl_267-part2
work_12282,work_4083,Undirected,MS_Bodl_473
work_12282,work_7356,Undirected,MS_Bodl_473
work_12282,work_4083,Undirected,MS_Bodl_267-part2
work_12282,work_1509,Undirected,MS_Bodl_473
work_12282,work_6716,Undirected,MS_Bodl_267-part2
work_12282,work_1958,Undirected,MS_Bodl_384
work_12282,work_7356,Undirected,MS_Bodl_734
work_12282,work_952,Undirected,MS_Bodl_384
work_12282,work_7356,Undirected,MS_Bodl_384
work_12282,work_7356,Undirected,MS_Bodl_384
work_12282,work_7356,Undirected,MS_Bodl_384
work_12282,work_7356,Undirected,MS_Bodl_384
work_12282,work_7356,Undirected,MS_Bodl_734
work_12282,work_7356,Undirected,MS_Bodl_734
work_12282,work_4573,Undirected,MS_Bodl_384
work_12282,work_7356,Undirected,MS_Bodl_384
work_12282,work_4573,Undirected,MS_Bodl_384
work_12282,work_6089,Undirected,MS_Bodl_734
work_12282,work_2942,Undirected,MS_Bodl_734
work_12282,work_7356,Undirected,MS_Bodl_734
work_12282,work_6089,Undirected,MS_Bodl_734
work_12282,work_7356,Undirected,MS_Bodl_384
work_12282,work_820,Undirected,MS_Bodl_384
work_12282,work_7356,Undirected,MS_Bodl_384
work_12282,work_7356,Undirected,MS_Bodl_384
work_12282,work_7356,Undirected,MS_Bodl_384
work_12282,work_7356,Undirected,MS_Bodl_384
work_12282,work_7356,Undirected,MS_Bodl_384
work_12282,work_7356,Undirected,MS_Bodl_734
work_12282,work_7356,Undirected,MS_Bodl_384
work_12282,work_7356,Undirected,MS_Bodl_384
work_12282,work_7356,Undirected,MS_Bodl_384
work_12282,work_1958,Undirected,MS_Bodl_384
work_12282,work_4573,Undirected,MS_Bodl_734
work_12282,work_7356,Undirected,MS_Bodl_734
work_12282,work_7356,Undirected,MS_Bodl_734
work_12282,work_7356,Undirected,MS_Bodl_734
work_12282,work_7356,Undirected,MS_Bodl_734
work_12282,work_7356,Undirected,MS_Bodl_734
work_12282,work_7356,Undirected,MS_Bodl_734
work_12282,work_7356,Undirected,MS_Bodl_734
work_12282,work_4573,Undirected,MS_Bodl_734
work_12282,work_4573,Undirected,MS_Bodl_734
work_12282,work_7356,Undirected,MS_Bodl_384
work_12282,work_7356,Undirected,MS_Bodl_734
work_12282,work_6089,Undirected,MS_Bodl_734
work_12282,work_7356,Undirected,MS_Bodl_734
work_12282,work_7356,Undirected,MS_Bodl_734
work_12282,work_6131,Undirected,MS_Bodl_734
work_12282,work_7356,Undirected,MS_Bodl_734
work_12282,work_7356,Undirected,MS_Bodl_734
work_12282,work_4573,Undirected,MS_Bodl_734
work_12282,work_7356,Undirected,MS_Bodl_734
work_12282,work_4573,Undirected,MS_Bodl_734
work_12282,work_7356,Undirected,MS_Bodl_734
work_12282,work_7356,Undirected,MS_Bodl_734
work_12282,work_6089,Undirected,MS_Bodl_734
work_12282,work_487,Undirected,MS_Bodl_734
work_12282,work_7356,Undirected,MS_Bodl_384
work_12282,work_7356,Undirected,MS_Bodl_384
work_12282,work_7356,Undirected,MS_Bodl_384
work_12282,work_7356,Undirected,MS_Bodl_384
work_12282,work_7356,Undirected,MS_Bodl_384
work_12282,work_4573,Undirected,MS_Bodl_384
work_12282,work_4573,Undirected,MS_Bodl_384
work_12282,work_7356,Undirected,MS_Bodl_384
work_12282,work_7356,Undirected,MS_Bodl_384
work_12282,work_7356,Undirected,MS_Bodl_384
work_12282,work_7356,Undirected,MS_Bodl_384
work_12282,work_7356,Undirected,MS_Bodl_384
work_12282,work_7356,Undirected,MS_Bodl_384
work_12282,work_7356,Undirected,MS_Bodl_384
work_12282,work_4573,Undirected,MS_Bodl_384
work_12282,work_7356,Undirected,MS_Bodl_734
work_12282,work_7356,Undirected,MS_Bodl_384
work_12282,work_7356,Undirected,MS_Bodl_384
work_12282,work_7356,Undirected,MS_Bodl_734
work_12282,work_7356,Undirected,MS_Bodl_384
work_12282,work_1958,Undirected,MS_Bodl_384
work_12282,work_7356,Undirected,MS_Bodl_384
work_12282,work_7356,Undirected,MS_Bodl_384
work_12282,work_7356,Undirected,MS_Bodl_384
work_12282,work_7356,Undirected,MS_Bodl_384
work_12282,work_7356,Undirected,MS_Bodl_384
work_12282,work_7356,Undirected,MS_Bodl_384
work_12282,work_7356,Undirected,MS_Bodl_384
work_12282,work_7356,Undirected,MS_Bodl_384
work_12282,work_7356,Undirected,MS_Bodl_734
work_12282,work_7356,Undirected,MS_Bodl_734
work_12282,work_7356,Undirected,MS_Bodl_384
work_12282,work_7356,Undirected,MS_Bodl_384
work_12282,work_7356,Undirected,MS_Bodl_384
work_12282,work_487,Undirected,MS_Bodl_384
work_12282,work_7356,Undirected,MS_Bodl_384
work_12282,work_7356,Undirected,MS_Bodl_384
work_12282,work_6089,Undirected,MS_Bodl_384
work_12282,work_7356,Undirected,MS_Bodl_734
work_12282,work_2942,Undirected,MS_Bodl_384
work_12282,work_7356,Undirected,MS_Bodl_384
work_12282,work_7356,Undirected,MS_Bodl_384
work_12282,work_7356,Undirected,MS_Bodl_384
work_12282,work_7356,Undirected,MS_Bodl_384
work_12282,work_4573,Undirected,MS_Bodl_384
work_12282,work_7356,Undirected,MS_Bodl_734
work_12282,work_7356,Undirected,MS_Bodl_384
work_12282,work_4573,Undirected,MS_Bodl_384
work_12282,work_7356,Undirected,MS_Bodl_384
work_12282,work_7356,Undirected,MS_Bodl_734
work_12282,work_7356,Undirected,MS_Bodl_734
work_12282,work_7356,Undirected,MS_Bodl_734
work_12282,work_7356,Undirected,MS_Bodl_734
work_12282,work_6089,Undirected,MS_Bodl_734
work_12282,work_7356,Undirected,MS_Bodl_734
work_12282,work_6721,Undirected,MS_Bodl_734
work_12282,work_4573,Undirected,MS_Bodl_734
work_12282,work_487,Undirected,MS_Bodl_734
work_12282,work_3923,Undirected,MS_Bodl_734
work_12282,work_4573,Undirected,MS_Bodl_734
work_12282,work_7356,Undirected,MS_Bodl_734
work_12282,work_3923,Undirected,MS_Bodl_734
work_12282,work_6720,Undirected,MS_Bodl_734
work_12282,work_7356,Undirected,MS_Bodl_734
work_12282,work_820,Undirected,MS_Bodl_734
work_12282,work_7356,Undirected,MS_Bodl_734
work_12282,work_4573,Undirected,MS_Bodl_734
work_12282,work_3923,Undirected,MS_Bodl_734
work_12282,work_3580,Undirected,MS_Bodl_734
work_12282,work_4083,Undirected,MS_Bodl_734
work_12282,work_953,Undirected,MS_Bodl_734
work_12282,work_452,Undirected,MS_Bodl_734
work_12282,work_6718,Undirected,MS_Bodl_734
work_12282,work_1958,Undirected,MS_Bodl_734
work_12282,work_7356,Undirected,MS_Bodl_734
work_12282,work_1958,Undirected,MS_Bodl_734
work_12282,work_970,Undirected,MS_Bodl_734
work_12282,work_7356,Undirected,MS_Bodl_734
work_12282,work_7356,Undirected,MS_Bodl_734
work_12282,work_7356,Undirected,MS_Bodl_734
work_12282,work_7356,Undirected,MS_Bodl_734
work_12282,work_1958,Undirected,MS_Bodl_734
work_12282,work_7356,Undirected,MS_Bodl_734
work_12282,work_487,Undirected,MS_Bodl_734
work_12282,work_7356,Undirected,MS_Bodl_734
work_12282,work_7356,Undirected,MS_Bodl_734
work_12282,work_487,Undirected,MS_Bodl_734
work_12282,work_952,Undirected,MS_Bodl_734
work_12282,work_7356,Undirected,MS_Bodl_734
work_12282,work_487,Undirected,MS_Bodl_734
work_12282,work_6719,Undirected,MS_Bodl_734
work_12282,work_6722,Undirected,MS_Bodl_734
work_12282,work_6723,Undirected,MS_Bodl_734
work_12282,work_7356,Undirected,MS_Bodl_734
work_12282,work_820,Undirected,MS_Bodl_734
work_12282,work_970,Undirected,MS_Bodl_734
work_12282,work_4573,Undirected,MS_Bodl_734
work_12282,work_7356,Undirected,MS_Bodl_734
work_12282,work_6089,Undirected,MS_Bodl_734
work_12282,work_4598,Undirected,MS_Bodl_734
work_12282,work_970,Undirected,MS_Bodl_734
work_12282,work_6718,Undirected,MS_Bodl_734
work_12282,work_4573,Undirected,MS_Bodl_734
work_12282,work_7356,Undirected,MS_Bodl_734
work_12282,work_1958,Undirected,MS_Bodl_734
work_12282,work_7356,Undirected,MS_Bodl_734
work_12282,work_1958,Undirected,MS_Bodl_734
work_12282,work_7356,Undirected,MS_Bodl_734
work_12282,work_1958,Undirected,MS_Bodl_734
work_12282,work_7356,Undirected,MS_Bodl_734
work_12282,work_1958,Undirected,MS_Bodl_734
work_12282,work_7356,Undirected,MS_Bodl_734
work_12282,work_1958,Undirected,MS_Bodl_734
work_12282,work_1958,Undirected,MS_Bodl_734
work_12282,work_7356,Undirected,MS_Bodl_734
work_12282,work_7356,Undirected,MS_Bodl_734
work_12282,work_1958,Undirected,MS_Bodl_734
work_12282,work_7356,Undirected,MS_Bodl_734
work_12282,work_1958,Undirected,MS_Bodl_734
work_12282,work_7356,Undirected,MS_Bodl_734
work_12282,work_6089,Undirected,MS_Bodl_734
work_12282,work_7356,Undirected,MS_Bodl_734
work_12282,work_1958,Undirected,MS_Bodl_734
work_12282,work_7356,Undirected,MS_Bodl_734
work_12282,work_1958,Undirected,MS_Bodl_734
work_12282,work_1958,Undirected,MS_Bodl_734
work_12282,work_7356,Undirected,MS_Bodl_734
work_12282,work_3923,Undirected,MS_Bodl_734
work_12282,work_1958,Undirected,MS_Bodl_734
work_12282,work_7356,Undirected,MS_Bodl_734
work_12282,work_3923,Undirected,MS_Bodl_734
work_12282,work_3923,Undirected,MS_Bodl_734
work_12282,work_7356,Undirected,MS_Bodl_734
work_12282,work_4573,Undirected,MS_Bodl_734
work_12282,work_7356,Undirected,MS_Bodl_734
work_12282,work_7356,Undirected,MS_Bodl_734
work_12282,work_3923,Undirected,MS_Bodl_734
work_12282,work_1958,Undirected,MS_Bodl_734
work_12282,work_1958,Undirected,MS_Bodl_734
work_12282,work_7356,Undirected,MS_Bodl_734
work_12282,work_6719,Undirected,MS_Bodl_734
work_12282,work_1958,Undirected,MS_Bodl_734
work_12282,work_7356,Undirected,MS_Bodl_734
work_12282,work_3923,Undirected,MS_Bodl_734
work_12282,work_7356,Undirected,MS_Bodl_734
work_12282,work_1958,Undirected,MS_Bodl_734
work_12282,work_7356,Undirected,MS_Bodl_734
work_12282,work_1958,Undirected,MS_Bodl_734
work_12282,work_3923,Undirected,MS_Bodl_734
work_12282,work_1958,Undirected,MS_Bodl_734
work_12282,work_7356,Undirected,MS_Bodl_734
work_12282,work_7356,Undirected,MS_Bodl_734
work_12282,work_7356,Undirected,MS_Bodl_384
work_12282,work_7356,Undirected,MS_Bodl_734
work_12282,work_7356,Undirected,MS_Bodl_734
work_12282,work_7356,Undirected,MS_Bodl_473
work_12282,work_7356,Undirected,MS_Bodl_473
work_12282,work_7356,Undirected,MS_Bodl_473
work_12282,work_7356,Undirected,MS_Bodl_473
work_12282,work_1958,Undirected,MS_Bodl_473
work_12282,work_4083,Undirected,MS_Bodl_473
work_12282,work_6089,Undirected,MS_Bodl_384
work_12282,work_6722,Undirected,MS_Bodl_384
work_12282,work_7356,Undirected,MS_Bodl_384
work_12282,work_970,Undirected,MS_Bodl_384
work_12282,work_7356,Undirected,MS_Bodl_473
work_12282,work_1958,Undirected,MS_Bodl_473
work_12282,work_4573,Undirected,MS_Bodl_384
work_12282,work_7356,Undirected,MS_Bodl_384
work_12282,work_6089,Undirected,MS_Bodl_384
work_12282,work_970,Undirected,MS_Bodl_384
work_12282,work_4083,Undirected,MS_Bodl_473
work_12282,work_7356,Undirected,MS_Bodl_473
work_12282,work_1958,Undirected,MS_Bodl_473
work_12282,work_4083,Undirected,MS_Bodl_473
work_12282,work_7356,Undirected,MS_Bodl_473
work_12282,work_7356,Undirected,MS_Bodl_473
work_12282,work_1958,Undirected,MS_Bodl_473
work_12282,work_487,Undirected,MS_Bodl_384
work_12282,work_7356,Undirected,MS_Bodl_384
work_12282,work_7356,Undirected,MS_Bodl_473
work_12282,work_7356,Undirected,MS_Bodl_473
work_12282,work_7356,Undirected,MS_Bodl_384
work_12282,work_1958,Undirected,MS_Bodl_734
work_12282,work_7356,Undirected,MS_Bodl_384
work_12282,work_7356,Undirected,MS_Bodl_384
work_12282,work_4598,Undirected,MS_Bodl_384
work_12282,work_7356,Undirected,MS_Bodl_473
work_12282,work_7356,Undirected,MS_Bodl_473
work_12282,work_7356,Undirected,MS_Bodl_473
work_12282,work_952,Undirected,MS_Bodl_473
work_12282,work_7356,Undirected,MS_Bodl_473
work_12282,work_1958,Undirected,MS_Bodl_473
work_12282,work_7356,Undirected,MS_Bodl_473
work_12282,work_7356,Undirected,MS_Bodl_473
work_12282,work_7356,Undirected,MS_Bodl_473
work_12282,work_7356,Undirected,MS_Bodl_473
work_12282,work_7356,Undirected,MS_Bodl_473
work_12282,work_7356,Undirected,MS_Bodl_473
work_12282,work_7356,Undirected,MS_Bodl_473
work_12282,work_1958,Undirected,MS_Bodl_384
work_12282,work_7356,Undirected,MS_Bodl_473
work_12282,work_7356,Undirected,MS_Bodl_473
work_12282,work_1958,Undirected,MS_Bodl_473
work_12282,work_7356,Undirected,MS_Bodl_473
work_12282,work_7356,Undirected,MS_Bodl_384
work_12282,work_7356,Undirected,MS_Bodl_473
work_12282,work_952,Undirected,MS_Bodl_384
work_12282,work_970,Undirected,MS_Bodl_384
work_12282,work_6718,Undirected,MS_Bodl_384
work_12282,work_4573,Undirected,MS_Bodl_384
work_12282,work_7356,Undirected,MS_Bodl_384
work_12282,work_953,Undirected,MS_Bodl_384
work_12282,work_3923,Undirected,MS_Bodl_384
work_12282,work_7356,Undirected,MS_Bodl_384
work_12282,work_4573,Undirected,MS_Bodl_384
work_12282,work_7356,Undirected,MS_Bodl_384
work_12282,work_1958,Undirected,MS_Bodl_384
work_12282,work_1958,Undirected,MS_Bodl_384
work_12282,work_6719,Undirected,MS_Bodl_384
work_12282,work_7356,Undirected,MS_Bodl_384
work_12282,work_1958,Undirected,MS_Bodl_384
work_12282,work_952,Undirected,MS_Bodl_384
work_12282,work_7356,Undirected,MS_Bodl_384
work_12282,work_1958,Undirected,MS_Bodl_384
work_12282,work_7356,Undirected,MS_Bodl_384
work_12282,work_1958,Undirected,MS_Bodl_384
work_12282,work_6718,Undirected,MS_Bodl_384
work_12282,work_452,Undirected,MS_Bodl_384
work_12282,work_953,Undirected,MS_Bodl_384
work_12282,work_4083,Undirected,MS_Bodl_384
work_12282,work_820,Undirected,MS_Bodl_473
work_12282,work_6721,Undirected,MS_Bodl_384
work_12282,work_4172,Undirected,MS_Bodl_384
work_12282,work_487,Undirected,MS_Bodl_384
work_12282,work_953,Undirected,MS_Bodl_384
work_12282,work_6089,Undirected,MS_Bodl_384
work_12282,work_7356,Undirected,MS_Bodl_473
work_12282,work_1958,Undirected,MS_Bodl_473
work_12282,work_7356,Undirected,MS_Bodl_473
work_12282,work_7356,Undirected,MS_Bodl_473
work_12282,work_6089,Undirected,MS_Bodl_384
work_12282,work_7356,Undirected,MS_Bodl_384
work_12282,work_952,Undirected,MS_Bodl_473
work_12282,work_7356,Undirected,MS_Bodl_473
work_12282,work_7356,Undirected,MS_Bodl_473
work_12282,work_7356,Undirected,MS_Bodl_384
work_12282,work_820,Undirected,MS_Bodl_384
work_12282,work_7356,Undirected,MS_Bodl_384
work_12282,work_4573,Undirected,MS_Bodl_384
work_12282,work_487,Undirected,MS_Bodl_473
work_12282,work_952,Undirected,MS_Bodl_384
work_12282,work_3580,Undirected,MS_Bodl_384
work_12282,work_952,Undirected,MS_Bodl_384
work_12282,work_7356,Undirected,MS_Bodl_473
work_12282,work_7356,Undirected,MS_Bodl_473
work_12282,work_7356,Undirected,MS_Bodl_473
work_12282,work_7356,Undirected,MS_Bodl_384
work_12282,work_1958,Undirected,MS_Bodl_384
work_12282,work_7356,Undirected,MS_Bodl_384
work_12282,work_1958,Undirected,MS_Bodl_384
work_12282,work_7356,Undirected,MS_Bodl_384
work_12282,work_1958,Undirected,MS_Bodl_384
work_12282,work_7356,Undirected,MS_Bodl_384
work_12282,work_1958,Undirected,MS_Bodl_384
work_12282,work_7356,Undirected,MS_Bodl_384
work_12282,work_1958,Undirected,MS_Bodl_384
work_12282,work_7356,Undirected,MS_Bodl_384
work_12282,work_1958,Undirected,MS_Bodl_384
work_12282,work_7356,Undirected,MS_Bodl_384
work_12282,work_1958,Undirected,MS_Bodl_384
work_12282,work_7356,Undirected,MS_Bodl_384
work_12282,work_7356,Undirected,MS_Bodl_384
work_12282,work_7356,Undirected,MS_Bodl_384
work_12282,work_7356,Undirected,MS_Bodl_384
work_12282,work_1958,Undirected,MS_Bodl_384
work_12282,work_7356,Undirected,MS_Bodl_384
work_12282,work_7356,Undirected,MS_Bodl_384
work_12282,work_1958,Undirected,MS_Bodl_384
work_12282,work_7356,Undirected,MS_Bodl_384
work_12282,work_1958,Undirected,MS_Bodl_384
work_12282,work_7356,Undirected,MS_Bodl_384
work_12282,work_7356,Undirected,MS_Bodl_734
work_12282,work_7356,Undirected,MS_Bodl_734
work_12282,work_7356,Undirected,MS_Bodl_734
work_12282,work_820,Undirected,MS_Bodl_734
work_12282,work_7356,Undirected,MS_Bodl_734
work_12282,work_4573,Undirected,MS_Bodl_734
work_12282,work_7356,Undirected,MS_Bodl_734
work_12282,work_4573,Undirected,MS_Bodl_734
work_12282,work_7356,Undirected,MS_Bodl_734
work_12282,work_7356,Undirected,MS_Bodl_734
work_12282,work_7356,Undirected,MS_Bodl_473
work_12282,work_7356,Undirected,MS_Bodl_734
work_12282,work_7356,Undirected,MS_Bodl_734
work_12282,work_6089,Undirected,MS_Bodl_734
work_12282,work_7356,Undirected,MS_Bodl_734
work_12282,work_1958,Undirected,MS_Bodl_734
work_12282,work_4083,Undirected,MS_Bodl_473
work_12282,work_7356,Undirected,MS_Bodl_473
work_12282,work_7356,Undirected,MS_Bodl_473
work_12282,work_1958,Undirected,MS_Bodl_384
work_12282,work_7356,Undirected,MS_Bodl_384
work_12282,work_6089,Undirected,MS_Bodl_384
work_12282,work_7356,Undirected,MS_Bodl_734
work_12282,work_7356,Undirected,MS_Bodl_384
work_12282,work_7356,Undirected,MS_Bodl_384
work_12282,work_7356,Undirected,MS_Bodl_384
work_12282,work_7356,Undirected,MS_Bodl_473
work_12282,work_7356,Undirected,MS_Bodl_473
work_12282,work_4598,Undirected,MS_Bodl_384
work_12282,work_4598 work_5778,Undirected,MS_Bodl_384
work_12282,work_1958,Undirected,MS_Bodl_384
work_12282,work_7356,Undirected,MS_Bodl_384
work_12282,work_820,Undirected,MS_Bodl_384
work_12282,work_1958,Undirected,MS_Bodl_384
work_12282,work_7356,Undirected,MS_Bodl_473
work_12282,work_1958,Undirected,MS_Bodl_473
work_12282,work_7356,Undirected,MS_Bodl_473
work_12282,work_7356,Undirected,MS_Bodl_473
work_12282,work_7356,Undirected,MS_Bodl_473
work_12282,work_7356,Undirected,MS_Bodl_473
work_12282,work_7356,Undirected,MS_Bodl_473
work_12282,work_7356,Undirected,MS_Bodl_473
work_12282,work_7356,Undirected,MS_Bodl_473
work_12282,work_1958,Undirected,MS_Bodl_473
work_12282,work_7356,Undirected,MS_Bodl_473
work_12282,work_7356,Undirected,MS_Bodl_473
work_12282,work_7356,Undirected,MS_Bodl_473
work_12282,work_7356,Undirected,MS_Bodl_473
work_12282,work_7356,Undirected,MS_Bodl_473
work_12282,work_7356,Undirected,MS_Bodl_734
work_12282,work_7356,Undirected,MS_Bodl_473
work_12282,work_7356,Undirected,MS_Bodl_473
work_12282,work_7356,Undirected,MS_Bodl_384
work_12282,work_1958,Undirected,MS_Bodl_384
work_12282,work_7356,Undirected,MS_Bodl_384
work_12282,work_7356,Undirected,MS_Bodl_384
work_12282,work_7356,Undirected,MS_Bodl_384
work_12282,work_1958,Undirected,MS_Bodl_384
work_12282,work_7356,Undirected,MS_Bodl_384
work_12282,work_487,Undirected,MS_Bodl_384
work_12282,work_1958,Undirected,MS_Bodl_473
work_12282,work_7356,Undirected,MS_Bodl_384
work_12282,work_7356,Undirected,MS_Bodl_473
work_12282,work_487,Undirected,MS_Bodl_384
work_12282,work_4598,Undirected,MS_Bodl_384
work_12282,work_1958,Undirected,MS_Bodl_384
work_12282,work_7356,Undirected,MS_Bodl_384
work_12282,work_2942,Undirected,MS_Bodl_473
work_12282,work_2942,Undirected,MS_Bodl_473
work_12282,work_7356,Undirected,MS_Bodl_473
work_12282,work_7356,Undirected,MS_Bodl_473
work_12282,work_7356,Undirected,MS_Bodl_473
work_12282,work_7356,Undirected,MS_Bodl_473
work_12282,work_4598,Undirected,MS_Bodl_473
work_12282,work_7356,Undirected,MS_Bodl_384
work_12282,work_7356,Undirected,MS_Bodl_384
work_12282,work_4056,Undirected,Merton_College_MS_176
work_12282,work_4083,Undirected,MS_Laud_Misc_305
work_12282,work_452,Undirected,MS_Laud_Misc_306-part1
work_12282,work_822,Undirected,MS_Laud_Misc_306-part1
work_12282,work_822,Undirected,MS_Laud_Misc_306-part1
work_12282,work_822,Undirected,MS_Laud_Misc_306-part1
work_12282,work_1871,Undirected,MS_Laud_Misc_306-part1
work_12282,work_4083,Undirected,MS_Laud_Misc_305
work_12282,work_970,Undirected,MS_Laud_Misc_306-part1
work_12282,work_822,Undirected,MS_Laud_Misc_306-part1
work_12282,work_970,Undirected,MS_Laud_Misc_306-part1
work_12282,work_970,Undirected,MS_Laud_Misc_306-part1
work_12282,work_452,Undirected,MS_Laud_Misc_306-part1
work_12282,work_970,Undirected,MS_Laud_Misc_306-part1
work_12282,work_1871,Undirected,MS_Laud_Misc_306-part1
work_12282,work_6634,Undirected,MS_Laud_Misc_306-part1
work_12282,work_1871,Undirected,MS_Laud_Misc_306-part1
work_12282,work_970,Undirected,MS_Laud_Misc_306-part1
work_12282,work_1871,Undirected,MS_Laud_Misc_306-part1
work_12282,work_1871,Undirected,MS_Laud_Misc_306-part1
work_12282,work_970,Undirected,MS_Laud_Misc_306-part1
work_12282,work_17020,Undirected,MS_Laud_Misc_305
work_12282,work_4573,Undirected,MS_Laud_Misc_305
work_12282,work_3923,Undirected,MS_Laud_Misc_305
work_12282,work_970,Undirected,MS_Laud_Misc_306-part1
work_12282,work_4083,Undirected,MS_Laud_Misc_305
work_12282,work_970,Undirected,MS_Laud_Misc_306-part1
work_12282,work_1871,Undirected,MS_Laud_Misc_306-part1
work_12282,work_2426,Undirected,MS_Laud_Misc_306-part1
work_12282,work_3387,Undirected,MS_Laud_Misc_306-part1
work_12282,work_4598,Undirected,MS_Laud_Misc_306-part1
work_12282,work_2942,Undirected,MS_Laud_Misc_465
work_12282,work_953,Undirected,MS_Laud_Misc_306-part1
work_12282,work_1871,Undirected,MS_Laud_Misc_465
work_12282,work_970,Undirected,MS_Laud_Misc_465
work_12282,work_970,Undirected,MS_Laud_Misc_465
work_12282,work_2942,Undirected,MS_Laud_Misc_465
work_12282,work_2942,Undirected,MS_Laud_Misc_465
work_12282,work_1871,Undirected,MS_Laud_Misc_306-part1
work_12282,work_1871,Undirected,MS_Laud_Misc_465
work_12282,work_6089,Undirected,MS_Laud_Misc_465
work_12282,work_822,Undirected,MS_Laud_Misc_465
work_12282,work_452,Undirected,MS_Laud_Misc_465
work_12282,work_970,Undirected,MS_Laud_Misc_465
work_12282,work_780,Undirected,MS_Laud_Misc_306-part1
work_12282,work_452,Undirected,MS_Laud_Misc_306-part1
work_12282,work_970,Undirected,MS_Laud_Misc_306-part1
work_12282,work_820,Undirected,MS_Laud_Misc_306-part1
work_12282,work_970,Undirected,MS_Laud_Misc_306-part1
work_12282,work_1871,Undirected,MS_Laud_Misc_306-part1
work_12282,work_6089,Undirected,MS_Laud_Misc_465
work_12282,work_1190,Undirected,MS_Laud_Misc_305
work_12282,work_4083,Undirected,MS_Laud_Misc_305
work_12282,work_6491,Undirected,MS_Douce_185
work_12282,work_970,Undirected,MS_Laud_Misc_305
work_12282,work_3907,Undirected,MS_Laud_Misc_305
work_12282,work_820,Undirected,MS_Laud_Misc_305
work_12282,work_820,Undirected,MS_Laud_Misc_305
work_12282,work_7112,Undirected,MS_Laud_Misc_305
work_12282,work_4083,Undirected,MS_Laud_Misc_305
work_12282,work_4083,Undirected,MS_Laud_Misc_305
work_12282,work_4083,Undirected,MS_Laud_Misc_305
work_12282,work_4083,Undirected,MS_Laud_Misc_305
work_12282,work_820,Undirected,MS_Douce_185
work_12282,work_4083,Undirected,MS_Laud_Misc_305
work_12282,work_820,Undirected,MS_Douce_185
work_12282,work_2942,Undirected,MS_Douce_185
work_12282,work_4598,Undirected,MS_Douce_185
work_12282,work_452,Undirected,MS_Douce_185
work_12282,work_2263,Undirected,MS_Douce_185
work_12282,work_6452,Undirected,MS_Douce_185
work_12282,work_820,Undirected,MS_Douce_185
work_12282,work_7113,Undirected,MS_Laud_Misc_305
work_12282,work_4083,Undirected,MS_Laud_Misc_305
work_12282,work_2254,Undirected,MS_Laud_Misc_305
work_12282,work_2942,Undirected,MS_Douce_185
work_12282,work_4598,Undirected,MS_Douce_185
work_12282,work_7110,Undirected,MS_Laud_Misc_305
work_12282,work_3580,Undirected,MS_Laud_Misc_306-part1
work_12282,work_820,Undirected,MS_Douce_185
work_12282,work_6590,Undirected,MS_Douce_185
work_12282,work_6590,Undirected,MS_Douce_185
work_12282,work_4598,Undirected,MS_Douce_185
work_12282,work_1190,Undirected,MS_Laud_Misc_305
work_12282,work_4083,Undirected,MS_Laud_Misc_305
work_12282,work_4083,Undirected,MS_Laud_Misc_305
work_12282,work_4083,Undirected,MS_Laud_Misc_305
work_12282,work_4083,Undirected,MS_Laud_Misc_305
work_12282,work_6492,Undirected,MS_Douce_185
work_12282,work_4598,Undirected,MS_Douce_185
work_12282,work_4598,Undirected,MS_Douce_185
work_12282,work_820,Undirected,MS_Douce_185
work_12282,work_820,Undirected,MS_Douce_185
work_12282,work_3907,Undirected,MS_Douce_185
work_12282,work_2942,Undirected,MS_Douce_185
work_12282,work_2942,Undirected,MS_Douce_185
work_12282,work_820,Undirected,MS_Douce_185
work_12282,work_16406,Undirected,MS_Douce_185
work_12282,work_4164,Undirected,MS_Douce_185
work_12282,work_820,Undirected,MS_Douce_185
work_12282,work_3907,Undirected,MS_Douce_185
work_12282,work_3907,Undirected,MS_Douce_185
work_12282,work_1871,Undirected,MS_Douce_185
work_12282,work_1871,Undirected,MS_Laud_Misc_306-part1
work_12282,work_952,Undirected,MS_Laud_Misc_306-part1
work_12282,work_822,Undirected,MS_Laud_Misc_465
work_12282,work_970,Undirected,MS_Laud_Misc_465
work_12282,work_4083,Undirected,MS_Laud_Misc_157
work_12282,work_4083,Undirected,MS_Laud_Misc_157
work_12282,work_4083,Undirected,MS_Laud_Misc_157
work_12282,work_4083,Undirected,MS_Laud_Misc_157
work_12282,work_4083,Undirected,MS_Laud_Misc_157
work_12282,work_4083,Undirected,MS_Laud_Misc_157
work_12282,work_4083,Undirected,MS_Laud_Misc_157
work_12282,work_4083,Undirected,MS_Laud_Misc_157
work_12282,work_4083,Undirected,MS_Laud_Misc_157
work_12282,work_4083,Undirected,MS_Laud_Misc_157
work_12282,work_4083,Undirected,MS_Laud_Misc_157
work_12282,work_4083,Undirected,MS_Laud_Misc_157
work_12282,work_4083,Undirected,MS_Laud_Misc_157
work_12282,work_1871,Undirected,MS_Laud_Misc_157
work_12282,work_4083,Undirected,MS_Laud_Misc_157
work_12282,work_4083,Undirected,MS_Laud_Misc_157
work_12282,work_2942,Undirected,MS_Laud_Misc_157
work_12282,work_2942,Undirected,MS_Laud_Misc_157
work_12282,work_2942,Undirected,MS_Laud_Misc_157
work_12282,work_2942,Undirected,MS_Laud_Misc_157
work_12282,work_4083,Undirected,MS_Laud_Misc_157
work_12282,work_4083,Undirected,MS_Laud_Misc_157
work_12282,work_4083,Undirected,MS_Laud_Misc_157
work_12282,work_4083,Undirected,MS_Laud_Misc_157
work_12282,work_4083,Undirected,MS_Laud_Misc_157
work_12282,work_4083,Undirected,MS_Laud_Misc_157
work_12282,work_1871,Undirected,MS_Laud_Misc_306-part1
work_12282,work_1871,Undirected,MS_Laud_Misc_306-part1
work_12282,work_952,Undirected,MS_Laud_Misc_306-part1
work_12282,work_952,Undirected,MS_Laud_Misc_306-part1
work_12282,work_1871,Undirected,MS_Laud_Misc_306-part1
work_12282,work_953,Undirected,MS_Laud_Misc_306-part1
work_12282,work_970,Undirected,MS_Laud_Misc_306-part1
work_12282,work_822,Undirected,MS_Laud_Misc_157
work_12282,work_970,Undirected,MS_Laud_Misc_306-part1
work_12282,work_4083,Undirected,MS_Laud_Misc_157
work_12282,work_4083,Undirected,MS_Laud_Misc_157
work_12282,work_4083,Undirected,MS_Laud_Misc_157
work_12282,work_4083,Undirected,MS_Laud_Misc_157
work_12282,work_970,Undirected,MS_Laud_Misc_157
work_12282,work_4083,Undirected,MS_Laud_Misc_157
work_12282,work_1871,Undirected,MS_Laud_Misc_157
work_12282,work_4083,Undirected,MS_Laud_Misc_157
work_12282,work_4083,Undirected,MS_Laud_Misc_157
work_12282,work_4083,Undirected,MS_Laud_Misc_157
work_12282,work_4083,Undirected,MS_Laud_Misc_157
work_12282,work_4083,Undirected,MS_Laud_Misc_157
work_12282,work_4083,Undirected,MS_Laud_Misc_157
work_12282,work_4083,Undirected,MS_Laud_Misc_157
work_12282,work_4083,Undirected,MS_Laud_Misc_157
work_12282,work_1871,Undirected,MS_Douce_185
work_12282,work_4083,Undirected,MS_Laud_Misc_157
work_12282,work_4083,Undirected,MS_Laud_Misc_157
work_12282,work_952,Undirected,MS_Laud_Misc_306-part1
work_12282,work_970,Undirected,MS_Laud_Misc_465
work_12282,work_4083,Undirected,MS_Laud_Misc_157
work_12282,work_4083,Undirected,MS_Laud_Misc_157
work_12282,work_4083,Undirected,MS_Laud_Misc_157
work_12282,work_4598,Undirected,MS_Laud_Misc_465
work_12282,work_4598,Undirected,MS_Laud_Misc_465
work_12282,work_4598,Undirected,MS_Laud_Misc_465
work_12282,work_970,Undirected,MS_Laud_Misc_306-part1
work_12282,work_1871,Undirected,MS_Laud_Misc_465
work_12282,work_7357,Undirected,MS_Laud_Misc_306-part1
work_12282,work_1871,Undirected,MS_Laud_Misc_465
work_12282,work_1871,Undirected,MS_Laud_Misc_465
work_12282,work_1871,Undirected,MS_Laud_Misc_465
work_12282,work_970,Undirected,MS_Laud_Misc_465
work_12282,work_1871,Undirected,MS_Laud_Misc_465
work_12282,work_822,Undirected,MS_Laud_Misc_465
work_12282,work_1871,Undirected,MS_Laud_Misc_465
work_12282,work_1871,Undirected,MS_Laud_Misc_465
work_12282,work_970,Undirected,MS_Laud_Misc_465
work_12282,work_970,Undirected,MS_Laud_Misc_465
work_12282,work_822,Undirected,MS_Laud_Misc_465
work_12282,work_970,Undirected,MS_Laud_Misc_465
work_12282,work_4083,Undirected,MS_Laud_Misc_157
work_12282,work_4083,Undirected,MS_Laud_Misc_157
work_12282,work_1871,Undirected,MS_Laud_Misc_157
work_12282,work_4083,Undirected,MS_Laud_Misc_157
work_12282,work_970,Undirected,MS_Laud_Misc_157
work_12282,work_4083,Undirected,MS_Laud_Misc_157
work_12282,work_4083,Undirected,MS_Laud_Misc_157
work_12282,work_4083,Undirected,MS_Laud_Misc_157
work_12282,work_4083,Undirected,MS_Laud_Misc_157
work_12282,work_4083,Undirected,MS_Laud_Misc_157
work_12282,work_4083,Undirected,MS_Laud_Misc_157
work_12282,work_4083,Undirected,MS_Laud_Misc_157
work_12282,work_4083,Undirected,MS_Laud_Misc_157
work_12282,work_970,Undirected,MS_Laud_Misc_157
work_12282,work_970,Undirected,MS_Laud_Misc_306-part1
work_12282,work_952,Undirected,MS_Laud_Misc_157
work_12282,work_4083,Undirected,MS_Laud_Misc_157
work_12282,work_4083,Undirected,MS_Laud_Misc_157
work_12282,work_4083,Undirected,MS_Laud_Misc_157
work_12282,work_175,Undirected,MS_Laud_Misc_157
work_12282,work_175,Undirected,MS_Laud_Misc_157
work_12282,work_175,Undirected,MS_Laud_Misc_157
work_12282,work_175,Undirected,MS_Laud_Misc_157
work_12282,work_175,Undirected,MS_Laud_Misc_157
work_12282,work_4083,Undirected,MS_Laud_Misc_157
work_12282,work_4083,Undirected,MS_Laud_Misc_157
work_12282,work_4083,Undirected,MS_Laud_Misc_157
work_12282,work_970,Undirected,MS_Douce_185
work_12282,work_4056,Undirected,MS_Laud_Misc_306-part1
work_12282,work_1871,Undirected,MS_Douce_185
work_12282,work_7093,Undirected,Merton_College_MS_176
work_12282,work_7093,Undirected,Merton_College_MS_176
work_12282,work_2942,Undirected,Merton_College_MS_176
work_12282,work_7093,Undirected,Merton_College_MS_176
work_12282,work_1871,Undirected,MS_Laud_Misc_305
work_12282,work_952,Undirected,Merton_College_MS_176
work_12282,work_4172,Undirected,MS_Rawl_A_411
work_12282,work_4172,Undirected,MS_Rawl_A_411
work_12282,work_4083,Undirected,MS_Laud_Misc_305
work_12282,work_4083,Undirected,MS_Laud_Misc_305
work_12282,work_4083,Undirected,MS_Laud_Misc_305
work_12282,work_4083,Undirected,MS_Laud_Misc_305
work_12282,work_3907,Undirected,MS_Laud_Misc_305
work_12282,work_4083,Undirected,MS_Laud_Misc_305
work_12282,work_4172,Undirected,MS_Rawl_A_411
work_12282,work_4172,Undirected,MS_Rawl_A_411
work_12282,work_3907,Undirected,MS_Laud_Misc_305
work_12282,work_4083,Undirected,MS_Laud_Misc_305
work_12282,work_7116,Undirected,MS_Laud_Misc_305
work_12282,work_7092,Undirected,Merton_College_MS_176
work_12282,work_3580,Undirected,Merton_College_MS_176
work_12282,work_4172,Undirected,MS_Rawl_A_411
work_12282,work_4172,Undirected,Merton_College_MS_176
work_12282,work_970,Undirected,Merton_College_MS_176
work_12282,work_4083,Undirected,MS_Laud_Misc_305
work_12282,work_970,Undirected,Merton_College_MS_176
work_12282,work_4083,Undirected,MS_Laud_Misc_305
work_12282,work_4083,Undirected,MS_Laud_Misc_305
work_12282,work_4083,Undirected,MS_Laud_Misc_305
work_12282,work_952,Undirected,Merton_College_MS_176
work_12282,work_4083,Undirected,MS_Laud_Misc_305
work_12282,work_4083,Undirected,MS_Laud_Misc_305
work_12282,work_4083,Undirected,MS_Laud_Misc_305
work_12282,work_4172,Undirected,MS_Rawl_A_411
work_12282,work_4083,Undirected,MS_Laud_Misc_305
work_12282,work_970,Undirected,MS_Douce_185
work_12282,work_4083,Undirected,MS_Laud_Misc_305
work_12282,work_4172,Undirected,MS_Rawl_A_411
work_12282,work_953,Undirected,Merton_College_MS_176
work_12282,work_7091,Undirected,Merton_College_MS_176
work_12282,work_4172,Undirected,Merton_College_MS_176
work_12282,work_4172,Undirected,Merton_College_MS_176
work_12282,work_4172,Undirected,Merton_College_MS_176
work_12282,work_4172,Undirected,MS_Rawl_A_411
work_12282,work_4083,Undirected,MS_Laud_Misc_305
work_12282,work_4172,Undirected,MS_Rawl_A_411
work_12282,work_970,Undirected,MS_Laud_Misc_305
work_12282,work_12486,Undirected,MS_Laud_Misc_305
work_12282,work_790,Undirected,MS_Laud_Misc_305
work_12282,work_12486,Undirected,MS_Laud_Misc_305
work_12282,work_4083,Undirected,MS_Laud_Misc_305
work_12282,work_4083,Undirected,MS_Laud_Misc_305
work_12282,work_12486,Undirected,MS_Laud_Misc_305
work_12282,work_790,Undirected,MS_Laud_Misc_305
work_12282,work_952,Undirected,MS_Laud_Misc_305
work_12282,work_4083,Undirected,MS_Laud_Misc_305
work_12282,work_4083,Undirected,MS_Laud_Misc_305
work_12282,work_1054,Undirected,MS_Douce_185
work_12282,work_1054,Undirected,MS_Douce_185
work_12282,work_4475,Undirected,MS_Douce_185
work_12282,work_4475,Undirected,MS_Douce_185
work_12282,work_4083,Undirected,MS_Laud_Misc_305
work_12282,work_4475,Undirected,MS_Douce_185
work_12282,work_3907,Undirected,MS_Douce_185
work_12282,work_2406,Undirected,MS_Douce_185
work_12282,work_4083,Undirected,MS_Laud_Misc_305
work_12282,work_4083,Undirected,MS_Laud_Misc_305
work_12282,work_790,Undirected,MS_Laud_Misc_305
work_12282,work_7117,Undirected,MS_Laud_Misc_305
work_12282,work_2651,Undirected,MS_Laud_Misc_305
work_12282,work_2651,Undirected,MS_Laud_Misc_305
work_12282,work_4083,Undirected,MS_Laud_Misc_305
work_12282,work_952,Undirected,MS_Laud_Misc_305
work_12282,work_7114,Undirected,MS_Laud_Misc_305
work_12282,work_7115,Undirected,MS_Laud_Misc_305
work_12282,work_4083,Undirected,MS_Laud_Misc_305
work_12282,work_16033,Undirected,MS_Canon_Misc_287
work_12282,work_4083,Undirected,MS_Laud_Misc_305
work_12282,work_4083,Undirected,MS_Laud_Misc_305
work_12282,work_4083,Undirected,MS_Laud_Misc_305
work_12282,work_7116,Undirected,MS_Laud_Misc_305
work_12282,work_4083,Undirected,MS_Laud_Misc_305
work_12282,work_822,Undirected,MS_Rawl_A_411
work_12282,work_822,Undirected,MS_Rawl_A_411
work_12282,work_1299,Undirected,MS_Canon_Misc_84
work_12284,work_13056,Undirected,MS_Canon_Gr_19
work_12284,work_15303,Undirected,MS_Canon_Gr_19
work_1229,work_3898,Undirected,MS_Bodl_587-part1
work_1229,work_3105,Undirected,MS_Bodl_587-part1
work_1229,work_3899,Undirected,MS_Bodl_587-part1
work_12297,work_2076,Undirected,MS_Auct_T_6_7
work_12297,work_2040,Undirected,MS_Auct_T_6_7
work_1230,work_299,Undirected,MS_Bodl_421
work_1230,work_301,Undirected,MS_Bodl_421
work_1230,work_298,Undirected,MS_Bodl_421
work_12302,work_13036,Undirected,MS_Selden_Supra_5
work_12322,work_14369,Undirected,MS_Auct_D_4_6
work_12322,work_14130,Undirected,MS_Auct_D_4_6
work_12322,work_1737,Undirected,MS_Auct_D_4_6
work_12322,work_1737,Undirected,MS_Auct_D_4_6
work_12322,work_13950,Undirected,MS_Auct_D_4_6
work_12325,work_12034,Undirected,MS_Junius_25-part6
work_12332,work_15308,Undirected,MS_Laud_Misc_5
work_12332,work_3510,Undirected,MS_Laud_Misc_5
work_12332,work_962,Undirected,MS_Laud_Misc_5
work_12332,work_2915,Undirected,MS_Laud_Misc_5
work_12334,work_14583,Undirected,MS_Canon_Misc_21
work_12334,work_14660,Undirected,MS_Laud_Misc_386-part2
work_12338,work_12221,Undirected,MS_Rawl_C_510
work_12338,work_13486,Undirected,MS_Rawl_C_510
work_12338,work_13844,Undirected,MS_Rawl_C_510
work_1236,work_1237,Undirected,MS_Canon_Misc_279
work_12370,work_16289,Undirected,MS_Bodl_96_part1
work_12373,work_14739,Undirected,MS_Hatton_10
work_12373,work_14730,Undirected,MS_Hatton_10
work_12374,work_14583,Undirected,Merton_College_MS_238
work_12374,work_7125,Undirected,Merton_College_MS_212
work_12374,work_4391,Undirected,Merton_College_MS_161
work_12374,work_790,Undirected,Exeter_College_MS_38
work_12374,work_406,Undirected,Exeter_College_MS_33
work_12374,work_2816,Undirected,Exeter_College_MS_20-partB
work_12374,work_3507,Undirected,Merton_College_MS_208
work_12374,work_4915,Undirected,Merton_College_MS_125
work_12374,work_4915,Undirected,Merton_College_MS_126
work_12374,work_15292,Undirected,Merton_College_MS_284
work_12374,work_11182,Undirected,Merton_College_MS_208
work_12376,work_14300,Undirected,MS_Hamilton_43-part2
work_12376,work_14306,Undirected,MS_Hamilton_43-part2
work_12376,work_1030,Undirected,MS_Hamilton_43-part2
work_12376,work_16384,Undirected,MS_Hamilton_43-part2
work_12376,work_6466,Undirected,MS_Hamilton_43-part2
work_12387,work_11077,Undirected,MS_Lat_misc_e_81-part6
work_12387,work_3747,Undirected,MS_Lat_misc_e_81-part6
work_12387,work_13469,Undirected,MS_Lat_misc_e_81-part6
work_12387,work_12387,Undirected,MS_Lat_misc_e_81-part6
work_12387,work_843,Undirected,MS_Lat_misc_e_81-part6
work_12395,work_12615,Undirected,MS_Rawl_C_641-part3
work_12400,work_4622,Undirected,MS_Bodl_397-part1
work_12405,work_12945,Undirected,MS_Lat_misc_c_17-part5
work_1241,work_1250,Undirected,MS_Canon_Class_Lat_198
work_1241,work_1263,Undirected,MS_DOrville_88
work_1241,work_1250,Undirected,MS_DOrville_88
work_1241,work_1250,Undirected,MS_Rawl_G_33
work_1241,work_1250,Undirected,MS_Lat_class_e_42
work_1241,work_1263,Undirected,MS_Lat_class_e_42
work_1241,work_1246,Undirected,MS_Canon_Class_Lat_221
work_1241,work_1263,Undirected,MS_Canon_Class_Lat_209
work_1241,work_1263,Undirected,MS_Rawl_G_33
work_1241,work_1250,Undirected,MS_Canon_Class_Lat_209
work_12425,work_10196,Undirected,MS_Rawl_B_488-part1
work_12427,work_11428,Undirected,St_Johns_College_MS_26
work_12427,work_11801,Undirected,Merton_College_MS_209
work_12427,work_12438,Undirected,Merton_College_MS_209
work_12427,work_11428,Undirected,Merton_College_MS_209
work_1243,work_1238,Undirected,MS_DOrville_84
work_12433,work_14419,Undirected,MS_Canon_Ital_228
work_12438,work_15420,Undirected,St_Johns_College_MS_42
work_12438,work_12487,Undirected,St_Johns_College_MS_42
work_12438,work_12438,Undirected,MS_Laud_Misc_562-part2
work_12438,work_12487,Undirected,MS_Laud_Misc_562-part2
work_12438,work_12487,Undirected,MS_Auct_D_2_11
work_1244,work_3976,Undirected,MS_Auct_F_5_15
work_1244,work_1241,Undirected,MS_Rawl_G_36
work_1244,work_6854,Undirected,MS_Rawl_G_36
work_1244,work_3976,Undirected,MS_Rawl_G_36
work_12440,work_13627,Undirected,MS_Lat_misc_c_75-part5
work_12445,work_10852,Undirected,MS_Auct_D_1_15
work_12445,work_10096,Undirected,St_Johns_College_MS_8
work_12445,work_10852,Undirected,St_Johns_College_MS_8
work_12445,work_10230,Undirected,MS_Auct_D_1_15
work_12445,work_15354,Undirected,MS_Laud_Misc_441
work_12445,work_12454,Undirected,MS_Laud_Misc_441
work_12445,work_12216,Undirected,MS_Laud_Misc_441
work_12445,work_14466,Undirected,MS_Laud_Misc_441
work_12449,work_12449,Undirected,St_Johns_College_MS_21
work_12449,work_12453,Undirected,MS_Laud_Lat_107-part2
work_12449,work_10096,Undirected,St_Johns_College_MS_16
work_12449,work_12216,Undirected,St_Johns_College_MS_16
work_12449,work_12454,Undirected,St_Johns_College_MS_16
work_12449,work_15354,Undirected,St_Johns_College_MS_16
work_12449,work_12453,Undirected,St_Johns_College_MS_16
work_12450,work_15515,Undirected,MS_Fr_d_10
work_12451,work_11583,Undirected,MS_Gr_class_d_121_P-part2
work_1246,work_12151,Undirected,MS_Canon_Class_Lat_202
work_1246,work_1261,Undirected,Merton_College_MS_311-part1
work_1246,work_17062,Undirected,Merton_College_MS_311-part1
work_1246,work_1263,Undirected,MS_Canon_Class_Lat_231
work_1246,work_1245,Undirected,Merton_College_MS_311-part1
work_1246,work_5912,Undirected,Merton_College_MS_311-part1
work_1246,work_1241,Undirected,MS_Canon_Class_Lat_237
work_1246,work_1250,Undirected,MS_Canon_Class_Lat_237
work_1246,work_1245,Undirected,MS_Auct_F_1_12
work_1246,work_1263,Undirected,MS_Auct_F_5_12
work_1246,work_7406,Undirected,Brasenose_College_MS_7
work_1246,work_1250,Undirected,MS_Auct_F_1_12
work_1246,work_1241,Undirected,MS_Auct_F_1_12
work_1246,work_1263,Undirected,MS_Auct_F_1_12
work_1246,work_1250,Undirected,Brasenose_College_MS_7
work_1246,work_1273,Undirected,MS_Auct_F_5_12
work_1246,work_1271,Undirected,MS_Auct_F_1_12
work_1246,work_1241,Undirected,Brasenose_College_MS_7
work_1246,work_1251,Undirected,MS_Auct_F_1_12
work_1246,work_1250,Undirected,MS_Canon_Class_Lat_231
work_1246,work_1241,Undirected,MS_Canon_Class_Lat_239
work_1246,work_1271,Undirected,MS_Canon_Class_Lat_222
work_1246,work_1541,Undirected,MS_Canon_Class_Lat_222
work_1246,work_1241,Undirected,MS_Canon_Class_Lat_231
work_1246,work_1243,Undirected,MS_Auct_F_1_12
work_1246,work_1273,Undirected,MS_Auct_F_1_12
work_1246,work_1238,Undirected,MS_Auct_F_1_12
work_1246,work_5914,Undirected,MS_Auct_F_1_12
work_1246,work_1263,Undirected,MS_Canon_Class_Lat_222
work_1246,work_5912,Undirected,MS_Auct_F_1_12
work_1246,work_5913,Undirected,MS_Auct_F_1_12
work_12477,work_10167,Undirected,MS_Fr_e_32
work_1248,work_1248,Undirected,MS_Lat_class_d_37
work_1248,work_1262,Undirected,St_Johns_College_MS_81
work_1248,work_1262,Undirected,MS_Lat_class_d_37
work_1248,work_1247,Undirected,MS_Lat_class_d_37
work_12483,work_11958,Undirected,MS_Canon_Ital_102
work_12483,work_12351,Undirected,MS_Canon_Ital_102
work_12490,work_16495,Undirected,MS_Douce_178
work_12490,work_16494,Undirected,MS_Douce_178
work_12491,work_12495,Undirected,MS_Douce_199
work_12495,work_12492,Undirected,MS_Rawl_D_874
work_1250,work_1263,Undirected,MS_Canon_Class_Lat_248
work_1250,work_1241,Undirected,MS_Canon_Class_Lat_248
work_1250,work_1263,Undirected,MS_Canon_Class_Lat_197
work_1250,work_1241,Undirected,MS_DOrville_137
work_1250,work_1263,Undirected,MS_Canon_Class_Lat_245
work_1250,work_1241,Undirected,MS_Canon_Class_Lat_245
work_1250,work_3380,Undirected,MS_Canon_Class_Lat_197
work_1250,work_1241,Undirected,MS_Digby_80
work_1250,work_1263,Undirected,MS_Digby_80
work_1250,work_4125,Undirected,MS_Canon_Class_Lat_197
work_1250,work_1271,Undirected,MS_DOrville_137
work_1250,work_1271,Undirected,MS_Canon_Class_Lat_197
work_1250,work_1263,Undirected,MS_DOrville_137
work_1250,work_1257,Undirected,MS_Canon_Class_Lat_197
work_12510,work_13524,Undirected,MS_Holkham_misc_39
work_12510,work_11541,Undirected,MS_Holkham_misc_39
work_12516,work_13038,Undirected,MS_Selden_Superius_112
work_12516,work_13050,Undirected,MS_Selden_Superius_112
work_12516,work_12962,Undirected,MS_Selden_Superius_112
work_12522,work_12613,Undirected,MS_Rawl_B_356
work_1253,work_1255,Undirected,MS_Lat_class_c_7
work_1253,work_1252,Undirected,MS_Add_C_139
work_1253,work_1255,Undirected,MS_Add_C_139
work_1253,work_3973,Undirected,MS_Lat_class_c_7
work_1253,work_1252,Undirected,MS_Lat_class_c_7
work_1254,work_1409,Undirected,MS_Lat_class_e_4
work_1254,work_3051,Undirected,MS_Auct_F_4_34
work_1254,work_273,Undirected,MS_Lat_class_e_4
work_1254,work_1269,Undirected,MS_Canon_Class_Lat_210
work_1254,work_1268,Undirected,MS_Canon_Class_Lat_210
work_1254,work_1075,Undirected,MS_DOrville_11
work_12564,work_14583,Undirected,MS_Auct_F_inf_1_3-part1
work_12564,work_11760,Undirected,MS_Auct_F_inf_1_3-part1
work_12567,work_1745,Undirected,MS_Rawl_A_420
work_12567,work_13697,Undirected,MS_Rawl_A_420
work_12567,work_11227,Undirected,MS_Rawl_A_420
work_12567,work_14583,Undirected,MS_Rawl_A_420
work_12567,work_14583,Undirected,MS_Rawl_A_420
work_12567,work_3952,Undirected,MS_Rawl_A_420
work_12568,work_15267,Undirected,MS_Add_D_83
work_1257,work_4123,Undirected,MS_Canon_Class_Lat_206
work_1257,work_1241,Undirected,MS_Canon_Class_Lat_200
work_12576,work_11640,Undirected,MS_Ashmole_804-part2
work_12586,work_15546,Undirected,MS_Rawl_C_188
work_12587,work_11230,Undirected,MS_Lat_hist_d_3
work_12587,work_15433,Undirected,MS_Lat_hist_d_3
work_12587,work_15433,Undirected,MS_Lat_hist_d_3
work_1259,work_1256,Undirected,MS_E_D_Clarke_21
work_1259,work_1260,Undirected,MS_Canon_Class_Lat_254
work_1259,work_1261,Undirected,MS_Canon_Class_Lat_254
work_1259,work_4115,Undirected,MS_Canon_Class_Lat_254
work_12592,work_13511,Undirected,MS_Barocci_215-part2
work_12592,work_3187,Undirected,MS_Barocci_215-part2
work_12592,work_4719,Undirected,MS_Barocci_215-part2
work_12592,work_4701,Undirected,MS_Barocci_215-part2
work_12592,work_3250,Undirected,MS_Barocci_215-part2
work_12597,work_590,Undirected,MS_Canon_Misc_483
work_12597,work_11872,Undirected,MS_Douce_137-part1
work_12597,work_3134,Undirected,MS_Canon_Misc_483
work_12600,work_15305,Undirected,MS_Canon_Ital_217
work_12600,work_15483,Undirected,MS_Canon_Ital_217
work_12607,work_2062,Undirected,MS_Laud_Misc_163
work_12607,work_6104,Undirected,MS_Laud_Misc_163
work_12607,work_6105,Undirected,MS_Laud_Misc_163
work_12607,work_16233,Undirected,MS_Laud_Misc_163
work_12607,work_1144,Undirected,MS_Laud_Misc_163
work_12607,work_6109,Undirected,MS_Laud_Misc_163
work_12607,work_6108,Undirected,MS_Laud_Misc_163
work_12607,work_6107,Undirected,MS_Laud_Misc_163
work_12607,work_6110,Undirected,MS_Laud_Misc_163
work_12607,work_6106,Undirected,MS_Laud_Misc_163
work_1261,work_1274,Undirected,MS_Canon_Class_Lat_224
work_1261,work_4115,Undirected,MS_Canon_Class_Lat_219
work_1261,work_1260,Undirected,MS_Canon_Class_Lat_219
work_12618,work_14435,Undirected,MS_Canon_Misc_450
work_1262,work_1239,Undirected,MS_DOrville_82
work_12629,work_12631,Undirected,MS_Gr_class_c_143_P_f
work_1264,work_4098,Undirected,MS_Rawl_G_139
work_1264,work_840,Undirected,MS_Rawl_G_139
work_1264,work_1246,Undirected,MS_Rawl_G_139
work_12658,work_12681,Undirected,MS_Gr_class_c_31_P
work_1266,work_1268,Undirected,MS_Add_A_279
work_1266,work_1267,Undirected,MS_Add_A_279
work_1266,work_1269,Undirected,MS_Add_A_279
work_1266,work_5494,Undirected,MS_Add_A_279
work_12670,work_10113,Undirected,MS_Gr_class_c_21_P
work_12677,work_11698,Undirected,MS_Bywater_37-part1
work_1269,work_1271,Undirected,MS_DOrville_77
work_1269,work_3038,Undirected,MS_DOrville_77
work_1269,work_4115,Undirected,MS_DOrville_77
work_1269,work_1250,Undirected,MS_DOrville_77
work_1269,work_1241,Undirected,MS_DOrville_77
work_1269,work_1267,Undirected,MS_DOrville_77
work_1269,work_1268,Undirected,MS_DOrville_77
work_1269,work_2257,Undirected,MS_DOrville_77
work_1269,work_4115,Undirected,MS_DOrville_77
work_1269,work_3038,Undirected,MS_DOrville_77
work_1269,work_4038,Undirected,MS_DOrville_77
work_12696,work_12696,Undirected,MS_Ashmole_360-part1
work_12703,work_3143,Undirected,MS_Rawl_C_77-part3
work_1271,work_3038,Undirected,MS_Canon_Class_Lat_257
work_1271,work_3038,Undirected,MS_Selden_Supra_25-part5
work_1271,work_3038,Undirected,MS_Auct_T_2_27-part1
work_1272,work_5436,Undirected,MS_Rawl_G_138
work_1272,work_5434,Undirected,MS_Rawl_G_138
work_1272,work_5435,Undirected,MS_Rawl_G_138
work_1272,work_1266,Undirected,MS_Rawl_G_138
work_1272,work_5438,Undirected,MS_Rawl_G_138
work_1272,work_1268,Undirected,MS_Rawl_G_138
work_1272,work_5416,Undirected,MS_Rawl_G_138
work_1272,work_1269,Undirected,MS_Rawl_G_138
work_1272,work_1246,Undirected,MS_Canon_Class_Lat_199
work_1272,work_5437,Undirected,MS_Rawl_G_138
work_1272,work_4115,Undirected,MS_DOrville_79
work_1272,work_1246,Undirected,MS_DOrville_79
work_1272,work_1260,Undirected,MS_DOrville_79
work_1272,work_4115,Undirected,MS_Canon_Class_Lat_253
work_1272,work_1267,Undirected,MS_Rawl_G_138
work_1272,work_1269,Undirected,MS_Rawl_G_137
work_1272,work_5439,Undirected,MS_Rawl_G_138
work_1272,work_5416,Undirected,MS_Rawl_G_137
work_1272,work_1267,Undirected,MS_Rawl_G_137
work_1272,work_1250,Undirected,MS_Canon_Class_Lat_199
work_1272,work_5433,Undirected,MS_Rawl_G_138
work_1272,work_5434,Undirected,MS_Rawl_G_137
work_1272,work_5436,Undirected,MS_Rawl_G_137
work_12727,work_13625,Undirected,MS_Canon_Ital_164
work_12731,work_12888,Undirected,MS_Canon_Ital_54
work_12731,work_13881,Undirected,MS_Canon_Ital_54
work_12732,work_14583,Undirected,MS_Rawl_A_388
work_12732,work_13950,Undirected,MS_Canon_Pat_Lat_117
work_12732,work_1075,Undirected,MS_Canon_Pat_Lat_117
work_12732,work_15240,Undirected,MS_Canon_Pat_Lat_117
work_12732,work_4118,Undirected,MS_Auct_F_5_17-part2
work_12732,work_2153,Undirected,MS_Rawl_A_388
work_12732,work_3952,Undirected,MS_Canon_Pat_Lat_117
work_12732,work_2131,Undirected,MS_Rawl_A_388
work_12732,work_14358,Undirected,MS_Rawl_A_388
work_12732,work_11737,Undirected,MS_Canon_Pat_Lat_117
work_12732,work_14327,Undirected,MS_Canon_Pat_Lat_117
work_12734,work_12748,Undirected,MS_Rawl_A_289
work_12734,work_12754,Undirected,MS_Rawl_A_289
work_12736,work_4215,Undirected,MS_Rawl_C_775
work_12736,work_12613,Undirected,MS_Rawl_C_775
work_12736,work_2800,Undirected,MS_Rawl_C_775
work_12736,work_10889,Undirected,MS_Rawl_C_775
work_12736,work_2801,Undirected,MS_Rawl_C_775
work_1274,work_7323,Undirected,Merton_College_MS_309-part4
work_1274,work_17060,Undirected,Merton_College_MS_309-part4
work_1274,work_1125,Undirected,Merton_College_MS_309-part4
work_1274,work_1125,Undirected,Merton_College_MS_309-part4
work_1274,work_17061,Undirected,Merton_College_MS_309-part4
work_12750,work_11790,Undirected,MS_Canon_Class_Lat_140
work_12750,work_14928,Undirected,MS_Canon_Class_Lat_140
work_12750,work_13630,Undirected,MS_Canon_Class_Lat_140
work_1276,work_1268,Undirected,MS_DOrville_10
work_1276,work_1244,Undirected,MS_DOrville_10
work_1276,work_2180,Undirected,MS_Lat_class_e_50
work_1276,work_3976,Undirected,MS_DOrville_10
work_1276,work_3819,Undirected,MS_DOrville_10
work_1276,work_4115,Undirected,MS_Canon_Class_Lat_230
work_1276,work_5416,Undirected,MS_DOrville_10
work_1276,work_1272,Undirected,MS_Canon_Class_Lat_230
work_1276,work_1267,Undirected,MS_DOrville_10
work_1276,work_1259,Undirected,MS_DOrville_10
work_1276,work_1260,Undirected,MS_DOrville_10
work_1276,work_4115,Undirected,MS_DOrville_10
work_1276,work_4115,Undirected,MS_DOrville_10
work_1276,work_1263,Undirected,MS_DOrville_10
work_1276,work_1269,Undirected,MS_DOrville_10
work_1276,work_1246,Undirected,MS_DOrville_10
work_12767,work_14525,Undirected,MS_Rawl_C_7
work_12773,work_6116,Undirected,MS_Auct_T_2_11-part1
work_12773,work_1351,Undirected,MS_Auct_T_2_11-part1
work_12773,work_6112,Undirected,MS_Auct_T_2_11-part1
work_12773,work_6111,Undirected,MS_Auct_T_2_11-part1
work_12781,work_12832,Undirected,MS_Canon_Ital_175
work_12785,work_11371,Undirected,MS_Rawl_A_368
work_12786,work_308,Undirected,MS_Rawl_G_60-part2
work_12789,work_6071,Undirected,MS_Auct_F_4_32-part3
work_12797,work_15008,Undirected,MS_Lat_misc_e_93
work_12799,work_515,Undirected,MS_Lat_th_d_30
work_12805,work_1577,Undirected,MS_Digby_152
work_1281,work_1280,Undirected,MS_Rawl_G_134
work_12811,work_15308,Undirected,MS_Laud_Misc_514
work_12811,work_7631,Undirected,MS_Laud_Misc_514
work_12811,work_13730,Undirected,MS_Laud_Misc_514
work_12811,work_6488,Undirected,MS_Laud_Misc_514
work_12811,work_5774,Undirected,MS_Laud_Misc_514
work_12811,work_3923,Undirected,MS_Laud_Misc_514
work_12819,work_12886,Undirected,MS_Bodl_535
work_12819,work_12893,Undirected,MS_Bodl_535
work_12819,work_12899,Undirected,MS_Bodl_535
work_1282,work_1281,Undirected,MS_Auct_F_2_16-part1
work_12823,work_6416,Undirected,MS_Holkham_Gr_98
work_12823,work_278,Undirected,MS_Holkham_Gr_98
work_12826,work_6056,Undirected,MS_Holkham_Gr_20
work_12826,work_1838,Undirected,MS_Holkham_Gr_20
work_1283,work_1282,Undirected,MS_Rawl_G_116
work_12833,work_16357,Undirected,MS_Holkham_Gr_86
work_12833,work_6375,Undirected,MS_Holkham_Gr_86
work_12833,work_16357,Undirected,MS_Holkham_Gr_86
work_12833,work_6374,Undirected,MS_Holkham_Gr_86
work_12833,work_16357,Undirected,MS_Holkham_Gr_86
work_12833,work_3686,Undirected,MS_Holkham_Gr_86
work_12833,work_16357,Undirected,MS_Holkham_Gr_86
work_12833,work_16357,Undirected,MS_Canon_Gr_10
work_12833,work_16357,Undirected,MS_Canon_Gr_10
work_12833,work_6374,Undirected,MS_Canon_Gr_10
work_12833,work_16357,Undirected,MS_Barocci_62
work_12833,work_3686,Undirected,MS_Canon_Gr_10
work_12833,work_3685,Undirected,MS_Barocci_62
work_12833,work_3684,Undirected,MS_Canon_Gr_10
work_12833,work_3686,Undirected,MS_Barocci_62
work_12833,work_6375,Undirected,MS_Barocci_62
work_12833,work_6375,Undirected,MS_Canon_Gr_10
work_12842,work_4128,Undirected,MS_Laud_Misc_173-part2
work_12842,work_16905,Undirected,MS_Laud_Misc_173-part2
work_12842,work_5095,Undirected,MS_Laud_Misc_173-part2
work_12842,work_16237,Undirected,MS_Laud_Misc_173-part2
work_12842,work_16906,Undirected,MS_Laud_Misc_173-part2
work_12843,work_3408,Undirected,MS_Digby_39-part4
work_12847,work_12903,Undirected,MS_Digby_172-part3
work_12850,work_10436,Undirected,MS_Rawl_B_514
work_12854,work_12887,Undirected,MSS_Eng_th_e_17-18
work_12860,work_1944,Undirected,MS_Lyell_65
work_12861,work_14368,Undirected,MS_Canon_Ital_210
work_12861,work_1902,Undirected,MS_Canon_Ital_210
work_12861,work_1538,Undirected,MS_Canon_Ital_210
work_12882,work_12889,Undirected,MS_Bodl_34
work_12882,work_12879,Undirected,MS_Bodl_34
work_12882,work_12186,Undirected,MS_Bodl_34
work_12882,work_14494,Undirected,MS_Bodl_34
work_12883,work_12844,Undirected,MS_Laud_Misc_430-part2
work_12898,work_14545,Undirected,MS_Digby_34-part1
work_1290,work_12907,Undirected,MS_Bodl_603-part1
work_1290,work_14583,Undirected,MS_Bodl_509-part3
work_1290,work_12907,Undirected,MS_Bodl_603-part1
work_1290,work_12907,Undirected,MS_Bodl_603-part1
work_1290,work_7611,Undirected,MS_Bodl_603-part1
work_1290,work_7612,Undirected,MS_Bodl_603-part1
work_1290,work_7610,Undirected,MS_Bodl_603-part1
work_1290,work_2057,Undirected,MS_Bodl_603-part1
work_1290,work_10605,Undirected,MS_Auct_D_2_1
work_12905,work_12844,Undirected,MS_Digby_39-part1
work_12915,work_12480,Undirected,MS_Canon_Ital_265
work_12915,work_14945,Undirected,MS_Canon_Ital_265
work_1292,work_11996,Undirected,MS_Bodl_978
work_1292,work_10470,Undirected,MS_Bodl_771
work_12921,work_11583,Undirected,MS_Barocci_220
work_12921,work_11719,Undirected,MS_Barocci_220
work_12921,work_3254,Undirected,MS_Barocci_220
work_12921,work_1622,Undirected,MS_Barocci_220
work_1293,work_3495,Undirected,Trinity_College_MS_2
work_1293,work_4560,Undirected,MS_Lat_th_e_37
work_1293,work_15431,Undirected,MS_Lat_th_e_37
work_1293,work_15266,Undirected,MS_Lat_th_e_37
work_1293,work_5042,Undirected,MS_Lat_th_e_37
work_1293,work_15205,Undirected,MS_Lat_th_e_37
work_1294,work_2512,Undirected,MS_Savile_52
work_1294,work_16371,Undirected,MS_Holkham_Gr_102
work_1294,work_4734,Undirected,MS_Savile_52
work_12948,work_10182,Undirected,Exeter_College_MS_35-partE
work_12948,work_7385,Undirected,Exeter_College_MS_35-partE
work_12951,work_14670,Undirected,MS_Lat_misc_e_79
work_12951,work_5012,Undirected,MS_Lat_misc_e_79
work_12951,work_13084,Undirected,MS_Lat_misc_e_79
work_12951,work_13084,Undirected,MS_Lat_misc_e_79
work_12951,work_3113,Undirected,MS_Lat_misc_e_79
work_12951,work_5013,Undirected,MS_Lat_misc_e_79
work_12951,work_5067,Undirected,MS_Lat_misc_e_79
work_12951,work_3466,Undirected,MS_Lat_misc_e_79
work_12951,work_15364,Undirected,MS_Lat_misc_e_79
work_12951,work_13084,Undirected,MS_Lat_misc_e_79
work_12951,work_13084,Undirected,MS_Lat_misc_e_79
work_12951,work_13084,Undirected,MS_Lat_misc_e_79
work_1296,work_3566,Undirected,MS_Canon_Misc_399
work_1296,work_1297,Undirected,MS_Canon_Misc_399
work_1296,work_2188,Undirected,MS_Canon_Misc_399
work_1298,work_1217,Undirected,MS_Canon_Class_Lat_305
work_12981,work_14338,Undirected,MS_Rawl_C_18
work_1299,work_13746,Undirected,MS_Laud_Misc_472
work_1299,work_797,Undirected,MS_Laud_Misc_472
work_1299,work_16441,Undirected,MS_Bodl_408
work_1299,work_14992,Undirected,MS_Bodl_408
work_1299,work_11846,Undirected,MS_Bodl_408
work_1299,work_14583,Undirected,MS_Bodl_408
work_1299,work_1299,Undirected,MS_Bodl_408
work_1299,work_1299,Undirected,MS_Bodl_408
work_1299,work_14583,Undirected,MS_Bodl_408
work_1300,work_2192,Undirected,MS_Laud_Misc_375-partC
work_1300,work_2116,Undirected,MS_Laud_Misc_375-partC
work_13000,work_13007,Undirected,MS_Rawl_B_359
work_1301,work_1899,Undirected,MS_Laud_Misc_238
work_1301,work_12844,Undirected,MS_Laud_Misc_238
work_1301,work_1660,Undirected,MS_Laud_Misc_238
work_1301,work_16252,Undirected,MS_Laud_Misc_238
work_1301,work_16251,Undirected,MS_Laud_Misc_238
work_1301,work_13320,Undirected,MS_Laud_Misc_238
work_13018,work_1687,Undirected,MS_Douce_363
work_1302,work_6643,Undirected,MS_Broxb_895
work_13022,work_2078,Undirected,MS_Gr_class_f_43_P
work_13052,work_2896,Undirected,MS_Add_A_166
work_13052,work_1388,Undirected,MS_Add_A_166
work_13052,work_10353,Undirected,MS_Add_A_166
work_13054,work_1087,Undirected,MS_Dutch_e_2
work_13056,work_14578,Undirected,MS_Canon_Gr_128
work_13056,work_10393,Undirected,MS_Canon_Gr_128
work_13058,work_15305,Undirected,MS_Canon_Ital_209
work_13058,work_11736,Undirected,MS_Canon_Ital_204
work_13058,work_4484,Undirected,MS_Canon_Ital_204
work_1306,work_13420,Undirected,MS_Laud_Misc_377
work_1306,work_1304,Undirected,MS_Laud_Misc_377
work_1306,work_1303,Undirected,MS_Laud_Misc_377
work_1306,work_1305,Undirected,MS_Laud_Misc_377
work_1306,work_15145,Undirected,MS_Laud_Misc_377
work_13060,work_4630,Undirected,MS_Bodl_354
work_13060,work_6205,Undirected,MS_Bodl_354
work_13060,work_4630,Undirected,MS_Bodl_354
work_13060,work_6773,Undirected,MS_Bodl_354
work_13060,work_15308,Undirected,MS_Laud_Misc_378
work_13060,work_6210,Undirected,MS_Bodl_354
work_13060,work_4631,Undirected,MS_Bodl_354
work_13060,work_6210,Undirected,MS_Bodl_354
work_13060,work_4632,Undirected,MS_Bodl_354
work_13060,work_6812,Undirected,MS_Bodl_354
work_13060,work_6813,Undirected,MS_Bodl_354
work_13060,work_6358,Undirected,MS_Bodl_354
work_13060,work_3447,Undirected,MS_Bodl_354
work_13060,work_15308,Undirected,MS_Laud_Misc_378
work_13060,work_6210,Undirected,MS_Bodl_354
work_13060,work_6811,Undirected,MS_Bodl_354
work_13060,work_6756,Undirected,MS_Bodl_285
work_13060,work_4632,Undirected,MS_Bodl_285
work_13060,work_4631,Undirected,MS_Bodl_285
work_13060,work_1801,Undirected,MS_Digby_112-part2
work_13060,work_1800,Undirected,MS_Digby_112-part2
work_13060,work_13886,Undirected,MS_Digby_112-part2
work_13060,work_1863,Undirected,MS_Lyell_empt_5
work_13060,work_11760,Undirected,MS_Lyell_empt_5
work_13060,work_13322,Undirected,MS_Lyell_empt_5
work_13060,work_824,Undirected,MS_Canon_Misc_523
work_13060,work_2973,Undirected,MS_Bodl_285
work_13060,work_15308,Undirected,MS_Canon_Misc_523
work_13060,work_3740,Undirected,MS_Canon_Misc_523
work_13060,work_13884,Undirected,MS_Canon_Misc_523
work_13060,work_15484,Undirected,MS_Canon_Misc_395
work_13060,work_2633,Undirected,MS_Canon_Misc_395
work_13060,work_14302,Undirected,MS_Canon_Misc_395
work_13060,work_14309,Undirected,MS_Canon_Misc_395
work_13060,work_4630,Undirected,MS_Bodl_285
work_13060,work_293,Undirected,MS_Bodl_285
work_13060,work_2191,Undirected,MS_Laud_Misc_378
work_13060,work_13960,Undirected,MS_Canon_Misc_523
work_13060,work_3407,Undirected,MS_Bodl_285
work_13060,work_12883,Undirected,MS_Fell_2-part3
work_13060,work_15027,Undirected,MS_Laud_Misc_378
work_13060,work_1040,Undirected,MS_Laud_Misc_378
work_13060,work_16902,Undirected,MS_Laud_Misc_44-part4
work_13060,work_2330,Undirected,MS_Laud_Misc_44-part4
work_13067,work_6134,Undirected,MS_Bodl_585-part1
work_13067,work_2785,Undirected,MS_Bodl_585-part1
work_13068,work_13947,Undirected,MS_Canon_Ital_189
work_1307,work_1150,Undirected,MS_Hamilton_23
work_1307,work_16340,Undirected,MS_Hamilton_23
work_1307,work_4985,Undirected,MS_Hamilton_23
work_1307,work_1075,Undirected,MS_Hamilton_23
work_1307,work_698,Undirected,MS_Hamilton_23
work_1307,work_990,Undirected,MS_Hamilton_23
work_1307,work_2791,Undirected,MS_Hamilton_23
work_1307,work_16341,Undirected,MS_Hamilton_23
work_1307,work_16411,Undirected,MS_Hamilton_23
work_1307,work_16343,Undirected,MS_Hamilton_23
work_1307,work_14872,Undirected,MS_Hamilton_23
work_1307,work_16339,Undirected,MS_Hamilton_23
work_1307,work_1769,Undirected,MS_Hamilton_23
work_13071,work_2675,Undirected,MS_Lat_th_e_3
work_13071,work_2352,Undirected,MS_Lat_th_e_3
work_13071,work_1911,Undirected,MS_Lat_th_e_3
work_1308,work_2494,Undirected,MS_Hamilton_33-part2
work_1308,work_1588,Undirected,MS_Hamilton_33-part2
work_13084,work_12151,Undirected,MS_Auct_F_5_23-part6
work_13084,work_12151,Undirected,MS_Auct_F_5_23-part5
work_13084,work_13084,Undirected,MS_Auct_F_5_23-part5
work_13084,work_13084,Undirected,St_Johns_College_MS_80
work_13084,work_12151,Undirected,MS_Hamilton_29_pastedown
work_13084,work_12151,Undirected,MS_Auct_F_5_23-part6
work_13084,work_11160,Undirected,St_Johns_College_MS_80
work_13084,work_11036,Undirected,St_Johns_College_MS_80
work_13084,work_11149,Undirected,St_Johns_College_MS_80
work_13084,work_11149,Undirected,MS_Lat_misc_b_22-part12
work_13085,work_4251,Undirected,MS_Digby_24-part2
work_13085,work_13084,Undirected,MS_Digby_24-part2
work_13085,work_4942,Undirected,MS_Digby_24-part2
work_13085,work_12151,Undirected,MS_Digby_24-part2
work_1309,work_2334,Undirected,MS_Hamilton_15
work_1309,work_6241,Undirected,MS_Hamilton_15
work_1309,work_15091,Undirected,MS_Hamilton_15
work_1309,work_6170,Undirected,MS_Hamilton_15
work_1309,work_6242,Undirected,MS_Hamilton_15
work_1309,work_6170,Undirected,MS_Hamilton_15
work_1309,work_2334,Undirected,MS_Hamilton_15
work_13090,work_2385,Undirected,MS_Douce_99
work_13090,work_12532,Undirected,MS_Douce_99
work_13090,work_2082,Undirected,MS_Douce_99
work_13102,work_4299,Undirected,MS_Digby_154-part2
work_13102,work_12598,Undirected,MS_Digby_154-part2
work_13102,work_11469,Undirected,MS_Digby_154-part2
work_13102,work_15453,Undirected,MS_Digby_154-part2
work_13102,work_4789,Undirected,MS_Digby_154-part2
work_13102,work_12755,Undirected,MS_Digby_154-part2
work_13111,work_13688,Undirected,MS_Canon_Liturg_347
work_13116,work_5019,Undirected,MS_Rawl_A_380
work_13119,work_14853,Undirected,MS_Add_B_17
work_13132,work_16419,Undirected,MS_Lyell_57
work_13132,work_16420,Undirected,MS_Lyell_57
work_13132,work_4241,Undirected,MS_Lyell_57
work_13132,work_3434,Undirected,MS_Lyell_57
work_13132,work_2108,Undirected,MS_Lyell_57
work_13132,work_15101,Undirected,MS_Lyell_57
work_13137,work_7126,Undirected,MS_Laud_Misc_425
work_13137,work_7129,Undirected,MS_Laud_Misc_425
work_13137,work_10687,Undirected,MS_Laud_Misc_425
work_13137,work_7128,Undirected,MS_Laud_Misc_425
work_13137,work_7127,Undirected,MS_Laud_Misc_425
work_13140,work_4890,Undirected,MS_Rawl_D_1225
work_13144,work_15521,Undirected,MS_Digby_133-part6
work_13144,work_12459,Undirected,MS_Digby_133-part6
work_13156,work_4545,Undirected,MS_Digby_98-part3
work_13156,work_2753,Undirected,MS_Digby_98-part3
work_13156,work_1481,Undirected,MS_Digby_98-part3
work_13158,work_14973,Undirected,MS_Rawl_C_100-part4
work_1316,work_1469,Undirected,MS_Canon_Gr_23
work_13172,work_14325,Undirected,MS_Ashmole_1393-part5
work_13178,work_3994,Undirected,MS_Ashmole_1462
work_13178,work_4522,Undirected,MS_Ashmole_1462
work_13178,work_3846,Undirected,MS_Ashmole_1462
work_13178,work_599,Undirected,MS_Ashmole_1462
work_13182,work_10873,Undirected,MS_Ashmole_1378
work_13184,work_13502,Undirected,MS_Ashmole_1444-part4
work_13187,work_15048,Undirected,MS_Rawl_C_506
work_13187,work_15054,Undirected,MS_Rawl_C_506
work_13187,work_15019,Undirected,MS_Rawl_C_506
work_13191,work_2616,Undirected,MS_Ashmole_1437-part1
work_13203,work_12980,Undirected,MS_e_Mus_146-part1
work_13203,work_5578,Undirected,MS_Wood_empt_18
work_13203,work_10599,Undirected,MS_Wood_empt_18
work_13203,work_13198,Undirected,MS_e_Mus_146-part1
work_13203,work_13203,Undirected,MS_Wood_empt_18
work_13203,work_11760,Undirected,MS_Bodl_648-part2
work_13203,work_14344,Undirected,MS_Add_A_106
work_13203,work_12203,Undirected,MS_Bodl_483
work_13203,work_16314,Undirected,MS_Bodl_483
work_13203,work_16315,Undirected,MS_Bodl_483
work_13203,work_10872,Undirected,MS_Radcliffe_Trust_e_4
work_13203,work_12569,Undirected,MS_Ashmole_1432-part8
work_13203,work_10414,Undirected,MS_Ashmole_1443
work_13203,work_15159,Undirected,MS_Bodl_483
work_13203,work_13221,Undirected,MS_Ashmole_1443
work_13203,work_2810,Undirected,MS_Ashmole_1443
work_13203,work_15180,Undirected,MS_Ashmole_1443
work_13203,work_13875,Undirected,MS_Ashmole_1481-part7
work_13203,work_12204,Undirected,MS_Ashmole_1443
work_13205,work_15194,Undirected,MS_Digby_29
work_13205,work_10873,Undirected,MS_Rawl_C_815
work_13205,work_12215,Undirected,MS_Digby_29
work_13205,work_12215,Undirected,MS_Digby_29
work_13205,work_599,Undirected,MS_Digby_29
work_13205,work_12211,Undirected,MS_Digby_29
work_13205,work_12151,Undirected,MS_Digby_29
work_13205,work_191,Undirected,MS_Digby_29
work_13205,work_2742,Undirected,MS_Digby_29
work_13205,work_14992,Undirected,MS_Digby_29
work_13205,work_13209,Undirected,MS_Digby_29
work_13205,work_13221,Undirected,MS_Bodl_178-part1
work_13205,work_15194,Undirected,MS_Digby_29
work_13205,work_14241,Undirected,MS_Douce_45-part3
work_13205,work_10344,Undirected,MS_Ashmole_1389-part1
work_13205,work_15055,Undirected,MS_Ashmole_1432-part1
work_13205,work_13205,Undirected,MS_Digby_29
work_13205,work_10409,Undirected,MS_Digby_29
work_13205,work_13235,Undirected,MS_Digby_29
work_13205,work_7387,Undirected,MS_Digby_29
work_13205,work_6684,Undirected,MS_Digby_29
work_13205,work_16285,Undirected,MS_Digby_29
work_13205,work_2842,Undirected,MS_Digby_29
work_13205,work_14255,Undirected,MS_Digby_29
work_13205,work_12215,Undirected,MS_Digby_29
work_13205,work_15160,Undirected,MS_Digby_29
work_13205,work_2810,Undirected,MS_Digby_29
work_13205,work_10409,Undirected,MS_Digby_29
work_13205,work_15194,Undirected,MS_Digby_29
work_13205,work_10409,Undirected,MS_Digby_29
work_13205,work_10409,Undirected,MS_Digby_29
work_13205,work_15391,Undirected,MS_Digby_29
work_13205,work_14955,Undirected,MS_Digby_29
work_13205,work_10205,Undirected,MS_Digby_29
work_13205,work_15193,Undirected,MS_Digby_29
work_13205,work_1751,Undirected,MS_Digby_29
work_13205,work_4016,Undirected,MS_Digby_29
work_13206,work_10874,Undirected,MS_Rawl_C_814
work_13206,work_13231,Undirected,MS_Rawl_C_814
work_13206,work_3589,Undirected,MS_Rawl_C_814
work_13206,work_2851,Undirected,MS_Rawl_C_814
work_13206,work_10276,Undirected,MS_Douce_45-part1
work_13209,work_11955,Undirected,MS_Digby_41-part1
work_13209,work_12435,Undirected,MS_Digby_41-part1
work_13212,work_4029,Undirected,MS_Digby_69-part2
work_13212,work_12215,Undirected,MS_Digby_69-part2
work_13212,work_599,Undirected,MS_Digby_69-part2
work_13212,work_3846,Undirected,MS_Digby_69-part2
work_13212,work_191,Undirected,MS_Digby_69-part2
work_13212,work_11501,Undirected,MS_Digby_69-part2
work_13220,work_2722,Undirected,MS_Add_B_60
work_13220,work_14369,Undirected,MS_Ashmole_1398-part2
work_13220,work_191,Undirected,MS_Ashmole_1398-part2
work_13220,work_14021,Undirected,MS_Ashmole_1477
work_13220,work_13176,Undirected,MS_Ashmole_1477
work_13221,work_10277,Undirected,MS_Digby_Rolls_3
work_13221,work_12206,Undirected,MS_Rawl_C_81-part1
work_13221,work_14235,Undirected,MS_Bodl_591
work_13221,work_10149,Undirected,MS_Ashmole_1447-part9
work_13221,work_13232,Undirected,MS_Ashmole_1447-part9
work_13221,work_15193,Undirected,MS_Bodl_591
work_13221,work_15066,Undirected,MS_Bodl_591
work_13221,work_15053,Undirected,MS_Bodl_591
work_13221,work_348,Undirected,MS_Bodl_591
work_13221,work_15048,Undirected,MS_Bodl_591
work_13221,work_4333,Undirected,MS_Digby_Rolls_3
work_13221,work_189,Undirected,MS_Rawl_C_81-part1
work_13221,work_16516,Undirected,MS_Bodl_591
work_13221,work_4334,Undirected,MS_Digby_Rolls_3
work_13226,work_3518,Undirected,MS_Canon_Ital_173
work_13227,work_10205,Undirected,MS_Canon_Ital_284
work_13227,work_13232,Undirected,MS_Canon_Ital_284
work_13227,work_13227,Undirected,MS_Canon_Ital_284
work_13232,work_13209,Undirected,MS_Rawl_C_328
work_13232,work_2590,Undirected,MS_Bodl_177-part3
work_13232,work_14987,Undirected,MS_Bodl_177-part3
work_13232,work_10409,Undirected,MS_Digby_123
work_13232,work_2810,Undirected,MS_Digby_123
work_13232,work_12210,Undirected,MS_Greaves_56
work_13232,work_13205,Undirected,MS_Greaves_56
work_13232,work_4522,Undirected,MS_Rawl_C_328
work_13232,work_12210,Undirected,MS_Rawl_C_328
work_13232,work_359,Undirected,MS_Rawl_C_328
work_13232,work_13728,Undirected,MS_Laud_Lat_25-part1
work_13232,work_186,Undirected,MS_Rawl_C_543-part4
work_13232,work_10409,Undirected,MS_Bodl_177-part3
work_13232,work_10154,Undirected,MS_Ashmole_1467
work_13232,work_4110,Undirected,MS_Ashmole_1467
work_13232,work_2685,Undirected,MS_Ashmole_1467
work_13232,work_2687,Undirected,MS_Ashmole_1467
work_13232,work_2454,Undirected,MS_Canon_Misc_236
work_13232,work_13209,Undirected,MS_Canon_Misc_366-part2
work_13232,work_10617,Undirected,MS_Canon_Misc_366-part4
work_13232,work_13209,Undirected,MS_Canon_Misc_488
work_13232,work_2069,Undirected,MS_Canon_Misc_488
work_13232,work_1746,Undirected,MS_Rawl_C_543-part4
work_13232,work_14987,Undirected,MS_Bodl_177-part3
work_13232,work_11447,Undirected,MS_Digby_79
work_13232,work_878,Undirected,MS_Laud_Misc_682
work_13232,work_16032,Undirected,MS_Laud_Lat_25-part1
work_13232,work_1876,Undirected,MS_Laud_Lat_25-part1
work_13232,work_12203,Undirected,MS_Bodl_536
work_13232,work_1934,Undirected,MS_Laud_Misc_617
work_13232,work_1019,Undirected,MS_Laud_Misc_617
work_13232,work_6658,Undirected,MS_Laud_Misc_617
work_13232,work_859,Undirected,MS_Laud_Misc_617
work_13232,work_3605,Undirected,MS_Laud_Misc_617
work_13232,work_3589,Undirected,MS_Laud_Misc_617
work_13232,work_1594,Undirected,MS_Laud_Misc_617
work_13232,work_4341,Undirected,MS_Bodl_567-part5
work_13232,work_14583,Undirected,MS_Laud_Lat_25-part1
work_13232,work_13209,Undirected,MS_Bodl_682-part4
work_13232,work_16311,Undirected,Exeter_College_MS_35-partI
work_13232,work_7394,Undirected,Exeter_College_MS_35-partI
work_13232,work_13232,Undirected,Exeter_College_MS_35-partI
work_13232,work_7404,Undirected,Exeter_College_MS_35-partI
work_13232,work_7393,Undirected,Exeter_College_MS_35-partI
work_13232,work_205,Undirected,MS_Digby_79
work_13232,work_13924,Undirected,MS_Digby_79
work_13232,work_10409,Undirected,MS_Hatton_112-part1
work_13232,work_2225,Undirected,MS_Canon_Misc_488
work_13232,work_12105,Undirected,MS_Laud_Lat_25-part1
work_13232,work_13209,Undirected,MS_Rawl_D_251-part2
work_13232,work_15420,Undirected,MS_Laud_Lat_25-part1
work_13232,work_10409,Undirected,MS_Ashmole_361-part1
work_13232,work_10154,Undirected,MS_Ashmole_1485-part2
work_13233,work_10346,Undirected,MS_Ashmole_346
work_13233,work_15085,Undirected,MS_Ashmole_346
work_13235,work_14186,Undirected,MS_Ashmole_1438
work_13235,work_12214,Undirected,MS_Ashmole_1438
work_1324,work_1324,Undirected,St_Johns_College_MS_85-part1
work_13242,work_4303,Undirected,MS_Rawl_A_395
work_13242,work_2857,Undirected,MS_Rawl_A_395
work_13242,work_2846,Undirected,MS_Rawl_A_395
work_13245,work_12205,Undirected,MS_Ashmole_1447-part5
work_13247,work_5685,Undirected,MS_Add_C_13
work_13247,work_13204,Undirected,MS_Add_C_13
work_13248,work_12791,Undirected,MS_Ashmole_1444-part3
work_13248,work_3617,Undirected,MS_Ashmole_1397
work_13248,work_11410,Undirected,MS_Ashmole_1444-part3
work_13248,work_191,Undirected,MS_Ashmole_1397
work_1325,work_1322,Undirected,MS_Laud_Misc_567
work_1325,work_1320,Undirected,MS_Laud_Misc_567
work_1325,work_3980,Undirected,MS_Laud_Misc_567
work_1325,work_1791,Undirected,Merton_College_MS_232
work_1325,work_12040,Undirected,MS_Laud_Misc_567
work_13251,work_694,Undirected,MS_Ashmole_1391
work_13257,work_15016,Undirected,MS_Wood_empt_15
work_13257,work_11545,Undirected,MS_Wood_empt_15
work_13268,work_1146,Undirected,MS_Add_B_6
work_13269,work_13829,Undirected,MS_Canon_Ital_222
work_1327,work_14979,Undirected,MS_Laud_Misc_722-part1
work_1327,work_6772,Undirected,MS_Bodl_793-part1
work_1327,work_10957,Undirected,MS_Laud_Misc_722-part1
work_1327,work_6771,Undirected,MS_Bodl_793-part1
work_1327,work_10448,Undirected,MS_Laud_Misc_722-part1
work_1327,work_12842,Undirected,MS_Laud_Misc_722-part1
work_1327,work_15072,Undirected,MS_Laud_Misc_722-part1
work_1327,work_15063,Undirected,MS_Laud_Misc_722-part1
work_13270,work_417,Undirected,MS_Rawl_C_101
work_13270,work_12133,Undirected,MS_Rawl_C_101
work_13270,work_15169,Undirected,MS_Rawl_C_101
work_1328,work_29,Undirected,MS_Barocci_25-part2
work_1328,work_46,Undirected,MS_Barocci_25-part2
work_1328,work_38,Undirected,MS_Barocci_25-part2
work_1328,work_143,Undirected,MS_Barocci_25-part2
work_1328,work_3198,Undirected,MS_Barocci_25-part2
work_13288,work_939,Undirected,MS_Barocci_192-part1
work_13288,work_5847,Undirected,MS_Barocci_192-part1
work_13288,work_1828,Undirected,MS_Barocci_192-part1
work_13288,work_1827,Undirected,MS_Barocci_192-part1
work_13288,work_716,Undirected,MS_Barocci_192-part1
work_13288,work_1464,Undirected,MS_Barocci_192-part1
work_13288,work_13291,Undirected,MS_Barocci_192-part1
work_13288,work_1824,Undirected,MS_Barocci_192-part1
work_13288,work_2217,Undirected,MS_Barocci_192-part1
work_13288,work_5150,Undirected,MS_Barocci_192-part1
work_13292,work_4643,Undirected,MS_Barocci_183
work_13292,work_4645,Undirected,MS_Barocci_183
work_13292,work_725,Undirected,MS_Barocci_183
work_13292,work_5128,Undirected,MS_Barocci_183
work_13292,work_5127,Undirected,MS_Barocci_183
work_13292,work_1824,Undirected,MS_Barocci_183
work_13292,work_4642,Undirected,MS_Barocci_183
work_13292,work_494,Undirected,MS_Barocci_183
work_13292,work_4641,Undirected,MS_Barocci_183
work_13292,work_4702,Undirected,MS_Barocci_183
work_13292,work_4638,Undirected,MS_Barocci_183
work_13292,work_5130,Undirected,MS_Barocci_183
work_13292,work_4720,Undirected,MS_Barocci_183
work_13292,work_4639,Undirected,MS_Barocci_183
work_13292,work_3355,Undirected,MS_Barocci_183
work_13292,work_4644,Undirected,MS_Barocci_183
work_13292,work_5129,Undirected,MS_Barocci_183
work_13294,work_16143,Undirected,MS_Holkham_Gr_16
work_13294,work_16142,Undirected,MS_Holkham_Gr_16
work_13294,work_16141,Undirected,MS_Holkham_Gr_16
work_13294,work_5660,Undirected,MS_Holkham_Gr_16
work_13294,work_16140,Undirected,MS_Holkham_Gr_16
work_13294,work_16139,Undirected,MS_Holkham_Gr_16
work_13294,work_16138,Undirected,MS_Holkham_Gr_16
work_13294,work_16137,Undirected,MS_Holkham_Gr_16
work_13294,work_16133,Undirected,MS_Holkham_Gr_16
work_13294,work_5849,Undirected,MS_Holkham_Gr_16
work_13294,work_16136,Undirected,MS_Holkham_Gr_16
work_13294,work_15432,Undirected,MS_Holkham_Gr_16
work_13294,work_16135,Undirected,MS_Holkham_Gr_16
work_13294,work_16134,Undirected,MS_Holkham_Gr_16
work_13294,work_16144,Undirected,MS_Holkham_Gr_16
work_13294,work_16132,Undirected,MS_Holkham_Gr_16
work_13294,work_16131,Undirected,MS_Holkham_Gr_16
work_13294,work_16130,Undirected,MS_Holkham_Gr_16
work_13294,work_16129,Undirected,MS_Holkham_Gr_16
work_13294,work_16128,Undirected,MS_Holkham_Gr_16
work_13294,work_16127,Undirected,MS_Holkham_Gr_16
work_13294,work_1725,Undirected,MS_Holkham_Gr_16
work_13294,work_16145,Undirected,MS_Holkham_Gr_16
work_13294,work_16020,Undirected,MS_Holkham_Gr_17
work_13294,work_5662,Undirected,MS_Holkham_Gr_16
work_13294,work_16137,Undirected,MS_Holkham_Gr_17
work_13294,work_16147,Undirected,MS_Holkham_Gr_17
work_13294,work_16146,Undirected,MS_Holkham_Gr_17
work_13294,work_16149,Undirected,MS_Holkham_Gr_17
work_13294,work_16138,Undirected,MS_Holkham_Gr_17
work_13294,work_16145,Undirected,MS_Holkham_Gr_17
work_13294,work_16151,Undirected,MS_Holkham_Gr_17
work_13294,work_16143,Undirected,MS_Holkham_Gr_17
work_13294,work_5661,Undirected,MS_Holkham_Gr_16
work_13294,work_16144,Undirected,MS_Holkham_Gr_17
work_13294,work_16142,Undirected,MS_Holkham_Gr_17
work_13294,work_16141,Undirected,MS_Holkham_Gr_17
work_13294,work_16148,Undirected,MS_Holkham_Gr_17
work_13294,work_16150,Undirected,MS_Holkham_Gr_17
work_13294,work_16146,Undirected,MS_Holkham_Gr_16
work_13294,work_16149,Undirected,MS_Holkham_Gr_16
work_13294,work_16148,Undirected,MS_Holkham_Gr_16
work_13294,work_16147,Undirected,MS_Holkham_Gr_16
work_13294,work_16146,Undirected,MS_Holkham_Gr_16
work_13296,work_16124,Undirected,MS_Holkham_Gr_15
work_13296,work_16122,Undirected,MS_Holkham_Gr_15
work_13296,work_16123,Undirected,MS_Holkham_Gr_15
work_13296,work_16125,Undirected,MS_Holkham_Gr_15
work_13296,work_16120,Undirected,MS_Holkham_Gr_15
work_13296,work_16121,Undirected,MS_Holkham_Gr_15
work_13296,work_16110,Undirected,MS_Holkham_Gr_15
work_13296,work_16086,Undirected,MS_Holkham_Gr_15
work_13296,work_16105,Undirected,MS_Holkham_Gr_15
work_13296,work_16106,Undirected,MS_Holkham_Gr_15
work_13296,work_16107,Undirected,MS_Holkham_Gr_15
work_13296,work_16108,Undirected,MS_Holkham_Gr_15
work_13296,work_16109,Undirected,MS_Holkham_Gr_15
work_13296,work_16111,Undirected,MS_Holkham_Gr_15
work_13296,work_16104,Undirected,MS_Holkham_Gr_15
work_13296,work_16112,Undirected,MS_Holkham_Gr_15
work_13296,work_16114,Undirected,MS_Holkham_Gr_15
work_13296,work_5911,Undirected,MS_Holkham_Gr_15
work_13296,work_16115,Undirected,MS_Holkham_Gr_15
work_13296,work_16116,Undirected,MS_Holkham_Gr_15
work_13296,work_16117,Undirected,MS_Holkham_Gr_15
work_13296,work_16118,Undirected,MS_Holkham_Gr_15
work_13296,work_16119,Undirected,MS_Holkham_Gr_15
work_13296,work_5910,Undirected,MS_Holkham_Gr_15
work_13296,work_16113,Undirected,MS_Holkham_Gr_15
work_13296,work_12906,Undirected,MS_Holkham_Gr_15
work_13297,work_16152,Undirected,MS_Holkham_Gr_18
work_13297,work_16181,Undirected,MS_Holkham_Gr_18
work_13297,work_16153,Undirected,MS_Holkham_Gr_18
work_13297,work_16182,Undirected,MS_Holkham_Gr_18
work_13297,work_16154,Undirected,MS_Holkham_Gr_18
work_13297,work_16168,Undirected,MS_Holkham_Gr_18
work_13297,work_16156,Undirected,MS_Holkham_Gr_18
work_13297,work_16163,Undirected,MS_Holkham_Gr_18
work_13297,work_16178,Undirected,MS_Holkham_Gr_18
work_13297,work_16177,Undirected,MS_Holkham_Gr_18
work_13297,work_16176,Undirected,MS_Holkham_Gr_18
work_13297,work_16159,Undirected,MS_Holkham_Gr_18
work_13297,work_16171,Undirected,MS_Holkham_Gr_18
work_13297,work_16160,Undirected,MS_Holkham_Gr_18
work_13297,work_16183,Undirected,MS_Holkham_Gr_18
work_13297,work_16161,Undirected,MS_Holkham_Gr_18
work_13297,work_16169,Undirected,MS_Holkham_Gr_18
work_13297,work_16167,Undirected,MS_Holkham_Gr_18
work_13297,work_16155,Undirected,MS_Holkham_Gr_18
work_13297,work_16166,Undirected,MS_Holkham_Gr_18
work_13297,work_16165,Undirected,MS_Holkham_Gr_18
work_13297,work_5663,Undirected,MS_Holkham_Gr_18
work_13297,work_16164,Undirected,MS_Holkham_Gr_18
work_13297,work_16170,Undirected,MS_Holkham_Gr_18
work_13297,work_1828,Undirected,MS_Holkham_Gr_18
work_13297,work_16162,Undirected,MS_Holkham_Gr_18
work_13297,work_16180,Undirected,MS_Holkham_Gr_18
work_13297,work_16157,Undirected,MS_Holkham_Gr_18
work_13297,work_16158,Undirected,MS_Holkham_Gr_18
work_13297,work_16179,Undirected,MS_Holkham_Gr_18
work_13298,work_5668,Undirected,MS_Holkham_Gr_19
work_13298,work_5667,Undirected,MS_Holkham_Gr_19
work_13298,work_5669,Undirected,MS_Holkham_Gr_19
work_13298,work_4586,Undirected,MS_Holkham_Gr_19
work_13298,work_16037,Undirected,MS_Holkham_Gr_19
work_13298,work_16193,Undirected,MS_Holkham_Gr_19
work_13298,work_5666,Undirected,MS_Holkham_Gr_19
work_13298,work_16192,Undirected,MS_Holkham_Gr_19
work_13298,work_16191,Undirected,MS_Holkham_Gr_19
work_13298,work_16190,Undirected,MS_Holkham_Gr_19
work_13298,work_16189,Undirected,MS_Holkham_Gr_19
work_13298,work_16188,Undirected,MS_Holkham_Gr_19
work_13298,work_16187,Undirected,MS_Holkham_Gr_19
work_13298,work_16186,Undirected,MS_Holkham_Gr_19
work_13298,work_16185,Undirected,MS_Holkham_Gr_19
work_13312,work_15308,Undirected,MS_Auct_D_2_12
work_13322,work_14583,Undirected,MS_Laud_Misc_171
work_13322,work_15205,Undirected,MS_Laud_Misc_171
work_13322,work_820,Undirected,MS_Laud_Misc_171
work_13322,work_753,Undirected,MS_Laud_Misc_171
work_13322,work_11188,Undirected,MS_Laud_Misc_171
work_13322,work_260,Undirected,MS_Digby_39-part5
work_13322,work_5481,Undirected,MS_Laud_Misc_171
work_13322,work_14583,Undirected,MS_Laud_Misc_171
work_13322,work_17514,Undirected,MS_Laud_Misc_171
work_13322,work_11227,Undirected,MS_Laud_Misc_171
work_13322,work_11171,Undirected,MS_Laud_Misc_171
work_13322,work_1342,Undirected,MS_Laud_Misc_171
work_13322,work_14583,Undirected,MS_Laud_Misc_171
work_13322,work_5482,Undirected,MS_Laud_Misc_171
work_13322,work_5482,Undirected,MS_Laud_Misc_171
work_13322,work_4039,Undirected,MS_Laud_Misc_359
work_13322,work_14583,Undirected,MS_Laud_Misc_171
work_13322,work_12050,Undirected,MS_Laud_Misc_171
work_13322,work_5479,Undirected,MS_Laud_Misc_171
work_13323,work_14647,Undirected,MSS_Douce_336-7
work_13323,work_10249,Undirected,MSS_Douce_336-7
work_13326,work_10850,Undirected,MS_Holkham_misc_40
work_13326,work_12118,Undirected,MS_Holkham_misc_40
work_13330,work_4959,Undirected,MS_Rawl_A_356
work_13330,work_10875,Undirected,MS_Rawl_A_356
work_1335,work_12864,Undirected,MS_Auct_E_4_12
work_1335,work_65,Undirected,MS_Auct_E_4_12
work_1335,work_6648,Undirected,MS_Auct_E_4_12
work_1335,work_4676,Undirected,MS_Auct_E_4_12
work_1335,work_6647,Undirected,MS_Auct_E_4_12
work_1335,work_2980,Undirected,MS_Auct_E_4_12
work_1335,work_1,Undirected,MS_Auct_E_4_12
work_1335,work_119,Undirected,MS_Auct_E_4_12
work_1335,work_21,Undirected,MS_Auct_E_4_12
work_13353,work_6567,Undirected,MS_Lat_liturg_e_13
work_13353,work_6568,Undirected,MS_Lat_liturg_e_13
work_13355,work_13832,Undirected,MS_Lat_liturg_b_7-part36
work_13359,work_1948,Undirected,MS_Lat_liturg_e_44
work_13365,work_13060,Undirected,MS_Canon_Liturg_331
work_13365,work_14345,Undirected,MS_Canon_Liturg_331
work_13365,work_1421,Undirected,MS_Canon_Liturg_331
work_1339,work_7118,Undirected,MS_Laud_Misc_436
work_1339,work_16240,Undirected,MS_Laud_Misc_436
work_1339,work_7119,Undirected,MS_Laud_Misc_436
work_1339,work_2941,Undirected,MS_Laud_Misc_436
work_1339,work_6184,Undirected,MS_Laud_Misc_436
work_1339,work_6185,Undirected,MS_Laud_Misc_436
work_1339,work_3052,Undirected,MS_Laud_Misc_436
work_13396,work_11562,Undirected,MS_Canon_Class_Lat_72-part3
work_13396,work_4733,Undirected,MS_Canon_Class_Lat_72-part3
work_13405,work_14583,Undirected,MS_Hamilton_51-part1
work_13405,work_14583,Undirected,MS_Hamilton_51-part1
work_13405,work_14583,Undirected,MS_Hamilton_51-part1
work_13409,work_13884,Undirected,MS_Canon_Misc_295
work_13410,work_16397,Undirected,MS_Selden_Supra_74
work_13420,work_14424,Undirected,MS_Rawl_C_270
work_13420,work_2856,Undirected,MS_Bodl_515
work_13420,work_16394,Undirected,MS_Bodl_515
work_13420,work_1722,Undirected,MS_Rawl_C_270
work_13432,work_12601,Undirected,MS_Laud_Misc_237-part6
work_13433,work_10682,Undirected,MS_Ashmole_1352
work_13437,work_11705,Undirected,MS_Rawl_C_752
work_13437,work_12092,Undirected,MS_Rawl_C_752
work_1344,work_12852,Undirected,MS_Laud_Misc_451
work_13443,work_14044,Undirected,MS_E_D_Clarke_19
work_13443,work_16033,Undirected,MS_Canon_Bibl_Lat_14
work_13443,work_2169,Undirected,MS_Canon_Bibl_Lat_14
work_13443,work_4128,Undirected,MS_Canon_Bibl_Lat_2
work_13443,work_10687,Undirected,MS_Auct_D_5_4
work_13443,work_3885,Undirected,MS_Laud_Lat_24
work_13444,work_15523,Undirected,MS_Lat_bib_e_5
work_13452,work_14847,Undirected,MS_Ashmole_1517
work_13458,work_10746,Undirected,MS_Barocci_205
work_13458,work_12571,Undirected,MS_Barocci_205
work_13458,work_148,Undirected,MS_Barocci_25-part5
work_13458,work_3591,Undirected,MS_Barocci_25-part5
work_13458,work_1487,Undirected,MS_Barocci_25-part5
work_13458,work_3255,Undirected,MS_Barocci_25-part5
work_1346,work_1345,Undirected,MS_Digby_30
work_1346,work_5048,Undirected,MS_Digby_30
work_13497,work_4890,Undirected,MS_Lat_liturg_e_43
work_13501,work_1430,Undirected,MS_Barocci_11-part1
work_1351,work_1845,Undirected,MS_Auct_F_4_14
work_1351,work_11559,Undirected,MS_Auct_F_4_14
work_1351,work_13679,Undirected,MS_Auct_F_4_14
work_1351,work_16204,Undirected,MS_Auct_F_4_14
work_1351,work_12773,Undirected,MS_Auct_F_4_14
work_1351,work_15229,Undirected,MS_Barocci_95
work_1351,work_12778,Undirected,MS_Gr_class_f_114
work_1351,work_2757,Undirected,MS_Gr_class_f_114
work_1351,work_4725,Undirected,MS_Gr_class_f_114
work_1351,work_12780,Undirected,MS_Gr_class_f_114
work_1351,work_12779,Undirected,MS_Gr_class_f_114
work_1351,work_12777,Undirected,MS_Gr_class_f_114
work_13528,work_14987,Undirected,MS_Douce_45-part4
work_13528,work_14943,Undirected,MS_Douce_45-part4
work_13533,work_13531,Undirected,MS_St_Amand_39
work_13533,work_13504,Undirected,MS_St_Amand_39
work_13533,work_13510,Undirected,MS_St_Amand_39
work_1355,work_1356,Undirected,MS_Fell_5
work_13554,work_4890,Undirected,MS_Rawl_B_328
work_13557,work_11240,Undirected,MS_Canon_Pat_Lat_175
work_13572,work_1161,Undirected,MS_Hamilton_7
work_13572,work_227,Undirected,MS_Hamilton_7
work_13572,work_7138,Undirected,MS_Hamilton_7
work_13576,work_11517,Undirected,MS_Lat_liturg_e_36
work_13576,work_13932,Undirected,MS_Lat_liturg_e_36
work_13576,work_14894,Undirected,MS_Lat_liturg_e_36
work_13576,work_12621,Undirected,MS_Lat_liturg_e_36
work_13576,work_13932,Undirected,MS_Lat_liturg_e_36
work_13576,work_11515,Undirected,MS_Lat_liturg_e_36
work_13576,work_13932,Undirected,MS_Lat_liturg_e_36
work_13576,work_12397,Undirected,MS_Lat_liturg_e_36
work_13576,work_10187,Undirected,MS_Lat_liturg_e_36
work_13576,work_11830,Undirected,MS_Lat_liturg_e_36
work_13576,work_13932,Undirected,MS_Lat_liturg_e_36
work_13576,work_10187,Undirected,MS_Lat_liturg_e_36
work_13576,work_13932,Undirected,MS_Lat_liturg_e_36
work_13576,work_12322,Undirected,MS_Lat_liturg_e_36
work_13576,work_14705,Undirected,MS_Lat_liturg_e_36
work_13576,work_13932,Undirected,MS_Lat_liturg_e_36
work_13576,work_12322,Undirected,MS_Lat_liturg_e_36
work_13576,work_13932,Undirected,MS_Lat_liturg_e_36
work_13587,work_3841,Undirected,MS_Laud_Misc_1831-2-part2
work_13587,work_11737,Undirected,MS_Laud_Misc_1831-2-part2
work_13603,work_13597,Undirected,MS_e_Mus_193
work_13610,work_11342,Undirected,MS_Auct_T_2_4
work_13610,work_10302,Undirected,MS_Auct_T_2_4
work_13611,work_2191,Undirected,MS_Rawl_A_363
work_13611,work_3495,Undirected,MS_Rawl_A_363
work_13611,work_16080,Undirected,MS_Rawl_A_363
work_13618,work_13460,Undirected,MS_Selden_Supra_52
work_1362,work_2467,Undirected,MS_Canon_Gr_113
work_1362,work_2466,Undirected,MS_Canon_Gr_113
work_13630,work_14583,Undirected,MS_Canon_Misc_55
work_1364,work_13881,Undirected,MS_Canon_Ital_99
work_1364,work_3741,Undirected,MS_Canon_Ital_99
work_1364,work_2997,Undirected,MS_Canon_Ital_99
work_1366,work_577,Undirected,MS_Canon_Ital_98
work_1366,work_6691,Undirected,MSS_Canon_Ital_105-7
work_1366,work_6692,Undirected,MS_DOrville_552
work_1367,work_6692,Undirected,MS_Canon_Ital_115
work_13675,work_13676,Undirected,MS_Holkham_misc_17
work_13675,work_450,Undirected,MS_Holkham_misc_17
work_13675,work_14981,Undirected,MS_Holkham_misc_17
work_13675,work_4729,Undirected,MS_Holkham_misc_17
work_13675,work_448,Undirected,MS_Holkham_misc_17
work_13675,work_1962,Undirected,MS_Holkham_misc_17
work_13675,work_15091,Undirected,MS_Holkham_misc_17
work_13675,work_14982,Undirected,MS_Holkham_misc_17
work_13675,work_4174,Undirected,MS_Holkham_misc_17
work_13675,work_4933,Undirected,MS_Holkham_misc_17
work_13675,work_449,Undirected,MS_Holkham_misc_17
work_13675,work_450,Undirected,MS_Holkham_misc_17
work_13675,work_11784,Undirected,MS_Holkham_misc_17
work_13675,work_10758,Undirected,MS_Holkham_misc_17
work_13675,work_4174,Undirected,MS_Holkham_misc_17
work_13675,work_11794,Undirected,MS_Holkham_misc_17
work_13675,work_381,Undirected,MS_Holkham_misc_17
work_13678,work_11461,Undirected,MS_Canon_Class_Lat_131-part2
work_13678,work_842,Undirected,MS_Canon_Class_Lat_131-part2
work_13679,work_13679,Undirected,MS_Barocci_10-part4
work_13679,work_5155,Undirected,MS_Barocci_10-part4
work_1368,work_1365,Undirected,MS_Canon_Ital_114
work_1368,work_1370,Undirected,MS_Canon_Ital_114
work_13681,work_14653,Undirected,MS_Eng_poet_d_208-part1
work_13681,work_10449,Undirected,MS_Eng_poet_d_208-part1
work_13684,work_14027,Undirected,MS_Arch_Selden_B_25-part5
work_13706,work_12522,Undirected,MS_Bodl_462-part1
work_1371,work_1677,Undirected,MS_Bodl_977
work_1371,work_4523,Undirected,MS_Canon_Class_Lat_158
work_13710,work_13321,Undirected,MS_Canon_Ital_275
work_13721,work_2345,Undirected,MS_Canon_Misc_536
work_13721,work_2469,Undirected,MS_Canon_Misc_536
work_13721,work_12334,Undirected,MS_Canon_Misc_536
work_13721,work_2345,Undirected,MS_Canon_Misc_536
work_13723,work_11787,Undirected,MS_Canon_Pat_Lat_62-part2
work_13730,work_13747,Undirected,MS_Canon_Pat_Lat_168
work_13730,work_5103,Undirected,MS_Laud_Misc_385
work_13735,work_15297,Undirected,MS_Auct_T_4_4
work_13737,work_2911,Undirected,MS_Canon_Pat_Lat_50
work_1374,work_1375,Undirected,MS_Laud_Misc_195
work_1374,work_1374,Undirected,MS_Laud_Misc_181-part1
work_1374,work_2357,Undirected,MS_Laud_Misc_181-part1
work_13744,work_10100,Undirected,MS_Marshall_48
work_13744,work_10228,Undirected,MS_Marshall_48
work_13744,work_14042,Undirected,MS_Marshall_48
work_13745,work_12829,Undirected,MS_Canon_Ital_63
work_13745,work_10738,Undirected,MS_Canon_Ital_63
work_13747,work_1165,Undirected,MS_Add_C_146
work_13749,work_3509,Undirected,MS_Lat_bib_b_1-part7
work_1375,work_14358,Undirected,MS_Canon_Misc_540
work_1375,work_1041,Undirected,MS_Canon_Misc_540
work_13752,work_11798,Undirected,MS_Laud_Lat_109
work_13752,work_12486,Undirected,MS_Laud_Lat_109
work_13752,work_13822,Undirected,MS_Laud_Lat_109
work_13752,work_12053,Undirected,MS_Laud_Lat_109
work_13752,work_4219,Undirected,MS_Laud_Lat_109
work_13752,work_14658,Undirected,MS_Laud_Lat_109
work_13759,work_4898,Undirected,MS_Douce_291
work_13759,work_12503,Undirected,MS_Douce_291
work_1376,work_15308,Undirected,MS_Bodl_797-part3
work_1376,work_15308,Undirected,MS_Canon_Pat_Lat_44
work_1376,work_1117,Undirected,MS_Bodl_797-part3
work_1376,work_3934,Undirected,MS_Canon_Pat_Lat_44
work_1376,work_2191,Undirected,MS_Canon_Pat_Lat_44
work_1376,work_821,Undirected,MS_Bodl_797-part3
work_1376,work_12840,Undirected,MS_Laud_Misc_372
work_1376,work_379,Undirected,MS_Rawl_C_330
work_1376,work_3921,Undirected,MS_Rawl_C_330
work_1376,work_3110,Undirected,MS_Rawl_C_330
work_1376,work_2268,Undirected,MS_Rawl_C_330
work_1376,work_4574,Undirected,MS_Rawl_C_330
work_1376,work_1290,Undirected,MS_Digby_20-part2
work_1376,work_1972,Undirected,MS_Hatton_26-part3
work_1376,work_5039,Undirected,MS_Digby_20-part2
work_1376,work_4286,Undirected,MS_Hatton_26-part3
work_1376,work_3944,Undirected,MS_Hatton_26-part3
work_1376,work_489,Undirected,MS_Digby_20-part2
work_1376,work_1862,Undirected,MS_Digby_20-part2
work_1376,work_5043,Undirected,MS_Digby_20-part2
work_1376,work_1446,Undirected,MS_Digby_20-part2
work_1376,work_12726,Undirected,MS_Digby_20-part2
work_1376,work_15242,Undirected,MS_Digby_20-part2
work_1376,work_12766,Undirected,MS_Digby_20-part2
work_1376,work_1447,Undirected,MS_Hatton_26-part3
work_13761,work_13762,Undirected,MS_Lat_misc_b_2_R
work_13768,work_13575,Undirected,MS_Lyell_24
work_13768,work_13974,Undirected,MS_Lat_liturg_f_32
work_13768,work_13932,Undirected,MS_Lat_liturg_f_32
work_13768,work_13932,Undirected,MS_Lat_liturg_f_32
work_13768,work_13932,Undirected,MS_Lat_liturg_f_32
work_13768,work_13932,Undirected,MS_Lat_liturg_f_32
work_13768,work_11516,Undirected,MS_Lat_liturg_f_32
work_13768,work_13932,Undirected,MS_Lat_liturg_f_32
work_13768,work_14078,Undirected,MS_Lat_liturg_f_32
work_13770,work_1444,Undirected,MS_Bodl_718
work_13770,work_14172,Undirected,MS_Bodl_718
work_13772,work_2878,Undirected,MS_Selden_Supra_4
work_13772,work_2657,Undirected,MS_Selden_Supra_4
work_13817,work_3006,Undirected,MS_Canon_Gr_41
work_13817,work_12150,Undirected,MS_Canon_Gr_41
work_13817,work_10407,Undirected,MS_Canon_Gr_41
work_13817,work_15303,Undirected,MS_Canon_Gr_41
work_13817,work_2980,Undirected,MS_Canon_Gr_41
work_13818,work_3141,Undirected,MS_Savile_18
work_13818,work_15018,Undirected,MS_Canon_Misc_218
work_13818,work_4427,Undirected,MS_Savile_18
work_13818,work_4433,Undirected,MS_Savile_18
work_13818,work_332,Undirected,MS_Digby_67-part7
work_13818,work_11041,Undirected,MS_Canon_Misc_218
work_13818,work_2691,Undirected,MS_Savile_18
work_13818,work_2763,Undirected,MS_Lat_misc_d_53
work_13818,work_1567,Undirected,MS_Lat_misc_d_53
work_13818,work_333,Undirected,MS_Digby_67-part7
work_13828,work_13534,Undirected,MS_Wood_empt_25
work_13828,work_14235,Undirected,MS_Wood_empt_25
work_13828,work_11504,Undirected,MS_Wood_empt_25
work_13828,work_12205,Undirected,MS_Wood_empt_25
work_1383,work_1939,Undirected,MS_Lat_th_e_29
work_1383,work_15427,Undirected,MS_Lat_th_e_29
work_13841,work_15320,Undirected,MS_Fr_c_4
work_13841,work_3515,Undirected,MS_Fr_c_4
work_13841,work_13601,Undirected,MS_Fr_c_4
work_13841,work_10070,Undirected,MS_Fr_c_4
work_13841,work_12591,Undirected,MS_Fr_c_4
work_13856,work_14353,Undirected,MS_Ashmole_41-part2
work_13856,work_10903,Undirected,MS_Ashmole_41-part2
work_13856,work_14353,Undirected,MS_Ashmole_41-part2
work_13856,work_16911,Undirected,MS_Ashmole_41-part2
work_1386,work_2186,Undirected,MS_Auct_T_1_18
work_1386,work_395,Undirected,MS_Auct_T_1_18
work_13865,work_15164,Undirected,MS_Digby_140-part1
work_13867,work_12527,Undirected,MS_Douce_210
work_13867,work_1446,Undirected,MS_Douce_210
work_13867,work_15407,Undirected,MS_Douce_210
work_13867,work_4411,Undirected,MS_Douce_210
work_13867,work_11439,Undirected,MS_Douce_210
work_13867,work_4567,Undirected,MS_Douce_210
work_13872,work_13886,Undirected,MS_Digby_4-part5
work_13874,work_12003,Undirected,MS_Douce_95
work_13874,work_3861,Undirected,MS_Douce_95
work_13874,work_11399,Undirected,MS_Douce_95
work_13874,work_14724,Undirected,MS_Douce_95
work_13875,work_13203,Undirected,MS_Douce_78
work_13875,work_14645,Undirected,MS_Douce_78
work_13875,work_14030,Undirected,MS_Rawl_C_813
work_13875,work_17508,Undirected,MS_Rawl_C_813
work_13875,work_14651,Undirected,MS_Rawl_poet_34-part2
work_13881,work_13546,Undirected,MS_Canon_Ital_36
work_13881,work_1366,Undirected,MS_Canon_Ital_111
work_13881,work_1807,Undirected,MS_Canon_Ital_111
work_13886,work_2144,Undirected,MS_Digby_104-part10
work_13886,work_807,Undirected,MS_Digby_104-part10
work_13886,work_3140,Undirected,MS_Digby_104-part10
work_13901,work_10375,Undirected,MS_Ashmole_191-part4
work_13903,work_14341,Undirected,MS_Ir_d_5
work_13903,work_13830,Undirected,MS_Ir_d_5
work_13905,work_13183,Undirected,MS_Eng_poet_b_4
work_13912,work_1438,Undirected,MS_Lat_liturg_e_19
work_13912,work_1438,Undirected,MS_Lat_liturg_e_19
work_13912,work_1438,Undirected,MS_Lat_liturg_e_19
work_13918,work_14353,Undirected,MS_Lyell_29
work_1392,work_554,Undirected,MS_Auct_T_2_8-part1
work_1392,work_3027,Undirected,MS_Auct_T_2_8-part1
work_13927,work_10098,Undirected,MS_E_D_Clarke_4
work_13927,work_10851,Undirected,MS_E_D_Clarke_4
work_13927,work_14703,Undirected,MS_E_D_Clarke_4
work_13930,work_13831,Undirected,St_Johns_College_MS_94
work_13930,work_11193,Undirected,St_Johns_College_MS_94
work_13930,work_11854,Undirected,St_Johns_College_MS_94
work_13930,work_7442,Undirected,St_Johns_College_MS_94
work_13930,work_4955,Undirected,St_Johns_College_MS_94
work_13932,work_973,Undirected,MS_Lat_liturg_d_43
work_13932,work_14306,Undirected,MS_Lat_liturg_d_43
work_13932,work_11475,Undirected,MS_Lat_liturg_d_43
work_13932,work_12282,Undirected,MS_Lat_liturg_d_43
work_13932,work_13420,Undirected,MS_Bodl_240
work_13932,work_14679,Undirected,MS_Bodl_240
work_13932,work_6061,Undirected,MS_Bodl_240
work_13932,work_397,Undirected,MS_Bodl_240
work_13932,work_15437,Undirected,MS_Bodl_240
work_13932,work_3450,Undirected,MS_Bodl_240
work_13932,work_6062,Undirected,MS_Bodl_240
work_13932,work_2858,Undirected,MS_Bodl_240
work_13932,work_11858,Undirected,MS_Lat_liturg_d_43
work_13932,work_11393,Undirected,MS_Lat_liturg_d_43
work_13932,work_15097,Undirected,MS_Bodl_240
work_13932,work_2198,Undirected,MS_Bodl_240
work_13932,work_13555,Undirected,MS_Lat_liturg_d_43
work_13932,work_2791,Undirected,MS_Bodl_240
work_13932,work_820,Undirected,MS_Bodl_240
work_13935,work_791,Undirected,MS_Canon_Liturg_217
work_1394,work_14173,Undirected,MS_Canon_Misc_226
work_1394,work_2581,Undirected,MS_Canon_Misc_226
work_1394,work_13232,Undirected,MS_Canon_Misc_293
work_1394,work_1395,Undirected,MS_Canon_Misc_293
work_13948,work_11519,Undirected,MS_Lat_liturg_e_17
work_13948,work_12378,Undirected,MS_Lat_liturg_e_17
work_13948,work_13596,Undirected,MS_Lat_liturg_e_17
work_13948,work_12985,Undirected,MS_Lat_liturg_e_17
work_13948,work_13264,Undirected,MS_Rawl_C_587
work_13948,work_11227,Undirected,MS_Lat_liturg_e_17
work_13948,work_13008,Undirected,MS_Lat_liturg_e_17
work_13948,work_13574,Undirected,MS_Lat_liturg_e_17
work_13948,work_15026,Undirected,MS_Rawl_C_587
work_13948,work_13474,Undirected,MS_Lat_liturg_e_17
work_13948,work_11103,Undirected,MS_Lat_liturg_e_17
work_13948,work_14802,Undirected,MS_Lat_liturg_e_17
work_13948,work_13766,Undirected,MS_Lat_liturg_e_17
work_13948,work_13933,Undirected,MS_Lat_liturg_e_17
work_13948,work_10220,Undirected,MS_Rawl_C_587
work_13950,work_954,Undirected,MS_Laud_Misc_216
work_13950,work_13730,Undirected,MS_Laud_Misc_216
work_13950,work_13886,Undirected,MS_Canon_Misc_266
work_13952,work_3072,Undirected,MS_Lyell_82
work_13959,work_5006,Undirected,MS_Holkham_misc_41
work_13961,work_13845,Undirected,MS_Canon_Liturg_363
work_13961,work_1463,Undirected,MS_Canon_Liturg_363
work_13971,work_14114,Undirected,MS_Bodl_939
work_13971,work_10687,Undirected,MS_Bodl_939
work_13978,work_4172,Undirected,MS_Bodl_729
work_13978,work_952,Undirected,MS_Bodl_729
work_13978,work_953,Undirected,MS_Bodl_729
work_13981,work_14344,Undirected,MS_Douce_126
work_13981,work_14350,Undirected,MS_Douce_141
work_13981,work_14645,Undirected,MS_Douce_126
work_13981,work_16471,Undirected,St_Johns_College_MS_57
work_13981,work_1664,Undirected,St_Johns_College_MS_57
work_13981,work_16472,Undirected,St_Johns_College_MS_57
work_13981,work_14318,Undirected,MS_Rawl_poet_175
work_13981,work_1862,Undirected,MS_Laud_Misc_486
work_13986,work_10695,Undirected,MS_Add_D_2
work_13989,work_4287,Undirected,MS_Don_e_247-bookletI
work_13989,work_16517,Undirected,MS_Don_e_247-bookletI
work_13989,work_16518,Undirected,MS_Don_e_247-bookletI
work_14009,work_14009,Undirected,St_Johns_College_MS_344
work_14009,work_14009,Undirected,St_Johns_College_MS_344
work_14009,work_13950,Undirected,St_Johns_College_MS_344
work_14026,work_11243,Undirected,MS_Rawl_B_214-part5
work_1403,work_6474,Undirected,MS_Holkham_Gr_85
work_1403,work_12004,Undirected,MS_Laud_Gr_11
work_1403,work_3685,Undirected,MS_Holkham_Gr_85
work_14030,work_13407,Undirected,MS_Ashmole_337-part5
work_14031,work_2977,Undirected,MS_Laud_Gr_27
work_14031,work_14534,Undirected,MS_Laud_Gr_27
work_14031,work_1707,Undirected,MS_Laud_Gr_27
work_14031,work_1317,Undirected,MS_Laud_Gr_27
work_14031,work_12284,Undirected,MS_Barocci_145
work_14031,work_4072,Undirected,MS_Laud_Gr_27
work_14031,work_2944,Undirected,MS_Laud_Gr_93
work_14031,work_13817,Undirected,MS_Barocci_145
work_14031,work_14412,Undirected,MS_Laud_Gr_27
work_14031,work_2944,Undirected,MS_Laud_Gr_27
work_14034,work_4764,Undirected,MS_Ashmole_369-part9
work_14050,work_11583,Undirected,MS_Gr_class_g_17_P-part1
work_14059,work_15420,Undirected,MS_Laud_Misc_233-part2
work_14061,work_10927,Undirected,MS_Rawl_poet_32-part3
work_14061,work_10927,Undirected,MS_Rawl_poet_32-part3
work_14066,work_11678,Undirected,MS_Laud_Lat_18-part3
work_14073,work_13945,Undirected,MS_Bodl_82
work_14073,work_5471,Undirected,MS_Bodl_82
work_14073,work_5472,Undirected,MS_Bodl_82
work_14073,work_13530,Undirected,MS_Bodl_82
work_14073,work_10246,Undirected,MS_Bodl_82
work_14073,work_11505,Undirected,MS_Bodl_82
work_14082,work_2623,Undirected,MS_Bodl_554
work_14082,work_4287,Undirected,MS_Bodl_554
work_1411,work_1596,Undirected,MS_Auct_F_5_31-part1
work_14110,work_12103,Undirected,MS_Hatton_111
work_14111,work_13036,Undirected,MS_Laud_Gr_2
work_14111,work_12469,Undirected,MS_Holkham_Gr_1
work_14111,work_12302,Undirected,MS_Holkham_Gr_1
work_14111,work_12331,Undirected,MS_Auct_T_4_19
work_14111,work_12331,Undirected,MS_Auct_T_4_21
work_14114,work_14114,Undirected,MS_Lat_liturg_e_1
work_14114,work_2107,Undirected,MS_Lat_liturg_d_41
work_14114,work_15028,Undirected,MS_Lat_liturg_d_41
work_14114,work_4664,Undirected,MS_Lat_th_c_7
work_14114,work_15431,Undirected,MS_Lat_liturg_d_41
work_14114,work_14114,Undirected,MS_Lat_liturg_e_1
work_14114,work_2426,Undirected,MS_Canon_Pat_Lat_88
work_14114,work_5444,Undirected,MS_Canon_Pat_Lat_88
work_14114,work_14114,Undirected,MS_Lat_liturg_e_1
work_14114,work_10507,Undirected,MS_Gough_Liturg_18
work_14114,work_13831,Undirected,MS_Rawl_G_18
work_14114,work_14114,Undirected,MS_Lat_liturg_e_1
work_14114,work_13574,Undirected,MS_Lat_liturg_d_38
work_14114,work_14583,Undirected,MS_Lat_liturg_d_41
work_14114,work_5440,Undirected,MS_e_Mus_127
work_14114,work_13932,Undirected,MS_Rawl_G_18
work_14114,work_10507,Undirected,MS_Hatton_4
work_14114,work_12322,Undirected,MS_Rawl_G_18
work_14114,work_14343,Undirected,MS_Rawl_G_18
work_14114,work_13443,Undirected,MS_Canon_Bibl_Lat_76
work_14114,work_13932,Undirected,St_Johns_College_MS_196
work_14114,work_13932,Undirected,MS_Rawl_G_18
work_14114,work_15431,Undirected,MS_Lat_liturg_d_41
work_14119,work_13561,Undirected,MS_Canon_Gr_17
work_14127,work_13897,Undirected,MS_Bodl_425
work_14127,work_3259,Undirected,MS_Bodl_425
work_14127,work_3260,Undirected,MS_Bodl_425
work_14127,work_15407,Undirected,MS_Bodl_425
work_1413,work_1415,Undirected,MS_Canon_Ital_6
work_1413,work_14997,Undirected,MS_Canon_Ital_232
work_1413,work_13261,Undirected,MS_Canon_Ital_6
work_1413,work_1417,Undirected,MS_Canon_Ital_232
work_1413,work_1417,Undirected,MS_Canon_Ital_11
work_14130,work_14668,Undirected,MS_Canon_Bibl_Lat_90
work_14130,work_6189,Undirected,MS_Rawl_G_163
work_14130,work_1171,Undirected,MS_Rawl_G_163
work_14130,work_5484,Undirected,MS_Bodl_284
work_14130,work_5485,Undirected,MS_Bodl_284
work_14130,work_6188,Undirected,MS_Rawl_G_163
work_14141,work_14138,Undirected,MS_Hatton_106
work_1415,work_12873,Undirected,MS_Canon_Ital_5
work_1415,work_12838,Undirected,MS_Canon_Ital_5
work_1415,work_3890,Undirected,MS_Canon_Ital_5
work_1415,work_12849,Undirected,MS_Canon_Ital_5
work_1415,work_12859,Undirected,MS_Canon_Ital_5
work_14157,work_3507,Undirected,MS_Auct_E_inf_6
work_14180,work_2549,Undirected,MS_Laud_Misc_558
work_14180,work_14174,Undirected,MS_Laud_Misc_558
work_14180,work_3432,Undirected,MS_Laud_Misc_558
work_14181,work_11774,Undirected,MS_Hamilton_17-part3
work_14185,work_1230,Undirected,MS_Laud_Misc_570
work_14195,work_14741,Undirected,MS_Rawl_C_294
work_1420,work_3529,Undirected,MS_Bodl_679
work_1420,work_2085,Undirected,MS_Bodl_679
work_1420,work_240,Undirected,MS_Bodl_679
work_1420,work_14950,Undirected,MS_Bodl_679
work_1420,work_5062,Undirected,MS_Bodl_679
work_1420,work_4357,Undirected,MS_Bodl_679
work_1420,work_2592,Undirected,MS_Bodl_679
work_1420,work_14518,Undirected,MS_Bodl_679
work_1420,work_10154,Undirected,MS_Bodl_679
work_1423,work_1422,Undirected,MS_Canon_Misc_391
work_14235,work_13209,Undirected,MS_Ashmole_1404
work_14235,work_14948,Undirected,MS_Ashmole_1404
work_14235,work_1993,Undirected,MS_Ashmole_1404
work_14235,work_17092,Undirected,MS_Ashmole_1404
work_14235,work_16241,Undirected,MS_Ashmole_1404
work_1424,work_3776,Undirected,MS_Auct_T_2_20
work_1424,work_2257,Undirected,MS_Auct_T_2_20
work_1424,work_12151,Undirected,MS_Auct_T_2_20
work_1424,work_3773,Undirected,Merton_College_MS_309-part2
work_1424,work_3773,Undirected,St_Johns_College_MS_152-part2
work_1424,work_4516,Undirected,MS_Auct_T_2_20
work_14242,work_13886,Undirected,MS_Douce_54
work_14242,work_11803,Undirected,MS_Douce_54
work_14242,work_7617,Undirected,MS_Douce_54
work_14247,work_15123,Undirected,MS_Rawl_B_131
work_14247,work_11629,Undirected,MS_Rawl_B_131
work_14247,work_15114,Undirected,MS_Rawl_B_131
work_1425,work_14311,Undirected,MS_Lawn_medieval_7
work_1425,work_3934,Undirected,MS_Lawn_medieval_7
work_1425,work_3811,Undirected,MS_Lawn_medieval_7
work_1425,work_15437,Undirected,MS_Laud_Lat_68
work_1425,work_3014,Undirected,MS_Laud_Lat_68
work_1425,work_410,Undirected,MS_Laud_Lat_68
work_1425,work_10114,Undirected,MS_Lawn_medieval_7
work_1425,work_15075,Undirected,MS_Rawl_G_99-part1
work_1425,work_11562,Undirected,MS_Lawn_medieval_7
work_1425,work_12807,Undirected,MS_Lawn_medieval_7
work_1425,work_12151,Undirected,MS_Lawn_medieval_7
work_1425,work_3809,Undirected,MS_Lawn_medieval_7
work_1425,work_3806,Undirected,MS_Lawn_medieval_7
work_1425,work_12151,Undirected,MS_Lawn_medieval_7
work_1425,work_14310,Undirected,MS_Lawn_medieval_7
work_14251,work_10442,Undirected,MS_Wood_empt_21
work_14253,work_5086,Undirected,MS_Hatton_11
work_14264,work_2744,Undirected,MS_Tanner_196
work_14265,work_382,Undirected,MS_Wood_empt_5
work_14265,work_2849,Undirected,MS_Wood_empt_5
work_1427,work_4670,Undirected,MS_Cromwell_14
work_1427,work_918,Undirected,MS_Cromwell_14
work_1427,work_2248,Undirected,MS_Cromwell_14
work_14272,work_10307,Undirected,MS_Gr_class_c_146_P_a
work_14286,work_13876,Undirected,MS_Douce_137-part3
work_14288,work_11786,Undirected,MS_e_Mus_198
work_14288,work_14927,Undirected,MS_e_Mus_198
work_14288,work_14739,Undirected,MS_Rawl_C_292
work_14288,work_11870,Undirected,MS_Rawl_C_292
work_14288,work_12151,Undirected,MS_Rawl_C_292
work_14289,work_14739,Undirected,MS_Bodl_940
work_14289,work_14739,Undirected,MS_Douce_139-part1
work_14289,work_14289,Undirected,MS_Rawl_C_331
work_14289,work_4184,Undirected,MS_Rawl_C_331
work_14289,work_14739,Undirected,MS_Bodl_940
work_14289,work_4181,Undirected,MS_Rawl_C_331
work_14289,work_14289,Undirected,St_Johns_College_MS_256
work_14289,work_14663,Undirected,MS_Douce_139-part1
work_14289,work_12595,Undirected,MS_Douce_139-part1
work_1430,work_13729,Undirected,MS_Barocci_11-part2
work_1430,work_2638,Undirected,MS_Barocci_11-part2
work_1430,work_12835,Undirected,MS_Barocci_11-part2
work_1430,work_1427,Undirected,MS_Barocci_11-part2
work_14303,work_15484,Undirected,MS_Lyell_46
work_14303,work_15201,Undirected,MS_Lyell_46
work_14306,work_14300,Undirected,MS_Bodl_543
work_14306,work_14301,Undirected,MS_Bodl_39
work_14306,work_4575,Undirected,MS_Bodl_543
work_14306,work_12151,Undirected,MS_Laud_Misc_8
work_14306,work_14300,Undirected,MS_Laud_Misc_8
work_14306,work_14300,Undirected,MS_Lyell_19
work_14306,work_4853,Undirected,MS_Laud_Misc_8
work_14306,work_4455,Undirected,MS_Bodl_543
work_14306,work_10441,Undirected,MS_Canon_Misc_10
work_14306,work_15308,Undirected,MS_Bodl_543
work_14306,work_3921,Undirected,MS_Lyell_19
work_14306,work_10192,Undirected,MS_Bodl_39
work_14306,work_6599,Undirected,MS_Bodl_39
work_14306,work_6600,Undirected,MS_Bodl_39
work_14306,work_14717,Undirected,MS_Bodl_39
work_14306,work_464,Undirected,MS_Bodl_543
work_14306,work_3952,Undirected,MS_Lyell_19
work_14307,work_3575,Undirected,MS_Lat_th_d_23
work_14307,work_1549,Undirected,MS_Lat_th_d_23
work_14307,work_11828,Undirected,MS_Lat_th_d_23
work_14307,work_11828,Undirected,MS_Lat_th_d_23
work_1431,work_15485,Undirected,MS_Cromwell_3-part3
work_1431,work_10256,Undirected,MS_Cromwell_3-part3
work_14312,work_14313,Undirected,MS_Rawl_B_47
work_14316,work_11036,Undirected,MS_Digby_98-part6
work_14316,work_2786,Undirected,MS_Digby_98-part6
work_14319,work_2355,Undirected,MS_Bodl_41-part1
work_14328,work_4265,Undirected,MS_Digby_102-part2
work_1434,work_5972,Undirected,Merton_College_MS_61
work_1434,work_1757,Undirected,MS_Rawl_C_21
work_1434,work_1553,Undirected,MS_Rawl_C_21
work_1434,work_1554,Undirected,MS_Rawl_C_21
work_1434,work_15028,Undirected,MS_Rawl_C_21
work_1434,work_1434,Undirected,Merton_College_MS_66
work_1434,work_5973,Undirected,Merton_College_MS_62
work_1434,work_5971,Undirected,Merton_College_MS_62
work_14344,work_14963,Undirected,MS_Add_B_66
work_14344,work_15127,Undirected,MS_Add_B_66
work_14344,work_4285,Undirected,MS_Douce_322
work_14344,work_13918,Undirected,MS_Douce_322
work_14344,work_14353,Undirected,MS_Douce_322
work_14344,work_1973,Undirected,MS_Douce_322
work_14344,work_15301,Undirected,MS_Douce_322
work_14344,work_13918,Undirected,MS_Add_B_66
work_14344,work_4294,Undirected,MS_Douce_322
work_14346,work_15422,Undirected,MS_Add_A_17
work_14351,work_12284,Undirected,MS_Canon_Gr_126-part1
work_14353,work_4955,Undirected,MS_Rawl_C_894
work_14353,work_4960,Undirected,MS_Rawl_C_894
work_14353,work_4959,Undirected,MS_Rawl_C_894
work_14356,work_12798,Undirected,MS_Canon_Misc_532
work_14356,work_14114,Undirected,MS_Canon_Misc_532
work_14358,work_15109,Undirected,MS_Canon_Liturg_226
work_14358,work_14832,Undirected,MS_Douce_263
work_14358,work_2125,Undirected,MS_Canon_Pat_Lat_64
work_14358,work_1029,Undirected,MS_Canon_Pat_Lat_64
work_14358,work_14583,Undirected,MS_Canon_Pat_Lat_64
work_14358,work_3930,Undirected,MS_Canon_Pat_Lat_64
work_14358,work_543,Undirected,MS_Canon_Pat_Lat_64
work_14358,work_1026,Undirected,MS_Canon_Pat_Lat_64
work_14358,work_14862,Undirected,MS_Canon_Pat_Lat_64
work_14358,work_3965,Undirected,MS_Canon_Liturg_226
work_14358,work_3894,Undirected,MS_Canon_Pat_Lat_176
work_14364,work_4261,Undirected,MS_Laud_Misc_23
work_14365,work_1049,Undirected,MS_Laud_Misc_22
work_14365,work_3837,Undirected,MS_Laud_Misc_22
work_14365,work_3945,Undirected,MS_Laud_Misc_22
work_14365,work_6782,Undirected,MS_Laud_Misc_22
work_14365,work_13484,Undirected,MS_Laud_Misc_22
work_14365,work_16547,Undirected,MS_Laud_Misc_22
work_14365,work_6278,Undirected,MS_Laud_Misc_22
work_14365,work_6244,Undirected,MS_Laud_Misc_22
work_14365,work_14583,Undirected,MS_Laud_Misc_22
work_14365,work_543,Undirected,MS_Laud_Misc_22
work_14365,work_14583,Undirected,MS_Laud_Misc_22
work_14365,work_3896,Undirected,MS_Laud_Misc_22
work_14365,work_17099,Undirected,MS_Laud_Misc_22
work_14365,work_3930,Undirected,MS_Laud_Misc_22
work_14365,work_6783,Undirected,MS_Laud_Misc_22
work_14365,work_6244,Undirected,MS_Laud_Misc_22
work_14365,work_3894,Undirected,MS_Laud_Misc_22
work_14365,work_3952,Undirected,MS_Laud_Misc_22
work_14366,work_1004,Undirected,MS_Rawl_C_108
work_14366,work_15091,Undirected,MS_Rawl_C_108
work_14366,work_1013,Undirected,MS_Rawl_C_108
work_14369,work_14406,Undirected,MS_Ashmole_1393-part4
work_14373,work_15443,Undirected,MS_Laud_Misc_637
work_14373,work_11971,Undirected,MS_Laud_Misc_637
work_14373,work_3532,Undirected,MS_Laud_Misc_637
work_14374,work_10409,Undirected,MS_Ashmole_393-part6
work_14390,work_11666,Undirected,MS_Gr_class_c_134_P
work_14396,work_10355,Undirected,MS_Gr_class_b_24_P1-2
work_14402,work_14401,Undirected,MS_Gr_class_g_58_P
work_14413,work_13333,Undirected,MS_Barocci_51
work_14421,work_10241,Undirected,MS_Rawl_D_232
work_14421,work_4816,Undirected,MS_Rawl_D_232
work_1443,work_11200,Undirected,M_21_Med_pastedowns
work_14437,work_6707,Undirected,MS_Bodl_264-part1
work_14437,work_6708,Undirected,MS_Bodl_264-part1
work_14437,work_16480,Undirected,MS_Bodl_264-part1
work_14437,work_16479,Undirected,MS_Bodl_264-part1
work_14437,work_6709,Undirected,MS_Bodl_264-part1
work_14437,work_2349,Undirected,MS_Bodl_264-part1
work_14437,work_16479,Undirected,MS_Bodl_264-part1
work_14437,work_6707,Undirected,MS_Bodl_264-part1
work_14444,work_3148,Undirected,MS_Hatton_67
work_14456,work_14454,Undirected,MS_Germ_e_5
work_14456,work_11851,Undirected,MS_Germ_e_5
work_14456,work_13934,Undirected,MS_Germ_e_5
work_14456,work_13934,Undirected,MS_Germ_e_5
work_14456,work_13932,Undirected,MS_Germ_e_5
work_14456,work_2133,Undirected,MS_Germ_e_5
work_14456,work_14546,Undirected,MS_Germ_e_5
work_14456,work_6434,Undirected,MS_Germ_e_5
work_14456,work_13659,Undirected,MS_Germ_e_5
work_1446,work_2896,Undirected,MS_Selden_Supra_23
work_14465,work_15437,Undirected,MS_Lat_misc_e_103
work_14465,work_15008,Undirected,MS_Lat_misc_e_103
work_14465,work_15008,Undirected,MS_Lat_misc_e_103
work_14465,work_14746,Undirected,Merton_College_MS_297-part2
work_14465,work_14746,Undirected,Merton_College_MS_297-part2
work_14465,work_14746,Undirected,Merton_College_MS_297-part2
work_1447,work_1376,Undirected,MS_Bodl_54
work_1447,work_16291,Undirected,MS_Bodl_54
work_1447,work_4286,Undirected,MS_Bodl_54
work_14473,work_13840,Undirected,MS_Canon_Misc_263
work_14489,work_12421,Undirected,MS_Rawl_B_502-part3
work_14489,work_13337,Undirected,MS_Rawl_B_502-part3
work_14489,work_14631,Undirected,MS_Rawl_B_502-part3
work_14489,work_12593,Undirected,MS_Rawl_B_502-part3
work_14503,work_14510,Undirected,MS_Barocci_38
work_14503,work_14504,Undirected,MS_Barocci_38
work_14510,work_12150,Undirected,MS_Auct_T_2_15
work_14510,work_6122,Undirected,MS_Auct_T_2_15
work_14510,work_6121,Undirected,MS_Auct_T_2_15
work_14510,work_3193,Undirected,MS_Auct_T_2_15
work_14510,work_3790,Undirected,MS_Auct_T_2_15
work_14510,work_16234,Undirected,MS_Auct_T_2_15
work_14510,work_6123,Undirected,MS_Auct_T_2_15
work_14511,work_4964,Undirected,MS_Digby_67-part6
work_14517,work_3068,Undirected,MS_Roe_18a-b
work_14517,work_13879,Undirected,MS_Roe_18a-b
work_14517,work_15303,Undirected,MS_Roe_18a-b
work_14517,work_5646,Undirected,MS_Roe_18a-b
work_14517,work_5647,Undirected,MS_Roe_18a-b
work_14517,work_12592,Undirected,MS_Roe_18a-b
work_14535,work_3072,Undirected,Merton_College_MS_324
work_14535,work_7328,Undirected,Merton_College_MS_324
work_14535,work_15391,Undirected,Merton_College_MS_324
work_14535,work_1319,Undirected,Merton_College_MS_324
work_14535,work_17070,Undirected,Merton_College_MS_324
work_14535,work_4935,Undirected,Merton_College_MS_324
work_14535,work_4341,Undirected,Merton_College_MS_324
work_14535,work_7337,Undirected,Merton_College_MS_324
work_14535,work_2068,Undirected,Merton_College_MS_324
work_14535,work_7338,Undirected,Merton_College_MS_324
work_14535,work_7339,Undirected,Merton_College_MS_324
work_14535,work_17073,Undirected,Merton_College_MS_324
work_14535,work_7332,Undirected,Merton_College_MS_324
work_14535,work_3980,Undirected,Merton_College_MS_324
work_14535,work_17074,Undirected,Merton_College_MS_324
work_14535,work_7335,Undirected,Merton_College_MS_324
work_14535,work_17071,Undirected,Merton_College_MS_324
work_14535,work_5744,Undirected,Merton_College_MS_324
work_14535,work_7336,Undirected,Merton_College_MS_324
work_14535,work_1716,Undirected,Merton_College_MS_324
work_14535,work_2846,Undirected,Merton_College_MS_324
work_14535,work_17072,Undirected,Merton_College_MS_324
work_14535,work_191,Undirected,Merton_College_MS_324
work_14535,work_16241,Undirected,Merton_College_MS_324
work_14535,work_14583,Undirected,MS_Laud_Misc_527-part8
work_14535,work_15161,Undirected,MS_Laud_Misc_527-part8
work_14535,work_3533,Undirected,MS_Laud_Misc_527-part8
work_14535,work_17075,Undirected,Merton_College_MS_324
work_14535,work_7334,Undirected,Merton_College_MS_324
work_14535,work_7333,Undirected,Merton_College_MS_324
work_14543,work_17037,Undirected,Merton_College_MS_266-part4
work_14547,work_14368,Undirected,MS_Canon_Ital_180
work_14547,work_15336,Undirected,MS_Canon_Ital_180
work_14554,work_13831,Undirected,MS_Lat_misc_e_85-part2
work_14554,work_13831,Undirected,MS_Lat_misc_e_85-part2
work_14554,work_13838,Undirected,MS_Lat_misc_e_85-part2
work_14554,work_13848,Undirected,MS_Lat_misc_e_85-part2
work_14554,work_14554,Undirected,MS_Lat_misc_e_85-part2
work_14565,work_13932,Undirected,MS_Laud_Misc_245
work_14565,work_790,Undirected,MS_Laud_Misc_245
work_14567,work_11296,Undirected,MS_Bodl_42-part2
work_14567,work_14307,Undirected,MS_Bodl_42-part2
work_14567,work_3952,Undirected,MS_Bodl_42-part2
work_14567,work_15284,Undirected,MS_Bodl_42-part2
work_14568,work_14583,Undirected,MS_Laud_Misc_177-part3
work_14568,work_2116,Undirected,MS_Laud_Misc_177-part3
work_14568,work_11771,Undirected,MS_Laud_Misc_177-part3
work_1457,work_13886,Undirected,MS_Laud_Misc_569-part1
work_1457,work_3357,Undirected,MS_Laud_Misc_569-part1
work_1457,work_12324,Undirected,MS_Laud_Misc_569-part1
work_14572,work_4278,Undirected,MS_Don_c_13
work_14572,work_15408,Undirected,MS_Laud_Misc_314
work_14572,work_12524,Undirected,MS_Don_c_13
work_14572,work_14344,Undirected,MS_Don_c_13
work_14577,work_14995,Undirected,MS_Douce_282
work_14578,work_13056,Undirected,MS_Selden_Supra_9-part2
work_14578,work_13056,Undirected,MS_Barocci_197
work_14578,work_15303,Undirected,MS_Barocci_197
work_14578,work_4708,Undirected,MS_Laud_Gr_41-part2
work_14578,work_1530,Undirected,MS_Laud_Gr_41-part2
work_14578,work_13056,Undirected,MS_Laud_Gr_82
work_14578,work_494,Undirected,MS_Selden_Supra_9-part1
work_14578,work_13034,Undirected,MS_Selden_Supra_9-part1
work_14578,work_13616,Undirected,MS_Selden_Supra_9-part1
work_14578,work_13451,Undirected,MS_Selden_Supra_9-part1
work_14579,work_15305,Undirected,MS_Canon_Ital_272
work_14579,work_15070,Undirected,MS_Canon_Ital_272
work_14580,work_2640,Undirected,MS_Laud_Misc_706
work_14581,work_3148,Undirected,MS_Ashmole_1280-part3
work_14581,work_13730,Undirected,MS_Ashmole_1280-part3
work_14581,work_15306,Undirected,MS_Bodl_654-part3
work_14581,work_15148,Undirected,MS_Bodl_654-part3
work_14581,work_13114,Undirected,MS_Bodl_654-part3
work_14583,work_7431,Undirected,MS_Laud_Misc_199
work_14583,work_12374,Undirected,Merton_College_MS_239
work_14583,work_11343,Undirected,Merton_College_MS_13-part1
work_14583,work_14583,Undirected,MS_Laud_Misc_199
work_14583,work_7430,Undirected,MS_Laud_Misc_199
work_14583,work_14583,Undirected,MS_Laud_Misc_199
work_14583,work_2150,Undirected,MS_Rawl_A_373
work_14583,work_14358,Undirected,MS_Rawl_A_373
work_14583,work_14583,Undirected,MS_Laud_Misc_177-part1
work_14583,work_14583,Undirected,Merton_College_MS_13-part1
work_14583,work_4989,Undirected,MS_Laud_Misc_376-part1
work_14583,work_5944,Undirected,Merton_College_MS_13-part1
work_14583,work_3930,Undirected,Merton_College_MS_13-part1
work_14583,work_6830,Undirected,St_Johns_College_MS_134
work_14583,work_11112,Undirected,MS_Hatton_101
work_14583,work_6830,Undirected,St_Johns_College_MS_134
work_14583,work_544,Undirected,MS_Lat_th_f_21
work_14583,work_1660,Undirected,MS_Lat_th_d_35
work_14583,work_2055,Undirected,MS_Lat_th_d_35
work_14583,work_14583,Undirected,MS_Lat_th_d_35
work_14583,work_14583,Undirected,MS_Lat_th_d_35
work_14583,work_10426,Undirected,MS_Laud_Misc_569-part2
work_14583,work_7346,Undirected,MS_Laud_Misc_569-part2
work_14583,work_3885,Undirected,MS_Laud_Misc_181-part3
work_14583,work_2780,Undirected,MS_Bodl_402
work_14583,work_15161,Undirected,MS_Laud_Misc_223
work_14583,work_12638,Undirected,MS_Laud_Misc_223
work_14583,work_14583,Undirected,St_Johns_College_MS_134
work_14583,work_6590,Undirected,MS_Bodl_172
work_14583,work_871,Undirected,MS_Bodl_172
work_14583,work_6344,Undirected,MS_Laud_Misc_199
work_14583,work_14583,Undirected,MS_Laud_Misc_199
work_14583,work_2373,Undirected,MS_Laud_Misc_199
work_14583,work_5917,Undirected,MS_Laud_Lat_105-part3
work_14583,work_3149,Undirected,MS_Laud_Lat_105-part1
work_14583,work_3496,Undirected,MS_Laud_Lat_105-part1
work_14583,work_3496,Undirected,MS_Laud_Lat_105-part1
work_14583,work_3496,Undirected,MS_Laud_Lat_105-part1
work_14583,work_14583,Undirected,MS_Laud_Misc_199
work_14583,work_7429,Undirected,MS_Laud_Misc_199
work_14583,work_3496,Undirected,MS_Bodl_172
work_14583,work_14583,Undirected,Merton_College_MS_15
work_14583,work_544,Undirected,Merton_College_MS_180-part4
work_14583,work_14583,Undirected,Merton_College_MS_15
work_14583,work_13498,Undirected,MS_Bodl_677-part1
work_14583,work_15283,Undirected,MS_Laud_Misc_506-part3
work_14583,work_15283,Undirected,St_Johns_College_MS_136-part2
work_14583,work_10875,Undirected,St_Johns_College_MS_136-part2
work_14583,work_6830,Undirected,St_Johns_College_MS_134
work_14583,work_14583,Undirected,St_Johns_College_MS_134
work_14583,work_13886,Undirected,MS_Bodl_807-part9
work_14583,work_6830,Undirected,St_Johns_College_MS_134
work_14583,work_14583,Undirected,MS_Laud_Misc_506-part3
work_14583,work_14583,Undirected,MS_Lat_th_e_22
work_14583,work_14583,Undirected,MS_Lat_th_e_22
work_14583,work_14583,Undirected,MS_Lat_th_e_22
work_14583,work_14583,Undirected,MS_Lat_th_e_22
work_14583,work_15047,Undirected,MS_Lat_th_e_22
work_14583,work_14583,Undirected,St_Johns_College_MS_134
work_14583,work_14583,Undirected,MS_Add_A_13
work_14583,work_14362,Undirected,MS_Add_A_13
work_14583,work_14583,Undirected,Merton_College_MS_242-part3
work_14583,work_17099,Undirected,MS_Bodl_57-partE
work_14583,work_3639,Undirected,MS_Digby_45
work_14583,work_15283,Undirected,MS_Bodl_4-part2
work_14583,work_3839,Undirected,MS_Bodl_4-part2
work_14583,work_16296,Undirected,MS_Bodl_57-partD
work_14583,work_11112,Undirected,MS_Tanner_4
work_14583,work_15308,Undirected,MS_Tanner_4
work_14583,work_3263,Undirected,MS_Canon_Misc_485
work_14583,work_6787,Undirected,MS_Canon_Pat_Lat_69
work_14583,work_15284,Undirected,MS_Bodl_423-part1
work_14583,work_13733,Undirected,MS_Canon_Pat_Lat_36
work_14583,work_4316,Undirected,Merton_College_MS_242-part3
work_14583,work_5845,Undirected,Merton_College_MS_242-part3
work_14583,work_5921,Undirected,Merton_College_MS_242-part3
work_14583,work_13462,Undirected,MS_Laud_Misc_506-part3
work_14583,work_3261,Undirected,MS_Laud_Misc_504-part3
work_14583,work_11737,Undirected,MS_Bodl_406
work_14583,work_14583,Undirected,St_Johns_College_MS_134
work_14583,work_14583,Undirected,St_Johns_College_MS_134
work_14583,work_544,Undirected,Merton_College_MS_180-part4
work_14583,work_544,Undirected,Merton_College_MS_180-part4
work_14583,work_544,Undirected,Merton_College_MS_180-part4
work_14583,work_544,Undirected,Merton_College_MS_180-part4
work_14583,work_544,Undirected,Merton_College_MS_180-part4
work_14583,work_11760,Undirected,MS_Lawn_medieval_4
work_14583,work_544,Undirected,Merton_College_MS_180-part4
work_14583,work_15198,Undirected,MS_Lawn_medieval_4
work_14583,work_16240,Undirected,MS_Laud_Misc_271
work_14583,work_544,Undirected,Merton_College_MS_180-part4
work_14583,work_1871,Undirected,MS_Laud_Misc_271
work_14583,work_544,Undirected,Merton_College_MS_180-part4
work_14583,work_14583,Undirected,MS_Auct_F_inf_1_2-partD
work_14583,work_403,Undirected,Merton_College_MS_180-part4
work_14583,work_15283,Undirected,Merton_College_MS_180-part4
work_14583,work_536,Undirected,Merton_College_MS_180-part4
work_14583,work_14583,Undirected,Merton_College_MS_15
work_14583,work_14583,Undirected,St_Johns_College_MS_134
work_14583,work_3519,Undirected,MS_Bodl_409-part3
work_14583,work_14583,Undirected,St_Johns_College_MS_134
work_14583,work_14583,Undirected,St_Johns_College_MS_134
work_14583,work_6830,Undirected,St_Johns_College_MS_134
work_14583,work_6830,Undirected,St_Johns_College_MS_134
work_14583,work_6830,Undirected,St_Johns_College_MS_134
work_14583,work_6830,Undirected,St_Johns_College_MS_134
work_14583,work_14583,Undirected,St_Johns_College_MS_134
work_14583,work_6830,Undirected,St_Johns_College_MS_134
work_14583,work_14583,Undirected,St_Johns_College_MS_134
work_14583,work_14583,Undirected,St_Johns_College_MS_134
work_14583,work_14583,Undirected,St_Johns_College_MS_134
work_14583,work_10970,Undirected,MS_Digby_11-part3
work_14583,work_12151,Undirected,MS_Digby_11-part3
work_14583,work_15313,Undirected,MS_Digby_11-part3
work_14583,work_14583,Undirected,St_Johns_College_MS_134
work_14583,work_3907,Undirected,St_Johns_College_MS_134
work_14583,work_6830,Undirected,St_Johns_College_MS_134
work_14583,work_4931,Undirected,MS_Ashmole_1281
work_14583,work_4168,Undirected,MS_Rawl_C_22
work_14583,work_15283,Undirected,MS_Hamilton_37-part2
work_14583,work_13730,Undirected,MS_Laud_Misc_323-part3
work_14583,work_15292,Undirected,MS_Laud_Misc_323-part3
work_14583,work_15292,Undirected,MS_Laud_Misc_323-part3
work_14583,work_13253,Undirected,MS_Laud_Misc_323-part3
work_14583,work_14583,Undirected,MS_Laud_Misc_323-part3
work_14583,work_14358,Undirected,MS_Rawl_C_534
work_14583,work_11861,Undirected,MS_Rawl_C_900
work_14583,work_3996,Undirected,MS_Rawl_C_900
work_14583,work_11255,Undirected,MS_Rawl_C_31
work_14583,work_13730,Undirected,MS_Rawl_C_22
work_14583,work_2191,Undirected,MS_Rawl_C_22
work_14583,work_15259,Undirected,MS_Rawl_C_22
work_14583,work_1054,Undirected,MS_Rawl_C_22
work_14583,work_1290,Undirected,MS_Rawl_C_22
work_14583,work_14583,Undirected,MS_Hamilton_37-part2
work_14583,work_13886,Undirected,MS_Rawl_C_22
work_14583,work_5944,Undirected,MS_Hamilton_37-part2
work_14583,work_1309,Undirected,MS_Hamilton_45
work_14583,work_1068,Undirected,MS_Hamilton_56-part3
work_14583,work_14583,Undirected,MS_Bodl_561-part3
work_14583,work_12151,Undirected,MS_Ashmole_1285-part11
work_14583,work_16350,Undirected,MS_Hamilton_56-part3
work_14583,work_16351,Undirected,MS_Hamilton_56-part2
work_14583,work_14901,Undirected,MS_Hamilton_56-part2
work_14583,work_14583,Undirected,MS_Hamilton_50-part1
work_14583,work_14583,Undirected,MS_Hamilton_50-part1
work_14583,work_14583,Undirected,MS_Hamilton_44-part1
work_14583,work_445,Undirected,MS_Hamilton_44-part1
work_14583,work_4840,Undirected,MS_Hamilton_44-part1
work_14583,work_17001,Undirected,MS_Hamilton_44-part1
work_14583,work_12045,Undirected,MS_Hamilton_45
work_14583,work_17092,Undirected,MS_Hamilton_45
work_14583,work_4753,Undirected,MS_Hamilton_45
work_14583,work_6555,Undirected,MS_Hamilton_37-part2
work_14583,work_15283,Undirected,MS_Laud_Misc_179-part2
work_14583,work_2778,Undirected,MS_Rawl_C_534
work_14583,work_16380,Undirected,MS_Hamilton_14-part1
work_14583,work_16379,Undirected,MS_Hamilton_14-part1
work_14583,work_14567,Undirected,MS_Bodl_519-part2
work_14583,work_13886,Undirected,MS_Ashmole_1281
work_14583,work_379,Undirected,MS_Ashmole_1281
work_14583,work_15308,Undirected,MS_Ashmole_1281
work_14583,work_2330,Undirected,MS_Hamilton_29_partB
work_14583,work_14583,Undirected,MS_Laud_Misc_179-part2
work_14583,work_13722,Undirected,MS_Laud_Misc_179-part2
work_14583,work_2330,Undirected,MS_Laud_Misc_179-part1
work_14583,work_16381,Undirected,MS_Hamilton_14-part1
work_14601,work_4989,Undirected,MS_Lat_th_e_16
work_14601,work_14556,Undirected,MS_Lat_th_e_16
work_14611,work_14583,Undirected,MS_Hamilton_41-part2
work_14612,work_15204,Undirected,MS_Holkham_misc_14
work_14612,work_2171,Undirected,MS_Holkham_misc_14
work_14612,work_14583,Undirected,MS_Holkham_misc_14
work_14612,work_13496,Undirected,MS_Holkham_misc_14
work_14612,work_11443,Undirected,MS_Holkham_misc_14
work_14612,work_11779,Undirected,MS_Holkham_misc_14
work_14612,work_13468,Undirected,MS_Holkham_misc_14
work_14612,work_2116,Undirected,MS_Holkham_misc_14
work_14612,work_525,Undirected,MS_Holkham_misc_14
work_14612,work_14822,Undirected,MS_Holkham_misc_14
work_14612,work_2608,Undirected,MS_Holkham_misc_14
work_14612,work_14990,Undirected,MS_Holkham_misc_14
work_14612,work_1159,Undirected,MS_Holkham_misc_14
work_14612,work_14854,Undirected,MS_Holkham_misc_14
work_14612,work_11737,Undirected,MS_Holkham_misc_14
work_14612,work_14495,Undirected,MS_Holkham_misc_14
work_14612,work_2083,Undirected,MS_Holkham_misc_14
work_14620,work_14580,Undirected,MS_Bodl_26-part1
work_14627,work_15303,Undirected,MS_E_D_Clarke_3
work_14627,work_12029,Undirected,MS_E_D_Clarke_3
work_1463,work_14346,Undirected,MS_Canon_Ital_301
work_14641,work_4211,Undirected,MS_Canon_Ital_147
work_14641,work_3858,Undirected,MS_Canon_Ital_147
work_14646,work_5016,Undirected,MS_Laud_Misc_656
work_14646,work_14557,Undirected,MS_Laud_Misc_656
work_14646,work_15182,Undirected,MS_Laud_Misc_656
work_14646,work_226,Undirected,MS_Laud_Misc_622-part1
work_14646,work_12839,Undirected,MS_Laud_Misc_622-part1
work_14646,work_10470,Undirected,MS_Laud_Misc_656
work_14646,work_12460,Undirected,MS_Laud_Misc_622-part1
work_14646,work_13478,Undirected,MS_Laud_Misc_622-part1
work_14648,work_14649,Undirected,MS_Rawl_D_82-part1
work_14658,work_11288,Undirected,MS_Laud_Misc_386-part1
work_14658,work_15308,Undirected,MS_Laud_Misc_386-part1
work_14658,work_1049,Undirected,St_Johns_College_MS_62
work_14660,work_12487,Undirected,MS_Laud_Lat_19
work_14660,work_11428,Undirected,MS_Laud_Lat_6-part3
work_14671,work_12834,Undirected,MS_Laud_Misc_108
work_14671,work_12462,Undirected,MS_Laud_Misc_108
work_14671,work_12189,Undirected,MS_Laud_Misc_108
work_14671,work_11556,Undirected,MS_Laud_Misc_108
work_14671,work_12416,Undirected,MS_Eng_poet_d_200
work_14671,work_16049,Undirected,MS_Laud_Misc_108
work_14671,work_16048,Undirected,MS_Laud_Misc_108
work_14671,work_16042,Undirected,MS_Laud_Misc_108
work_14671,work_12481,Undirected,MS_Add_C_38
work_14676,work_14188,Undirected,MS_Laud_Misc_513-part2
work_14676,work_13720,Undirected,MS_Laud_Misc_104
work_14676,work_14544,Undirected,MS_Greaves_54
work_14676,work_12023,Undirected,MS_Greaves_54
work_14676,work_11359,Undirected,MS_Laud_Misc_513-part2
work_14676,work_6292,Undirected,MS_Bodl_61
work_14676,work_5748,Undirected,MS_Bodl_61
work_14676,work_536,Undirected,MS_Bodl_61
work_14676,work_5830,Undirected,MS_Bodl_61
work_14676,work_6291,Undirected,MS_Bodl_61
work_14676,work_11349,Undirected,MS_Laud_Misc_513-part2
work_14676,work_2378,Undirected,MS_Bodl_61
work_14676,work_11760,Undirected,MS_Greaves_54
work_14676,work_2089,Undirected,MS_Bodl_61
work_14676,work_4286,Undirected,MS_Bodl_61
work_14676,work_10764,Undirected,MS_Bodl_89
work_14676,work_3952,Undirected,MS_Bodl_61
work_14676,work_15061,Undirected,MS_Bodl_61
work_14678,work_15266,Undirected,MS_e_Mus_244
work_14679,work_15426,Undirected,MS_Tanner_408
work_14684,work_3544,Undirected,MS_Canon_Misc_525
work_14686,work_14464,Undirected,MS_Rawl_A_362
work_14694,work_2819,Undirected,MS_Cromwell_13-part1
work_14694,work_2820,Undirected,MS_Cromwell_13-part1
work_14699,work_16455,Undirected,St_Johns_College_MS_194
work_14699,work_12080,Undirected,St_Johns_College_MS_194
work_14699,work_12080,Undirected,MS_Douce_292
work_14699,work_12074,Undirected,St_Johns_College_MS_194
work_14706,work_13719,Undirected,MS_Douce_393
work_14710,work_12613,Undirected,MS_Douce_139-part2
work_14710,work_14747,Undirected,MS_Douce_139-part2
work_14718,work_13981,Undirected,MS_Digby_99
work_14730,work_5447,Undirected,MS_Lat_misc_d_82
work_14730,work_4184,Undirected,MS_Lat_misc_d_82
work_14730,work_5445,Undirected,MS_Lat_misc_d_82
work_14730,work_14289,Undirected,MS_Lat_misc_d_82
work_14730,work_4183,Undirected,MS_Lat_misc_d_82
work_14730,work_4182,Undirected,MS_Lat_misc_d_82
work_14739,work_14730,Undirected,MS_Lat_misc_d_64
work_14739,work_5447,Undirected,MS_Hatton_28-part1
work_14739,work_14289,Undirected,MS_Add_C_188
work_14739,work_12597,Undirected,MS_Add_C_188
work_14739,work_12591,Undirected,MS_Ashmole_1276
work_14739,work_14730,Undirected,MS_Douce_362
work_14739,work_12247,Undirected,MS_Rawl_C_310
work_14739,work_10687,Undirected,MS_Rawl_C_310
work_14739,work_14730,Undirected,MS_Douce_362
work_14739,work_11347,Undirected,MS_Hatton_109
work_14739,work_14730,Undirected,MS_Douce_362
work_14739,work_4181,Undirected,MS_Hatton_28-part1
work_14739,work_14739,Undirected,MS_Hatton_28-part1
work_14739,work_5449,Undirected,MS_Hatton_28-part1
work_14739,work_4182,Undirected,MS_Hatton_28-part1
work_14739,work_10670,Undirected,MS_Douce_98
work_14739,work_14289,Undirected,MS_Douce_98
work_14739,work_14289,Undirected,MS_Lat_misc_d_64
work_14739,work_14730,Undirected,MS_Lat_misc_d_64
work_14739,work_4181,Undirected,MS_Douce_98
work_14739,work_4182,Undirected,MS_Douce_98
work_14739,work_4184,Undirected,MS_Douce_98
work_14739,work_14808,Undirected,MS_Douce_98
work_14739,work_4183,Undirected,MS_Douce_98
work_14739,work_13380,Undirected,MS_Lat_misc_d_64
work_14739,work_12937,Undirected,MS_Douce_98
work_14739,work_5448,Undirected,MS_Douce_98
work_14739,work_5447,Undirected,MS_Douce_98
work_14739,work_14730,Undirected,MS_Lat_misc_d_64
work_14739,work_5445,Undirected,MS_Douce_98
work_14739,work_4380,Undirected,MS_Douce_98
work_14739,work_4971,Undirected,MS_Douce_98
work_14739,work_14289,Undirected,MS_Rawl_C_310
work_14739,work_14808,Undirected,MS_Bodl_559
work_14739,work_4182,Undirected,MS_Bodl_559
work_14739,work_5447,Undirected,MS_Bodl_559
work_14739,work_5446,Undirected,MS_Douce_98
work_14739,work_14808,Undirected,MS_Hatton_28-part1
work_14739,work_4183,Undirected,MS_Bodl_559
work_14739,work_4184,Undirected,MS_Bodl_559
work_14739,work_14289,Undirected,MS_Bodl_559
work_1474,work_10010,Undirected,MS_Lat_misc_c_20
work_14740,work_12590,Undirected,MS_Rawl_B_520
work_14741,work_12995,Undirected,MS_Wood_empt_1-part1
work_14741,work_15381,Undirected,MS_Wood_empt_1-part1
work_14743,work_14289,Undirected,MS_Rawl_C_454
work_14743,work_12579,Undirected,MS_Rawl_C_454
work_14743,work_5447,Undirected,MS_Rawl_C_668a
work_14743,work_4183,Undirected,MS_Rawl_C_820
work_14743,work_5447,Undirected,MS_Rawl_C_820
work_14743,work_4185,Undirected,MS_Rawl_C_820
work_14743,work_12597,Undirected,MS_Rawl_C_820
work_14743,work_4182,Undirected,MS_Rawl_C_820
work_14743,work_12584,Undirected,Merton_College_MS_321-part1
work_14743,work_4181,Undirected,MS_Rawl_C_820
work_14743,work_12573,Undirected,Merton_College_MS_321-part1
work_14743,work_14808,Undirected,MS_Rawl_C_820
work_14743,work_14743,Undirected,Merton_College_MS_321-part1
work_14744,work_14289,Undirected,MS_Rawl_C_612b
work_14746,work_14746,Undirected,Exeter_College_MS_153
work_14746,work_14746,Undirected,Exeter_College_MS_153
work_14746,work_4183,Undirected,Christ_Church_MS_103
work_14746,work_14746,Undirected,Exeter_College_MS_153
work_14746,work_14746,Undirected,Exeter_College_MS_153
work_14746,work_14746,Undirected,Exeter_College_MS_153
work_14746,work_4182,Undirected,Christ_Church_MS_103
work_14746,work_13388,Undirected,Christ_Church_MS_103
work_14746,work_5447,Undirected,Christ_Church_MS_103
work_14746,work_14289,Undirected,Christ_Church_MS_103
work_14746,work_11861,Undirected,Christ_Church_MS_103
work_14746,work_14708,Undirected,Christ_Church_MS_103
work_14746,work_4181,Undirected,Christ_Church_MS_103
work_14746,work_16008,Undirected,Christ_Church_MS_103
work_14746,work_16009,Undirected,Christ_Church_MS_103
work_14746,work_11749,Undirected,Christ_Church_MS_103
work_14746,work_11750,Undirected,Christ_Church_MS_103
work_14746,work_13430,Undirected,Christ_Church_MS_103
work_14746,work_14289,Undirected,MS_Tanner_450
work_14746,work_14808,Undirected,Christ_Church_MS_103
work_14746,work_14746,Undirected,Exeter_College_MS_153
work_14746,work_12597,Undirected,MS_Rawl_C_459
work_14746,work_4184,Undirected,Christ_Church_MS_103
work_14746,work_11880,Undirected,MS_Rawl_C_507
work_14746,work_14289,Undirected,MS_Rawl_C_459
work_14746,work_12595,Undirected,MS_Rawl_C_507
work_14746,work_14985,Undirected,MS_Rawl_C_507
work_14746,work_14746,Undirected,Exeter_College_MS_153
work_14746,work_14746,Undirected,Exeter_College_MS_153
work_14746,work_14746,Undirected,Exeter_College_MS_153
work_14746,work_14746,Undirected,Exeter_College_MS_153
work_14746,work_14746,Undirected,Exeter_College_MS_153
work_14746,work_14746,Undirected,Exeter_College_MS_153
work_14746,work_14746,Undirected,Exeter_College_MS_153
work_14746,work_14746,Undirected,Exeter_College_MS_153
work_14747,work_14664,Undirected,MS_Douce_139-part3
work_14747,work_10888,Undirected,MS_Douce_139-part3
work_14771,work_14795,Undirected,MS_Ashmole_778
work_14784,work_14791,Undirected,MS_Rawl_statutes_34
work_14784,work_11993,Undirected,MS_Rawl_statutes_34
work_14784,work_14790,Undirected,MS_Rawl_statutes_34
work_1480,work_2442,Undirected,MS_Savile_13
work_1480,work_1482,Undirected,MS_Auct_F_6_23
work_1481,work_1127,Undirected,MS_Digby_98-part2
work_1481,work_13420,Undirected,MS_Digby_191-part1
work_1481,work_13156,Undirected,MS_Auct_F_5_28-part1
work_1481,work_6834,Undirected,MS_Canon_Class_Lat_309
work_1481,work_14950,Undirected,MS_Digby_191-part1
work_1481,work_4096,Undirected,MS_Auct_F_3_13-part1
work_1481,work_1128,Undirected,MS_Auct_F_3_13-part1
work_1481,work_711,Undirected,MS_Auct_F_3_13-part1
work_1481,work_6834,Undirected,MS_Arch_Selden_B_13
work_1481,work_630,Undirected,MS_Digby_174-part3
work_1481,work_2866,Undirected,MS_Digby_174-part3
work_1481,work_13156,Undirected,MS_Digby_174-part3
work_1481,work_289,Undirected,MS_Digby_174-part3
work_1481,work_6833,Undirected,MS_Arch_Selden_B_13
work_1481,work_15046,Undirected,MS_Digby_191-part1
work_1481,work_1479,Undirected,MS_Digby_174-part3
work_14813,work_5036,Undirected,MS_Bodl_29-part2
work_14816,work_10476,Undirected,MS_Lat_th_f_17
work_14816,work_12008,Undirected,MS_Lat_th_f_17
work_14820,work_11367,Undirected,MS_Canon_Misc_268-part1
work_1483,work_3786,Undirected,MS_Barocci_161
work_1483,work_3782,Undirected,MS_Barocci_161
work_14831,work_13278,Undirected,MS_Auct_D_inf_2_17-part2
work_14831,work_14083,Undirected,MS_Auct_D_inf_2_17-part2
work_14831,work_12072,Undirected,MS_Auct_D_inf_2_17-part2
work_14835,work_13547,Undirected,MS_Barocci_173-part2
work_14835,work_11689,Undirected,MS_Barocci_173-part2
work_14835,work_12396,Undirected,MS_Barocci_173-part2
work_14840,work_11989,Undirected,pr_Gough_Maps_45_fol_165
work_14847,work_14583,Undirected,Dep_c_630
work_14847,work_2492,Undirected,Dep_c_630
work_14847,work_2492,Undirected,Dep_c_630
work_14847,work_14583,Undirected,Dep_c_630
work_14847,work_10687,Undirected,MS_Laud_Lat_23
work_14847,work_14583,Undirected,Dep_c_630
work_14847,work_14583,Undirected,Dep_c_630
work_14847,work_13443,Undirected,MS_Hamilton_10-part3
work_14847,work_2492,Undirected,Dep_c_630
work_14847,work_16361,Undirected,Dep_c_630
work_14847,work_13443,Undirected,MS_Laud_Lat_23
work_14847,work_16543 work_12437,Undirected,MS_Laud_Lat_23
work_14847,work_14844,Undirected,Dep_c_630
work_1485,work_12824,Undirected,MS_Holkham_misc_28
work_1485,work_504,Undirected,MS_Holkham_misc_28
work_1485,work_511,Undirected,MS_Holkham_misc_28
work_1485,work_11019,Undirected,MS_Holkham_misc_28
work_1485,work_1156,Undirected,MS_Holkham_misc_28
work_1485,work_11712,Undirected,MS_Holkham_misc_28
work_1485,work_13482,Undirected,MS_Holkham_misc_28
work_1485,work_200,Undirected,MS_Holkham_misc_28
work_1485,work_10996,Undirected,MS_Holkham_misc_28
work_1485,work_10035,Undirected,MS_Holkham_misc_28
work_1485,work_13107,Undirected,MS_Holkham_misc_28
work_1485,work_11643,Undirected,MS_Holkham_misc_28
work_1485,work_12664,Undirected,MS_Holkham_misc_28
work_1485,work_10117,Undirected,MS_Holkham_misc_28
work_1485,work_13465,Undirected,MS_Holkham_misc_28
work_1485,work_11318,Undirected,MS_Holkham_misc_28
work_1485,work_7406,Undirected,MS_Holkham_misc_28
work_14860,work_12043,Undirected,MS_Douce_380
work_1488,work_1492,Undirected,MS_Auct_F_4_1
work_1488,work_1491,Undirected,MS_DOrville_73
work_1488,work_4579,Undirected,MS_DOrville_73
work_1488,work_1491,Undirected,MS_Auct_F_4_1
work_1488,work_1491,Undirected,MS_Auct_T_4_11
work_1488,work_1491,Undirected,MS_Barocci_120
work_1488,work_1492,Undirected,MS_Barocci_120
work_1488,work_4580,Undirected,MS_DOrville_73
work_14887,work_11823,Undirected,MS_Gr_class_c_17_P
work_14889,work_10022,Undirected,MS_Gr_class_c_58_P1-2
work_1489,work_1491,Undirected,MS_Auct_T_4_10
work_1489,work_1492,Undirected,MS_Auct_T_4_10
work_1489,work_1488,Undirected,MS_Auct_T_4_10
work_14894,work_14541,Undirected,MS_Lat_liturg_b_7-part30
work_14901,work_2370,Undirected,MS_Add_C_108
work_14901,work_2350,Undirected,MS_Rawl_C_152-part1
work_14901,work_4304,Undirected,MS_Add_C_108
work_14901,work_3967,Undirected,MS_Add_C_108
work_14901,work_12272,Undirected,MS_Add_C_108
work_14901,work_1878,Undirected,MS_Add_C_108
work_14905,work_14906,Undirected,MS_Eng_th_f_39
work_14905,work_14906,Undirected,MS_Eng_th_f_39
work_14905,work_15121,Undirected,MS_Eng_th_f_39
work_14905,work_4835,Undirected,MS_Eng_th_f_39
work_14905,work_14905,Undirected,MS_Eng_th_f_39
work_14905,work_14360,Undirected,MS_Eng_th_f_39
work_14905,work_15171,Undirected,MS_Eng_th_f_39
work_14905,work_14360,Undirected,MS_Eng_th_f_39
work_14905,work_14360,Undirected,MS_Eng_th_f_39
work_14907,work_14664,Undirected,MS_Ashmole_1285-part9
work_14917,work_570,Undirected,MS_Canon_Pat_Lat_22
work_14917,work_2452,Undirected,MS_Canon_Pat_Lat_22
work_14917,work_571,Undirected,MS_Canon_Pat_Lat_22
work_14917,work_572,Undirected,MS_Canon_Pat_Lat_22
work_14917,work_522,Undirected,MS_Canon_Pat_Lat_22
work_14917,work_2515,Undirected,MS_Canon_Pat_Lat_22
work_14917,work_11950,Undirected,MS_Canon_Pat_Lat_22
work_14917,work_13686,Undirected,MS_Canon_Pat_Lat_22
work_14929,work_11399,Undirected,MS_Bodl_596-part1
work_14929,work_5495,Undirected,MS_Bodl_596-part1
work_14929,work_11854,Undirected,MS_Bodl_596-part1
work_14929,work_11497,Undirected,MS_Bodl_596-part1
work_14929,work_11831,Undirected,MS_Douce_15
work_14929,work_5494,Undirected,MS_Bodl_596-part1
work_14929,work_5493,Undirected,MS_Bodl_596-part1
work_1493,work_4682,Undirected,MS_Laud_Gr_54
work_1493,work_2040,Undirected,MS_Laud_Gr_54
work_1493,work_3685,Undirected,MS_Laud_Gr_54
work_1493,work_2076,Undirected,MS_Laud_Gr_54
work_1493,work_4583,Undirected,MS_Laud_Gr_54
work_14944,work_14583,Undirected,MS_Lat_misc_f_14-part2
work_14946,work_13306,Undirected,MS_Add_E_15_R
work_14946,work_13378,Undirected,MS_Add_E_15_R
work_14948,work_3943,Undirected,MS_Bodl_3
work_14948,work_15346,Undirected,MS_Bodl_3
work_14948,work_13203,Undirected,MS_Bodl_3
work_14948,work_13918,Undirected,MS_Bodl_3
work_1495,work_3807,Undirected,MS_Canon_Pat_Lat_193
work_1495,work_3074,Undirected,MS_Canon_Pat_Lat_193
work_1495,work_3314,Undirected,MS_Canon_Pat_Lat_96
work_1495,work_965,Undirected,MS_Canon_Pat_Lat_96
work_1495,work_15308,Undirected,MS_Canon_Pat_Lat_96
work_1495,work_16059,Undirected,Merton_College_MS_315
work_1495,work_2046,Undirected,MS_Canon_Pat_Lat_96
work_1495,work_3074,Undirected,MS_Canon_Pat_Lat_96
work_1495,work_4485,Undirected,MS_Canon_Pat_Lat_96
work_14956,work_10338,Undirected,MS_Radcliffe_Trust_e_30-part2
work_14958,work_13209,Undirected,MS_Digby_95-part1
work_14960,work_2855,Undirected,MS_Digby_17-part2
work_14960,work_4356,Undirected,MS_Digby_17-part2
work_14971,work_11558,Undirected,MS_Canon_Liturg_322-part2
work_14971,work_10409,Undirected,MS_Digby_28-part2
work_14971,work_13886,Undirected,MS_Digby_28-part2
work_14971,work_14946,Undirected,MS_Canon_Liturg_322-part2
work_14971,work_3599,Undirected,MS_Digby_28-part2
work_14971,work_12151,Undirected,MS_Canon_Liturg_322-part2
work_14971,work_2753,Undirected,MS_Digby_28-part2
work_14971,work_2754,Undirected,MS_Digby_28-part2
work_14971,work_3861,Undirected,MS_Digby_28-part2
work_14971,work_4112,Undirected,MS_Digby_28-part2
work_14971,work_15308,Undirected,MS_Digby_28-part2
work_14971,work_4016,Undirected,MS_Digby_28-part2
work_14971,work_3305,Undirected,MS_Digby_28-part2
work_14971,work_10277,Undirected,MS_Digby_67-part4
work_14971,work_3856,Undirected,MS_Digby_28-part2
work_14971,work_3174,Undirected,MS_Digby_28-part2
work_14971,work_3072,Undirected,MS_Digby_28-part2
work_14971,work_14040,Undirected,MS_Digby_28-part2
work_14973,work_2303,Undirected,MS_Bodl_486-part1
work_14973,work_6786,Undirected,MS_Selden_Supra_87
work_14973,work_4219 work_4217,Undirected,MS_Selden_Supra_87
work_14973,work_2451,Undirected,MS_Rawl_C_100-part5
work_14979,work_2622,Undirected,MS_Bodl_549-part2
work_14979,work_4277,Undirected,MS_Bodl_549-part2
work_14979,work_4278,Undirected,MS_Bodl_549-part2
work_14979,work_3949,Undirected,MS_Bodl_549-part2
work_14979,work_2600,Undirected,MS_Bodl_549-part2
work_14979,work_3894,Undirected,MS_Bodl_549-part2
work_14979,work_2745,Undirected,MS_Bodl_549-part2
work_14979,work_13957,Undirected,MS_Bodl_549-part2
work_14983,work_11287,Undirected,MS_Laud_Misc_395
work_14983,work_14359,Undirected,MS_Laud_Misc_395
work_14986,work_14953,Undirected,MS_Ashmole_344
work_14986,work_2764,Undirected,MS_Ashmole_344
work_14986,work_15085,Undirected,MS_Ashmole_344
work_14987,work_13188,Undirected,MS_Rawl_D_247
work_14992,work_11034,Undirected,MS_Junius_83-part1
work_14992,work_16385,Undirected,MS_Junius_83-part1
work_14992,work_10687,Undirected,MS_Digby_15
work_14992,work_10687,Undirected,MS_Junius_83-part1
work_14992,work_4937,Undirected,MS_Digby_15
work_14992,work_2865,Undirected,MS_Digby_15
work_14992,work_409,Undirected,MS_Digby_15
work_14992,work_14513,Undirected,MS_Digby_15
work_14992,work_2592,Undirected,MS_Digby_15
work_14995,work_15599,Undirected,St_Johns_College_MS_75-part3
work_14995,work_3110,Undirected,St_Johns_College_MS_75-part3
work_14996,work_13880,Undirected,MS_Canon_Ital_193
work_14997,work_13950,Undirected,MS_Canon_Ital_181
work_14997,work_12185,Undirected,MS_Bodl_1029
work_14997,work_15352,Undirected,MS_Bodl_1029
work_14997,work_13881,Undirected,MS_Bodl_1029
work_14997,work_13881,Undirected,MS_Bodl_1029
work_14997,work_15090,Undirected,MS_Bodl_1029
work_14999,work_14583,Undirected,MS_Lyell_51-part9
work_14999,work_6464,Undirected,MS_Lat_th_e_22-part1
work_14999,work_6465,Undirected,MS_Lat_th_e_22-part1
work_14999,work_11747,Undirected,MS_Canon_Misc_269
work_14999,work_523,Undirected,MS_Canon_Misc_269
work_14999,work_1279,Undirected,MS_Canon_Misc_269
work_14999,work_4220,Undirected,MS_Canon_Misc_269
work_14999,work_6464,Undirected,MS_Lat_th_e_22-part1
work_14999,work_3138,Undirected,MS_Canon_Misc_64
work_14999,work_11139,Undirected,MS_Laud_Misc_439-part4
work_14999,work_12597,Undirected,MS_Canon_Misc_269
work_1500,work_1507,Undirected,MS_Auct_E_1_9-part2
work_15007,work_14578,Undirected,MS_Canon_Gr_21
work_15007,work_10420,Undirected,MS_Canon_Gr_21
work_1501,work_15308,Undirected,MS_Ashmole_1524-part1
work_1501,work_14583,Undirected,MS_Ashmole_1524-part1
work_1501,work_3395,Undirected,MS_Ashmole_1524-part1
work_15014,work_16424,Undirected,MS_Lat_misc_d_66-PartD
work_15014,work_11870,Undirected,MS_Lat_misc_d_66-PartD
work_15014,work_902,Undirected,MS_Bodl_310-part2
work_15014,work_6288,Undirected,MS_Bodl_490-part2
work_15015,work_10354,Undirected,MS_Radcliffe_Trust_e_30-part1
work_15015,work_14838,Undirected,MS_Radcliffe_Trust_e_30-part1
work_15017,work_11086,Undirected,MS_Lat_misc_d_95_R
work_15017,work_13385,Undirected,MS_Lat_misc_d_95_R
work_15017,work_13384,Undirected,MS_Lat_misc_d_95_R
work_15017,work_13387,Undirected,MS_Lat_misc_d_95_R
work_15017,work_11086,Undirected,MS_Lat_misc_d_95_R
work_15017,work_14075,Undirected,MS_Lat_misc_d_95_R
work_15017,work_14463,Undirected,MS_Lat_misc_d_95_R
work_15017,work_15512,Undirected,MS_Lat_misc_d_95_R
work_15017,work_12164,Undirected,MS_Lat_misc_d_95_R
work_15017,work_14919,Undirected,MS_Lat_misc_d_95_R
work_15017,work_13386,Undirected,MS_Lat_misc_d_95_R
work_15017,work_13383,Undirected,MS_Lat_misc_d_95_R
work_15017,work_13382,Undirected,MS_Lat_misc_d_95_R
work_15018,work_13208,Undirected,MS_Canon_Ital_219
work_15018,work_13232,Undirected,MS_Canon_Ital_219
work_15018,work_13227,Undirected,MS_Canon_Ital_219
work_15020,work_15071,Undirected,MS_Canon_Misc_220
work_15020,work_13685,Undirected,MS_Canon_Misc_220
work_15020,work_1246,Undirected,MS_Canon_Misc_220
work_15021,work_3337,Undirected,MS_Lat_th_d_12
work_15021,work_1769,Undirected,MS_Lat_th_d_12
work_15022,work_11795,Undirected,MS_Canon_Pat_Lat_54
work_15025,work_15430,Undirected,MS_Rawl_B_410
work_15025,work_11340,Undirected,MS_Rawl_B_410
work_15029,work_14976,Undirected,MS_Rawl_D_483
work_1503,work_1506,Undirected,MS_Auct_E_1_10
work_1503,work_3389,Undirected,MS_Auct_E_1_11
work_1503,work_6735,Undirected,MS_Auct_E_1_11
work_1503,work_6734,Undirected,MS_Auct_E_1_11
work_1503,work_6733,Undirected,MS_Auct_E_1_11
work_1503,work_1506,Undirected,MS_Auct_E_1_11
work_15032,work_14397,Undirected,MS_Eng_hist_c_486
work_15032,work_1688,Undirected,MS_Eng_hist_c_486
work_15032,work_15032,Undirected,MS_Eng_hist_c_486
work_15033,work_13918,Undirected,MS_Rawl_C_751
work_15033,work_14544,Undirected,MS_Rawl_C_751
work_15037,work_2914,Undirected,MS_Add_A_103-part3
work_15044,work_2126,Undirected,MS_Bodl_625-part1
work_15044,work_16392,Undirected,MS_Bodl_625-part1
work_15044,work_15044,Undirected,MS_Bodl_625-part1
work_15044,work_15041,Undirected,MS_Bodl_625-part1
work_15046,work_433,Undirected,MS_Digby_104-part5
work_15050,work_3709,Undirected,MS_Canon_Misc_38-part1
work_15050,work_2276,Undirected,MS_Canon_Misc_38-part1
work_15050,work_3003,Undirected,MS_Canon_Misc_38-part1
work_15050,work_1882,Undirected,MS_Canon_Misc_38-part1
work_15056,work_2090,Undirected,MS_Eng_misc_f_36
work_15056,work_4865,Undirected,MS_Eng_misc_f_36
work_15059,work_14354,Undirected,MS_Douce_271
work_15060,work_11509,Undirected,MS_Cherry_3
work_15062,work_16516,Undirected,MS_Ashmole_342-part1
work_15062,work_16532,Undirected,MS_Ashmole_342-part1
work_15062,work_16533,Undirected,MS_Ashmole_342-part1
work_15062,work_16534,Undirected,MS_Ashmole_342-part1
work_15062,work_1076,Undirected,MS_Ashmole_342-part1
work_15062,work_16532,Undirected,MS_Ashmole_342-part1
work_15062,work_14022,Undirected,MS_Ashmole_342-part1
work_15062,work_6754,Undirected,MS_Ashmole_342-part1
work_15062,work_11334,Undirected,MS_Ashmole_342-part1
work_15062,work_11227,Undirected,MS_Ashmole_342-part1
work_15062,work_11227,Undirected,MS_Ashmole_342-part1
work_15062,work_6755,Undirected,MS_Ashmole_342-part1
work_15065,work_11288,Undirected,MS_Canon_Pat_Lat_95
work_15066,work_10409,Undirected,MS_Ashmole_342-part5
work_15066,work_10409,Undirected,MS_Ashmole_342-part5
work_15066,work_10409,Undirected,MS_Ashmole_342-part5
work_15066,work_14021,Undirected,MS_Ashmole_342-part5
work_15066,work_16531,Undirected,MS_Ashmole_342-part5
work_15066,work_16516,Undirected,MS_Ashmole_342-part5
work_15066,work_13843,Undirected,MS_Ashmole_342-part5
work_15066,work_14021,Undirected,MS_Ashmole_342-part5
work_15066,work_16516,Undirected,MS_Ashmole_342-part5
work_15066,work_14021,Undirected,MS_Ashmole_342-part5
work_15066,work_16516,Undirected,MS_Ashmole_342-part5
work_15067,work_16337,Undirected,MS_Hamilton_17-part2
work_15068,work_15068,Undirected,MS_Canon_Misc_95
work_15068,work_2053,Undirected,MS_Canon_Misc_95
work_15068,work_14349,Undirected,MS_Canon_Misc_95
work_15068,work_15308,Undirected,MS_Canon_Misc_95
work_15068,work_2191,Undirected,MS_Canon_Misc_95
work_15073,work_11417,Undirected,MS_Carte_91
work_15073,work_11492,Undirected,MS_Carte_91
work_15073,work_11621,Undirected,MS_Carte_91
work_15074,work_14939,Undirected,MS_Douce_103-part4
work_15080,work_14583,Undirected,MS_Bodl_440
work_15080,work_14999,Undirected,MS_Bodl_440
work_15080,work_11760,Undirected,MS_Bodl_440
work_15080,work_2089,Undirected,MS_Bodl_440
work_1509,work_7043,Undirected,Merton_College_MS_127
work_1509,work_7042,Undirected,Merton_College_MS_127
work_15090,work_14997,Undirected,MS_Canon_Ital_299
work_15090,work_14356,Undirected,MS_Canon_Ital_299
work_15090,work_1069,Undirected,MS_Canon_Ital_299
work_15090,work_2162,Undirected,MS_Canon_Ital_299
work_15091,work_15283,Undirected,MS_Ashmole_1280-part7
work_15091,work_15163,Undirected,MS_Digby_154-part1
work_15091,work_3519,Undirected,MS_Digby_154-part1
work_15091,work_15266,Undirected,MS_Ashmole_1280-part2
work_15091,work_2929,Undirected,MS_Bodl_490-part1
work_15106,work_2797,Undirected,MS_Laud_Misc_683-part2
work_15110,work_11301,Undirected,MS_Digby_11-part1
work_15110,work_13519,Undirected,MS_Digby_11-part1
work_15110,work_2610,Undirected,MS_Digby_11-part1
work_15110,work_14804,Undirected,MS_Digby_11-part1
work_15110,work_3370,Undirected,MS_Digby_11-part1
work_15111,work_193,Undirected,MS_Bodl_676
work_15111,work_10409,Undirected,MS_Bodl_676
work_15111,work_2641,Undirected,MS_Bodl_676
work_15111,work_4373,Undirected,MS_Bodl_676
work_15111,work_1453,Undirected,MS_Bodl_676
work_15111,work_5023,Undirected,MS_Bodl_676
work_15120,work_4951,Undirected,MS_Rawl_C_677
work_15120,work_2810,Undirected,MS_Rawl_C_677
work_15120,work_10409,Undirected,MS_Rawl_C_677
work_15120,work_4374,Undirected,MS_Rawl_C_677
work_15120,work_4451,Undirected,MS_Rawl_C_677
work_15120,work_4347,Undirected,MS_Rawl_C_677
work_15120,work_11123,Undirected,MS_Rawl_C_677
work_15120,work_4950,Undirected,MS_Rawl_C_677
work_15120,work_2592,Undirected,MS_Rawl_C_677
work_15120,work_2762,Undirected,MS_Rawl_C_677
work_15120,work_15343,Undirected,MS_Rawl_C_677
work_15120,work_4943,Undirected,MS_Rawl_C_677
work_15120,work_4945,Undirected,MS_Rawl_C_677
work_15120,work_5022,Undirected,MS_Rawl_C_677
work_15120,work_4348,Undirected,MS_Rawl_C_677
work_15129,work_15177,Undirected,MS_Rawl_C_4
work_15129,work_4302,Undirected,MS_Rawl_C_4
work_15129,work_12828,Undirected,MS_Rawl_C_4
work_15129,work_11441,Undirected,MS_Rawl_C_4
work_1513,work_1513,Undirected,MS_Barocci_122
work_1513,work_1513,Undirected,MS_Roe_7
work_15132,work_14583,Undirected,MS_Hamilton_55-part1
work_15134,work_1491,Undirected,MS_Canon_Gr_86
work_15134,work_4579,Undirected,MS_Canon_Gr_86
work_15134,work_1488,Undirected,MS_Canon_Gr_86
work_15134,work_4682,Undirected,MS_Canon_Gr_86
work_15134,work_4683,Undirected,MS_Canon_Gr_86
work_15134,work_4582,Undirected,MS_Canon_Gr_86
work_15135,work_13514,Undirected,MS_Rawl_C_317
work_15135,work_11870,Undirected,MS_Rawl_C_317
work_15135,work_11760,Undirected,MS_Rawl_C_317
work_15135,work_13723,Undirected,MS_Rawl_C_317
work_15135,work_2191,Undirected,MS_Rawl_C_317
work_1514,work_4705,Undirected,MS_Barocci_101
work_15151,work_11279,Undirected,MS_Laud_Misc_258
work_15151,work_1021,Undirected,MS_Laud_Misc_258
work_15156,work_14583,Undirected,MS_Bodl_807-part4
work_15156,work_15014,Undirected,MS_Bodl_807-part4
work_15159,work_15159,Undirected,MS_Ashmole_1379
work_15159,work_10763,Undirected,MS_Ashmole_1379
work_1516,work_2504,Undirected,MS_Barocci_169
work_1516,work_2026,Undirected,MS_Barocci_169
work_1516,work_2029,Undirected,MS_Barocci_169
work_1516,work_2030,Undirected,MS_Barocci_169
work_1516,work_2502,Undirected,MS_Barocci_169
work_15161,work_1917,Undirected,MS_Lat_th_e_12
work_15161,work_15006,Undirected,MS_Canon_Misc_85
work_15161,work_1917,Undirected,MS_Lat_th_e_12
work_15161,work_2584,Undirected,MS_Lat_th_e_12
work_15165,work_13273,Undirected,MS_Tanner_201
work_15166,work_12912,Undirected,MS_Laud_Misc_229
work_15166,work_14548,Undirected,MS_Laud_Misc_229
work_15167,work_1998,Undirected,MS_Laud_Misc_2
work_15167,work_15292,Undirected,MS_Laud_Misc_2
work_15167,work_4560,Undirected,MS_Laud_Misc_2
work_15167,work_15292,Undirected,MS_Laud_Misc_2
work_15176,work_3231,Undirected,MS_Canon_Pat_Lat_27
work_15176,work_2426,Undirected,MS_Canon_Pat_Lat_27
work_15176,work_801,Undirected,MS_Canon_Pat_Lat_27
work_15176,work_15471,Undirected,MS_Canon_Pat_Lat_27
work_15176,work_3888,Undirected,MS_Canon_Pat_Lat_27
work_15181,work_4790,Undirected,MS_Lyell_empt_10
work_1519,work_15325,Undirected,MS_Barocci_81
work_15193,work_13219,Undirected,MS_Ashmole_1413-part1
work_15194,work_11760,Undirected,MS_Bodl_648-part3
work_15194,work_10409,Undirected,MS_Bodl_648-part3
work_15194,work_6145,Undirected,MS_Bodl_648-part3
work_15194,work_2807,Undirected,MS_Bodl_648-part3
work_15194,work_10975,Undirected,MS_Bodl_648-part3
work_15194,work_324,Undirected,MS_Bodl_648-part3
work_15194,work_10409,Undirected,MS_Bodl_648-part3
work_15194,work_16243,Undirected,MS_Bodl_648-part3
work_15194,work_200,Undirected,MS_Bodl_648-part3
work_15194,work_10409,Undirected,MS_Bodl_648-part3
work_15205,work_1718,Undirected,MS_Laud_Misc_530-part2
work_15205,work_15308,Undirected,MS_Laud_Misc_530-part2
work_15205,work_15308,Undirected,MS_Laud_Misc_530-part2
work_15205,work_15308,Undirected,MS_Laud_Misc_530-part2
work_15205,work_15308,Undirected,MS_Laud_Misc_530-part2
work_15205,work_11227,Undirected,MS_Laud_Misc_530-part2
work_15205,work_13730,Undirected,MS_Laud_Misc_530-part2
work_15205,work_15308,Undirected,MS_Laud_Misc_530-part2
work_15208,work_13101,Undirected,MS_Digby_104-part12
work_15208,work_12817,Undirected,MS_Digby_104-part12
work_15227,work_2125,Undirected,MS_Fairfax_17
work_15227,work_1727,Undirected,MS_Fairfax_17
work_15227,work_15219,Undirected,MS_Fairfax_17
work_15227,work_11737,Undirected,MS_Fairfax_17
work_15227,work_14583,Undirected,MS_Fairfax_17
work_15227,work_1040,Undirected,MS_Fairfax_17
work_15227,work_4191,Undirected,MS_Fairfax_17
work_15231,work_3933,Undirected,MS_Digby_149-part5
work_15233,work_14111,Undirected,MS_Barocci_107
work_15237,work_11263,Undirected,MS_Laud_Misc_205-part1
work_15237,work_2112,Undirected,MS_Laud_Misc_205-part1
work_15237,work_11288,Undirected,MS_Laud_Misc_205-part1
work_15241,work_3880,Undirected,MS_Bodl_848-part1
work_15241,work_1917,Undirected,MS_Bodl_848-part1
work_15241,work_310,Undirected,MS_Bodl_848-part1
work_15241,work_1032,Undirected,MS_Bodl_848-part1
work_15241,work_4332,Undirected,MS_Bodl_848-part1
work_15245,work_2820,Undirected,MS_Auct_T_1_6
work_15245,work_16227,Undirected,MS_Auct_T_1_6
work_15251,work_13946,Undirected,MS_Canon_Ital_208
work_15254,work_12046,Undirected,MS_Hamilton_40
work_15257,work_2268,Undirected,MS_Bodl_575
work_15257,work_1442,Undirected,MS_Bodl_575
work_15266,work_401,Undirected,MS_Rawl_C_67
work_15266,work_234,Undirected,MS_Rawl_C_67
work_15266,work_11167,Undirected,MS_Rawl_C_67
work_1527,work_13053,Undirected,MS_Canon_Ital_278
work_15273,work_4363,Undirected,MS_Bodl_801-part3
work_15273,work_12403,Undirected,MS_Bodl_801-part3
work_15275,work_4120,Undirected,MS_Douce_306
work_15275,work_10994,Undirected,MS_Douce_306
work_15275,work_11555,Undirected,MS_Douce_306
work_15275,work_10052,Undirected,MS_Douce_306
work_15275,work_12916,Undirected,MS_Douce_306
work_15279,work_10405,Undirected,MS_Digby_88
work_15279,work_13185,Undirected,MS_Digby_88
work_15279,work_14020,Undirected,MS_Digby_88
work_15283,work_15091,Undirected,MS_Laud_Misc_527-part6
work_15283,work_16173,Undirected,MS_Laud_Misc_527-part6
work_15285,work_10875,Undirected,MS_Digby_8
work_15285,work_14858,Undirected,MS_Digby_8
work_15287,work_1628,Undirected,MS_Wood_empt_16
work_15292,work_2201,Undirected,Merton_College_MS_130
work_15292,work_11250,Undirected,Merton_College_MS_130
work_15293,work_17012,Undirected,Merton_College_MS_180-part3
work_15301,work_4287,Undirected,MS_Bodl_938
work_15301,work_13918,Undirected,MS_Bodl_938
work_15308,work_3959,Undirected,MS_Canon_Misc_96
work_15308,work_4004,Undirected,MS_Canon_Misc_96
work_15308,work_2420,Undirected,MS_Canon_Misc_96
work_15308,work_2418,Undirected,MS_Canon_Misc_96
work_15308,work_14520,Undirected,MS_Lat_misc_c_17-part6
work_15308,work_3907,Undirected,MS_Rawl_C_33
work_15308,work_1189,Undirected,MS_Rawl_C_33
work_15308,work_4027,Undirected,MS_Rawl_C_33
work_15308,work_13060,Undirected,MS_Ashmole_1289-part1
work_15308,work_10471,Undirected,MS_Ashmole_1289-part1
work_15308,work_2089,Undirected,MS_Fairfax_26
work_15308,work_15291,Undirected,MS_Add_C_271
work_15308,work_792,Undirected,MS_Fairfax_26
work_15308,work_12285,Undirected,MS_Fairfax_26
work_15308,work_15437,Undirected,MS_Laud_Misc_221-part4
work_15308,work_13730,Undirected,MS_Fairfax_26
work_15308,work_2423,Undirected,MS_Canon_Misc_96
work_15308,work_1593,Undirected,MS_Canon_Misc_96
work_15308,work_888,Undirected,MS_Canon_Misc_96
work_15308,work_2048,Undirected,MS_Laud_Misc_384
work_15308,work_12325,Undirected,MS_Laud_Misc_384
work_15308,work_1075,Undirected,MS_Laud_Misc_384
work_15308,work_13853,Undirected,MS_Rawl_C_33
work_15308,work_3450,Undirected,MS_Rawl_C_33
work_15308,work_3962,Undirected,MS_Bodl_797-part1
work_15308,work_4325,Undirected,MS_Rawl_C_33
work_15308,work_13684,Undirected,MS_Arch_Selden_B_25-part4
work_15308,work_1170,Undirected,MS_Laud_Misc_277
work_15308,work_2158,Undirected,MS_Laud_Misc_277
work_15308,work_14329,Undirected,MS_Laud_Misc_697-part1
work_15308,work_4973,Undirected,MS_Laud_Misc_277
work_15308,work_4974,Undirected,MS_Laud_Misc_277
work_15308,work_3505,Undirected,MS_Laud_Misc_277
work_15308,work_820,Undirected,St_Johns_College_MS_173
work_15308,work_1375,Undirected,St_Johns_College_MS_173
work_15308,work_14583,Undirected,MS_Canon_Misc_97
work_15308,work_14583,Undirected,MS_Laud_Misc_221-part4
work_15308,work_1868,Undirected,MS_Fairfax_26
work_15308,work_2333,Undirected,St_Johns_College_MS_173
work_15308,work_2057,Undirected,MS_Douce_89
work_15308,work_14583,Undirected,MS_Digby_168-part4
work_15308,work_11687,Undirected,MS_Tanner_337
work_15308,work_14583,Undirected,MS_Douce_89
work_15308,work_15024,Undirected,MS_Tanner_337
work_15308,work_3922,Undirected,MS_Douce_89
work_15311,work_3805,Undirected,MS_Ashmole_751
work_15311,work_4296,Undirected,MS_Ashmole_751
work_15311,work_3952,Undirected,MS_Ashmole_751
work_15311,work_2740,Undirected,MS_Ashmole_751
work_15311,work_1447,Undirected,MS_Ashmole_751
work_15322,work_15308,Undirected,MS_Ashmole_1398-part4
work_15331,work_3983,Undirected,MS_Rawl_C_116
work_15331,work_3888,Undirected,MS_Rawl_C_116
work_15331,work_11267,Undirected,MS_Rawl_C_116
work_15343,work_10409,Undirected,MS_Digby_193
work_15343,work_711,Undirected,MS_Digby_193
work_15343,work_4069,Undirected,MS_Digby_193
work_15343,work_10277,Undirected,MS_Digby_193
work_15343,work_411,Undirected,MS_Ashmole_361-part2
work_15343,work_373,Undirected,MS_Ashmole_361-part2
work_15343,work_10416,Undirected,MS_Ashmole_361-part2
work_15343,work_14951,Undirected,MS_Ashmole_361-part2
work_15343,work_205,Undirected,MS_Digby_193
work_15343,work_2590,Undirected,MS_Digby_193
work_15343,work_409,Undirected,MS_Ashmole_361-part2
work_15343,work_3599,Undirected,MS_Digby_193
work_15343,work_2592,Undirected,MS_Digby_193
work_15345,work_5570,Undirected,MS_Bodl_540
work_15345,work_5569,Undirected,MS_Bodl_540
work_15350,work_12998,Undirected,MS_Tanner_10-star_R
work_15356,work_13420,Undirected,MS_Digby_25
work_15356,work_1385,Undirected,MS_Digby_25
work_15361,work_14583,Undirected,MS_Hamilton_55-part2
work_15361,work_7321,Undirected,MS_Hamilton_55-part2
work_15361,work_15124,Undirected,MS_Hamilton_55-part2
work_15361,work_2355,Undirected,MS_Hamilton_55-part2
work_1537,work_1797,Undirected,MS_Ital_e_2
work_1537,work_1418,Undirected,MS_Ital_e_2
work_1537,work_1544,Undirected,MS_Ital_e_2
work_15374,work_12845,Undirected,MS_Laud_Misc_44-part2
work_15374,work_15374,Undirected,MS_Laud_Misc_44-part2
work_15374,work_12867,Undirected,MS_Laud_Misc_44-part2
work_15390,work_14052,Undirected,MS_Douce_222
work_15390,work_16041,Undirected,MS_Douce_222
work_15391,work_7384,Undirected,Exeter_College_MS_35-partD
work_15399,work_12150,Undirected,MS_Barocci_25-part4
work_15400,work_5644,Undirected,MS_Holkham_Gr_10
work_15400,work_1514,Undirected,MS_Holkham_Gr_10
work_15400,work_5640,Undirected,MS_Holkham_Gr_10
work_15400,work_5643,Undirected,MS_Holkham_Gr_10
work_15400,work_5641,Undirected,MS_Holkham_Gr_10
work_15400,work_5642,Undirected,MS_Holkham_Gr_10
work_15400,work_2650,Undirected,MS_Holkham_Gr_10
work_15407,work_6598,Undirected,MS_Bodl_39_endleaf_fols_iv-ix
work_1542,work_1566,Undirected,MS_Lat_misc_e_52
work_1542,work_1543,Undirected,MS_Lat_misc_e_52
work_15420,work_3536,Undirected,St_Johns_College_MS_58
work_15420,work_15420,Undirected,St_Johns_College_MS_58
work_15420,work_16478,Undirected,St_Johns_College_MS_58
work_15420,work_14992,Undirected,St_Johns_College_MS_58
work_15428,work_13024,Undirected,MS_Gr_class_f_62_P
work_15437,work_1660,Undirected,MS_Lat_th_e_44
work_15437,work_14583,Undirected,MS_Lat_th_e_44
work_15437,work_14946,Undirected,MS_Lat_th_e_44
work_15437,work_1660,Undirected,MS_Lat_th_e_44
work_15437,work_1660,Undirected,MS_Lat_th_e_44
work_15437,work_14583,Undirected,MS_Lat_th_e_44
work_15437,work_14583,Undirected,MS_Lat_th_e_44
work_15437,work_15431,Undirected,MS_Lat_th_e_44
work_15437,work_3024,Undirected,MS_Laud_Lat_25-part2
work_15437,work_5118,Undirected,MS_Laud_Lat_25-part2
work_15437,work_3905,Undirected,MS_Lat_th_e_44
work_15437,work_4244,Undirected,MS_Laud_Misc_457
work_15437,work_17088,Undirected,MS_Laud_Misc_457
work_15437,work_17087,Undirected,MS_Laud_Misc_457
work_15437,work_1660,Undirected,MS_Lat_th_e_44
work_15437,work_382,Undirected,MS_Laud_Misc_457
work_15437,work_14583,Undirected,MS_Lat_th_e_44
work_15437,work_1130,Undirected,MS_Laud_Misc_457
work_15437,work_14801,Undirected,MS_Lat_th_e_44
work_15437,work_4980,Undirected,MS_Laud_Misc_457
work_15437,work_17089,Undirected,MS_Laud_Misc_457
work_15437,work_17085,Undirected,MS_Laud_Misc_457
work_15437,work_527,Undirected,MS_Laud_Misc_457
work_15437,work_2667,Undirected,MS_Laud_Misc_457
work_15437,work_4980,Undirected,MS_Laud_Misc_457
work_15437,work_4116,Undirected,MS_Laud_Misc_457
work_15437,work_16239,Undirected,MS_Laud_Misc_457
work_15437,work_382,Undirected,MS_Laud_Misc_457
work_15439,work_14321,Undirected,MS_Laud_Misc_697-part2
work_15439,work_12262,Undirected,MS_Laud_Misc_697-part2
work_15439,work_15442,Undirected,MS_Laud_Misc_697-part2
work_15451,work_4698,Undirected,MS_Ashmole_1427
work_15451,work_15391,Undirected,MS_Ashmole_1427
work_15459,work_13930,Undirected,MS_Douce_42
work_15459,work_12058,Undirected,MS_Douce_42
work_15466,work_4004,Undirected,MS_Canon_Pat_Lat_42
work_15466,work_3983,Undirected,MS_Canon_Pat_Lat_42
work_15466,work_3888,Undirected,MS_Canon_Pat_Lat_42
work_15467,work_3888,Undirected,MS_Canon_Pat_Lat_17
work_15467,work_3983,Undirected,MS_Canon_Pat_Lat_17
work_15469,work_13432,Undirected,MS_Laud_Misc_410-part1
work_15469,work_15452,Undirected,MS_Laud_Misc_410-part1
work_15469,work_15455,Undirected,MS_Laud_Misc_410-part1
work_15469,work_4934,Undirected,MS_Laud_Misc_410-part1
work_15483,work_14298,Undirected,MS_Canon_Ital_254
work_15483,work_14308,Undirected,MS_Canon_Ital_264
work_15484,work_6312,Undirected,MS_Bodl_386
work_15484,work_13322,Undirected,MS_Bodl_386
work_15484,work_16307,Undirected,MS_Bodl_386
work_15484,work_4068,Undirected,MS_Bodl_386
work_15484,work_12231,Undirected,MS_Bodl_386
work_15484,work_2431,Undirected,MS_Bodl_386
work_15484,work_16305,Undirected,MS_Bodl_386
work_15484,work_6313,Undirected,MS_Bodl_386
work_15484,work_16306,Undirected,MS_Bodl_386
work_15484,work_6313,Undirected,MS_Laud_Misc_346
work_15484,work_2432,Undirected,MS_Laud_Misc_346
work_15484,work_720,Undirected,MS_Laud_Misc_346
work_15484,work_3447,Undirected,MS_Canon_Misc_167
work_15484,work_3868,Undirected,MS_Laud_Misc_471-part1
work_15484,work_11760,Undirected,MS_Laud_Misc_471-part1
work_15484,work_13322,Undirected,MS_Laud_Misc_471-part1
work_15484,work_13402,Undirected,MS_Laud_Misc_471-part1
work_15484,work_15460,Undirected,MS_Laud_Misc_471-part1
work_15484,work_15266,Undirected,MS_Laud_Misc_471-part1
work_15484,work_4040,Undirected,MS_Laud_Misc_471-part1
work_15484,work_15475,Undirected,MS_Canon_Misc_167
work_15484,work_6312,Undirected,MS_Laud_Misc_346
work_15484,work_16305,Undirected,MS_Laud_Misc_346
work_15484,work_2431,Undirected,MS_Laud_Misc_346
work_15484,work_16307,Undirected,MS_Laud_Misc_346
work_15484,work_2430,Undirected,MS_Laud_Misc_346
work_15484,work_15412,Undirected,MS_Laud_Misc_346
work_15484,work_4068,Undirected,MS_Laud_Misc_346
work_15484,work_16306,Undirected,MS_Laud_Misc_346
work_15486,work_14583,Undirected,MS_Laud_Misc_369
work_15486,work_15283,Undirected,MS_Laud_Misc_369
work_15486,work_13197,Undirected,MS_Laud_Misc_369
work_15486,work_1917,Undirected,MS_Laud_Misc_369
work_15486,work_15198,Undirected,MS_Laud_Misc_369
work_15486,work_14583,Undirected,MS_Laud_Misc_369
work_15486,work_15124,Undirected,MS_Laud_Misc_369
work_15488,work_15487,Undirected,MS_Lat_misc_e_85-part1
work_15493,work_1806,Undirected,MS_Laud_Misc_527-part1
work_15493,work_1425,Undirected,MS_Laud_Misc_527-part1
work_15493,work_409,Undirected,MS_Laud_Misc_527-part1
work_15493,work_14973,Undirected,MS_Laud_Misc_527-part1
work_15493,work_4302,Undirected,MS_Laud_Misc_527-part1
work_15493,work_15014,Undirected,MS_Laud_Misc_527-part1
work_15493,work_13689,Undirected,MS_Laud_Misc_527-part1
work_15496,work_4622,Undirected,Christ_Church_MS_107
work_15496,work_14973,Undirected,Christ_Church_MS_105
work_15496,work_12461,Undirected,Christ_Church_MS_105
work_15496,work_4622,Undirected,Christ_Church_MS_110
work_15496,work_4622,Undirected,Merton_College_MS_235
work_15496,work_10687,Undirected,Christ_Church_MS_105
work_15496,work_4622,Undirected,Christ_Church_MS_105
work_15496,work_4622,Undirected,Christ_Church_MS_109
work_15496,work_4622,Undirected,Merton_College_MS_7
work_15496,work_2427,Undirected,Christ_Church_MS_108
work_15496,work_4622,Undirected,St_Johns_College_MS_4
work_15496,work_4622,Undirected,St_Johns_College_MS_29
work_1551,work_12151,Undirected,MS_Canon_Misc_535
work_15523,work_17119,Undirected,MS_Laud_Lat_99
work_15523,work_14066,Undirected,MS_Laud_Lat_99
work_15523,work_11678,Undirected,MS_Laud_Lat_99
work_15523,work_12443,Undirected,MS_Canon_Bibl_Lat_9
work_15523,work_14658,Undirected,MS_Laud_Lat_99
work_15523,work_2330,Undirected,MS_Lat_bib_c_10
work_15523,work_15522,Undirected,MS_Laud_Lat_99
work_15524,work_10096,Undirected,MS_Canon_Bibl_Lat_53
work_15535,work_2008,Undirected,MS_Auct_T_2_13
work_15535,work_6117,Undirected,MS_Auct_T_2_13
work_15541,work_13203,Undirected,MS_Lat_misc_d_69
work_15541,work_14852,Undirected,MS_Lat_misc_d_69
work_15541,work_12358,Undirected,MS_Lat_misc_d_69
work_15541,work_13417,Undirected,MS_Lat_misc_d_69
work_15541,work_15008,Undirected,MS_Lat_misc_d_69
work_15541,work_14856,Undirected,MS_Lat_misc_d_69
work_15544,work_14753,Undirected,MS_Ashmole_1152
work_15544,work_13831,Undirected,MS_Ashmole_1152
work_15544,work_10086,Undirected,MS_Ashmole_1152
work_15553,work_14289,Undirected,MS_Rawl_C_168-part4
work_15553,work_10887,Undirected,MS_Rawl_C_168-part4
work_15559,work_15554,Undirected,MS_Rawl_C_187
work_15563,work_15566,Undirected,MS_Tanner_13
work_15563,work_15568,Undirected,MS_Tanner_13
work_15563,work_15563,Undirected,MS_Tanner_13
work_15563,work_15568,Undirected,MS_Tanner_13
work_15563,work_15563,Undirected,MS_Tanner_13
work_15563,work_15563,Undirected,MS_Tanner_13
work_15563,work_15566,Undirected,MS_Tanner_13
work_15567,work_15556,Undirected,MS_Lat_misc_c_55
work_15567,work_15558,Undirected,MS_Lat_misc_c_55
work_15567,work_15555,Undirected,MS_Lat_misc_c_55
work_15567,work_15557,Undirected,MS_Lat_misc_c_55
work_15568,work_2754,Undirected,MS_Rawl_C_348
work_15568,work_15610,Undirected,MS_Rawl_C_348
work_15568,work_11248,Undirected,MS_Rawl_C_348
work_15568,work_15283,Undirected,MS_Rawl_C_348
work_15568,work_2543,Undirected,MS_Rawl_C_348
work_15569,work_11418,Undirected,MS_Rawl_C_404
work_15569,work_14291,Undirected,MS_Rawl_C_404
work_15595,work_949,Undirected,MS_Laud_Misc_394-part1
work_15595,work_15596,Undirected,MS_Laud_Misc_394-part1
work_15595,work_15597,Undirected,MS_Laud_Misc_394-part1
work_15595,work_14583,Undirected,MS_Laud_Misc_394-part1
work_15598,work_15598,Undirected,St_Johns_College_MS_1-part1
work_15606,work_2094,Undirected,MS_Digby_56-part2
work_15606,work_3957,Undirected,MS_Digby_56-part2
work_1565,work_12151,Undirected,MS_Canon_Misc_196
work_1565,work_1566,Undirected,MS_Canon_Misc_196
work_1567,work_1569,Undirected,MS_Canon_Misc_371
work_1570,work_14973,Undirected,MS_Lawn_medieval_9
work_1572,work_407,Undirected,MS_Canon_Pat_Lat_230
work_1572,work_565,Undirected,MS_Canon_Pat_Lat_230
work_1576,work_2909,Undirected,MS_Canon_Pat_Lat_77
work_1581,work_14583,Undirected,MS_Greaves_55
work_1588,work_15486,Undirected,MS_Laud_Misc_115
work_1588,work_762,Undirected,MS_Laud_Misc_115
work_1588,work_1648,Undirected,MS_Laud_Misc_115
work_1588,work_5788,Undirected,MS_Bodl_132
work_1588,work_6132,Undirected,MS_Laud_Misc_92
work_1588,work_786,Undirected,MS_Bodl_132
work_1588,work_6143,Undirected,MS_Laud_Misc_92
work_1588,work_6141,Undirected,MS_Laud_Misc_92
work_1588,work_1585,Undirected,MS_Laud_Misc_92
work_1588,work_2408,Undirected,MS_Laud_Misc_92
work_1588,work_6602,Undirected,MS_Bodl_132
work_1588,work_776,Undirected,MS_Bodl_132
work_1588,work_775,Undirected,MS_Bodl_132
work_1588,work_6150,Undirected,MS_Bodl_132
work_1588,work_5782,Undirected,MS_Bodl_132
work_1588,work_757,Undirected,MS_Bodl_132
work_1588,work_6603,Undirected,MS_Bodl_132
work_1588,work_747,Undirected,MS_Bodl_132
work_1588,work_6140,Undirected,MS_Laud_Misc_92
work_1588,work_6142,Undirected,MS_Laud_Misc_92
work_1588,work_4343,Undirected,MS_Laud_Misc_115
work_1588,work_5790,Undirected,MS_Bodl_132
work_1591,work_1590,Undirected,MS_Canon_Misc_115
work_16001,work_5605,Undirected,Christ_Church_MS_138
work_16003,work_16004,Undirected,MS_Laud_Lat_98
work_16003,work_16005,Undirected,MS_Laud_Lat_98
work_16003,work_14660,Undirected,MS_Laud_Lat_98
work_16003,work_16005,Undirected,MS_Laud_Lat_6-part2
work_16003,work_11686,Undirected,MS_Laud_Lat_98
work_16003,work_16004,Undirected,MS_Laud_Lat_6-part2
work_16003,work_16004,Undirected,MS_Laud_Lat_37-part1
work_16003,work_14660,Undirected,MS_Laud_Lat_37-part1
work_16010,work_3115,Undirected,Christ_Church_MS_99-part2
work_16026,work_13932,Undirected,MS_Sparrow_1
work_16026,work_5652,Undirected,MS_Sparrow_1
work_16026,work_5650,Undirected,MS_Sparrow_1
work_16026,work_12732,Undirected,MS_Sparrow_1
work_1603,work_1604,Undirected,MS_Laud_Gr_57
work_1603,work_1598,Undirected,MS_Laud_Gr_57
work_1603,work_1611,Undirected,MS_Laud_Gr_57
work_16030,work_5675,Undirected,MS_Digby_83
work_16032,work_10852,Undirected,MS_Auct_D_1_5
work_16032,work_15283,Undirected,MS_Auct_D_1_5
work_16032,work_13134,Undirected,MS_Auct_D_1_5
work_16035,work_11034,Undirected,Exeter_College_MS_1-partB
work_16036,work_3625,Undirected,MS_Lyell_empt_7
work_16036,work_15198,Undirected,MS_Lyell_empt_7
work_16036,work_680,Undirected,MS_Lyell_empt_7
work_1605,work_7142,Undirected,Merton_College_MS_218
work_1605,work_7143,Undirected,Merton_College_MS_218
work_1605,work_7144,Undirected,Merton_College_MS_218
work_1605,work_7146,Undirected,Merton_College_MS_218
work_1605,work_7147,Undirected,Merton_College_MS_218
work_1605,work_1601,Undirected,Merton_College_MS_218
work_1605,work_1619,Undirected,Merton_College_MS_218
work_1605,work_1600,Undirected,Merton_College_MS_218
work_1605,work_7145,Undirected,Merton_College_MS_218
work_16050,work_10914,Undirected,MS_Junius_11
work_16050,work_16052,Undirected,MS_Junius_11
work_16050,work_16051,Undirected,MS_Junius_11
work_16053,work_15391,Undirected,MS_Ashmole_399-part1
work_16053,work_2590,Undirected,MS_Ashmole_399-part1
work_16053,work_1076,Undirected,MS_Ashmole_399-part1
work_16053,work_1321,Undirected,MS_Ashmole_399-part1
work_16053,work_15391,Undirected,MS_Ashmole_399-part1
work_16053,work_5744,Undirected,MS_Ashmole_399-part1
work_16053,work_5743,Undirected,MS_Ashmole_399-part1
work_16053,work_1319,Undirected,MS_Ashmole_399-part1
work_16053,work_2513,Undirected,MS_Ashmole_399-part1
work_16053,work_3633,Undirected,MS_Ashmole_399-part1
work_16053,work_15391,Undirected,MS_Ashmole_399-part1
work_16053,work_1751,Undirected,MS_Ashmole_399-part1
work_16053,work_2846,Undirected,MS_Ashmole_399-part1
work_16053,work_409,Undirected,MS_Ashmole_399-part1
work_16053,work_3225,Undirected,MS_Ashmole_399-part1
work_16054,work_7617,Undirected,MS_Lat_misc_c_66
work_16055,work_1390,Undirected,MS_Canon_Misc_378
work_16055,work_5745,Undirected,MS_Canon_Misc_378
work_16055,work_11453,Undirected,MS_Canon_Misc_378
work_16055,work_16058,Undirected,MS_Canon_Misc_378
work_16055,work_16057,Undirected,MS_Canon_Misc_378
work_16055,work_16059,Undirected,MS_Canon_Misc_378
work_16055,work_16056,Undirected,MS_Canon_Misc_378
work_16055,work_13543,Undirected,MS_Canon_Misc_378
work_16055,work_16062,Undirected,MS_Canon_Misc_378
work_16055,work_16061,Undirected,MS_Canon_Misc_378
work_16055,work_16060,Undirected,MS_Canon_Misc_378
work_16055,work_10183,Undirected,MS_Canon_Misc_378
work_16065,work_6188,Undirected,MS_Laud_Lat_96
work_16065,work_1171,Undirected,MS_Laud_Lat_96
work_16065,work_6189,Undirected,MS_Laud_Lat_96
work_1608,work_6186,Undirected,MS_Laud_Gr_58
work_1608,work_1614,Undirected,MS_Canon_Gr_44
work_1608,work_6187,Undirected,MS_Laud_Gr_58
work_1608,work_1602,Undirected,MS_Laud_Gr_58
work_1608,work_1615,Undirected,MS_Laud_Gr_58
work_1608,work_1607,Undirected,MS_Laud_Gr_58
work_16081,work_16089,Undirected,MS_Holkham_Gr_26
work_16081,work_16084,Undirected,MS_Holkham_Gr_26
work_16081,work_16085,Undirected,MS_Holkham_Gr_26
work_16081,work_5864,Undirected,MS_Holkham_Gr_26
work_16081,work_16088,Undirected,MS_Holkham_Gr_26
work_16081,work_5863,Undirected,MS_Holkham_Gr_26
work_16081,work_16083,Undirected,MS_Holkham_Gr_26
work_16081,work_16082,Undirected,MS_Holkham_Gr_26
work_16081,work_1464,Undirected,MS_Holkham_Gr_26
work_16081,work_16086,Undirected,MS_Holkham_Gr_26
work_16081,work_5865,Undirected,MS_Holkham_Gr_26
work_16081,work_16087,Undirected,MS_Holkham_Gr_26
work_16081,work_5866,Undirected,MS_Holkham_Gr_26
work_16081,work_4072,Undirected,MS_Holkham_Gr_26
work_16081,work_11845,Undirected,MS_Holkham_Gr_26
work_16081,work_16090,Undirected,MS_Holkham_Gr_26
work_16081,work_498,Undirected,MS_Holkham_Gr_26
work_16081,work_5868,Undirected,MS_Holkham_Gr_26
work_16081,work_16091,Undirected,MS_Holkham_Gr_26
work_16081,work_5867,Undirected,MS_Holkham_Gr_26
work_16081,work_5862,Undirected,MS_Holkham_Gr_26
work_16172,work_16172,Undirected,MS_Laud_Misc_410-part2
work_16172,work_16408,Undirected,MS_Laud_Misc_410-part2
work_1618,work_6401,Undirected,MS_Holkham_Gr_92
work_1618,work_6402,Undirected,MS_Holkham_Gr_92
work_1618,work_6400,Undirected,MS_Holkham_Gr_92
work_1618,work_6404,Undirected,MS_Holkham_Gr_92
work_1618,work_6403,Undirected,MS_Holkham_Gr_92
work_1618,work_6399,Undirected,MS_Holkham_Gr_92
work_1618,work_6405,Undirected,MS_Holkham_Gr_92
work_1618,work_6406,Undirected,MS_Holkham_Gr_92
work_1618,work_6408,Undirected,MS_Holkham_Gr_92
work_1618,work_6407,Undirected,MS_Holkham_Gr_92
work_1618,work_6398,Undirected,MS_Holkham_Gr_92
work_1618,work_6409,Undirected,MS_Holkham_Gr_92
work_1618,work_6384,Undirected,MS_Holkham_Gr_92
work_1618,work_6383,Undirected,MS_Holkham_Gr_92
work_1618,work_6382,Undirected,MS_Holkham_Gr_92
work_1618,work_6093,Undirected,MS_Holkham_Gr_92
work_1618,work_6385,Undirected,MS_Holkham_Gr_92
work_1618,work_6386,Undirected,MS_Holkham_Gr_92
work_1618,work_6387,Undirected,MS_Holkham_Gr_92
work_1618,work_6397,Undirected,MS_Holkham_Gr_92
work_1618,work_6389,Undirected,MS_Holkham_Gr_92
work_1618,work_6390,Undirected,MS_Holkham_Gr_92
work_1618,work_6391,Undirected,MS_Holkham_Gr_92
work_1618,work_6392,Undirected,MS_Holkham_Gr_92
work_1618,work_6393,Undirected,MS_Holkham_Gr_92
work_1618,work_6388,Undirected,MS_Holkham_Gr_92
work_1618,work_6394,Undirected,MS_Holkham_Gr_92
work_1618,work_6396,Undirected,MS_Holkham_Gr_92
work_1618,work_6395,Undirected,MS_Holkham_Gr_92
work_16196,work_17098,Undirected,Merton_College_MS_13-part2
work_16196,work_17097,Undirected,Merton_College_MS_13-part2
work_16196,work_3841,Undirected,Merton_College_MS_13-part2
work_16196,work_11737,Undirected,Merton_College_MS_13-part2
work_1621,work_2069,Undirected,MS_Ashmole_1285-part7
work_1621,work_2065,Undirected,MS_Ashmole_1285-part7
work_1621,work_13232,Undirected,MS_Ashmole_1285-part7
work_1621,work_1751,Undirected,MS_Ashmole_1285-part7
work_1621,work_4738,Undirected,MS_Ashmole_1285-part7
work_1621,work_3633,Undirected,MS_Ashmole_1285-part7
work_16211,work_11864,Undirected,MS_Bodl_38-part2
work_16217,work_16468,Undirected,MS_Hatton_42-part1
work_16217,work_16470,Undirected,MS_Hatton_42-part1
work_16217,work_16217,Undirected,MS_Hatton_42-part1
work_16217,work_16467,Undirected,MS_Hatton_42-part1
work_16217,work_16466,Undirected,MS_Hatton_42-part1
work_16217,work_16469,Undirected,MS_Hatton_42-part1
work_16218,work_6073,Undirected,MS_Bodl_572-part2
work_16218,work_1874,Undirected,MS_Bodl_572-part2
work_16218,work_1444,Undirected,MS_Bodl_572-part2
work_16218,work_6047,Undirected,MS_Bodl_572-part2
work_16218,work_6072,Undirected,MS_Bodl_572-part2
work_16218,work_15131,Undirected,MS_Bodl_572-part2
work_16241,work_3362,Undirected,MS_Hamilton_1-part3
work_16244,work_14583,Undirected,MS_Laud_Misc_96-partD
work_16244,work_15308,Undirected,MS_Laud_Misc_96-partD
work_1625,work_13881,Undirected,MS_Canon_Ital_52
work_16255,work_11748,Undirected,MS_Laud_Misc_263
work_16255,work_16240,Undirected,MS_Laud_Misc_263
work_16255,work_1862,Undirected,MS_Laud_Misc_263
work_16255,work_13950,Undirected,MS_Laud_Misc_263
work_16267,work_1054,Undirected,MS_Laud_Misc_415
work_16267,work_1054,Undirected,MS_Laud_Misc_415
work_16267,work_1054,Undirected,MS_Laud_Misc_415
work_16267,work_16268,Undirected,MS_Laud_Misc_415
work_16267,work_2330,Undirected,MS_Laud_Misc_415
work_16267,work_12842,Undirected,MS_Laud_Misc_415
work_16267,work_1054,Undirected,MS_Laud_Misc_415
work_16267,work_1049,Undirected,MS_Laud_Misc_415
work_16267,work_2333,Undirected,MS_Laud_Misc_415
work_16267,work_1054,Undirected,MS_Laud_Misc_415
work_16267,work_1054,Undirected,MS_Laud_Misc_415
work_16272,work_6728,Undirected,MS_Selden_Supra_13
work_16272,work_6257,Undirected,MS_Selden_Supra_13
work_16285,work_16284,Undirected,MS_Bodl_177-part1
work_16285,work_2531,Undirected,MS_Bodl_177-part1
work_16285,work_10139,Undirected,MS_Bodl_177-part1
work_16286,work_16287,Undirected,MS_Bodl_90
work_16286,work_16288,Undirected,MS_Bodl_90
work_16286,work_11712,Undirected,MS_Bodl_90
work_16286,work_2330,Undirected,MS_Bodl_90
work_16286,work_11737,Undirected,MS_Bodl_90
work_16294,work_3944,Undirected,MS_Add_A_268-partA
work_16294,work_14676,Undirected,MS_Add_A_268-partA
work_16295,work_6280,Undirected,MS_Bodl_57-partA
work_16295,work_6281,Undirected,MS_Bodl_57-partA
work_1631,work_1630,Undirected,MS_Canon_Misc_362
work_16310,work_2592,Undirected,MS_Bodl_607
work_16310,work_16308,Undirected,MS_Bodl_607
work_16310,work_4107,Undirected,MS_Bodl_607
work_16310,work_6315,Undirected,MS_Bodl_607
work_16310,work_3856,Undirected,MS_Bodl_607
work_16310,work_16309,Undirected,MS_Bodl_607
work_16310,work_6314,Undirected,MS_Bodl_607
work_16310,work_14992,Undirected,MS_Bodl_607
work_16310,work_14992,Undirected,MS_Bodl_607
work_16310,work_409,Undirected,MS_Bodl_607
work_16311,work_6317,Undirected,MS_Auct_F_6_3-part7
work_16311,work_6318,Undirected,MS_Auct_F_6_3-part7
work_16311,work_16312,Undirected,MS_Auct_F_6_3-part7
work_16329,work_16329,Undirected,MSS_Junius_85-6-part2
work_16329,work_249,Undirected,MS_Hatton_116
work_16329,work_16329,Undirected,MSS_Junius_85-6-part1
work_16329,work_6349,Undirected,MS_Hatton_114
work_16329,work_249,Undirected,MSS_Junius_85-6-part1
work_16329,work_253,Undirected,MS_Hatton_116
work_16329,work_6704,Undirected,MS_Hatton_116
work_16329,work_6704,Undirected,MS_Hatton_116
work_16329,work_249,Undirected,MS_Hatton_114
work_16329,work_6349,Undirected,MS_Hatton_114
work_16329,work_249,Undirected,MS_Hatton_116
work_16329,work_6704,Undirected,MS_Hatton_116
work_16329,work_16329,Undirected,MSS_Junius_85-6-part1
work_16329,work_6439,Undirected,MS_Hatton_116
work_16329,work_16329,Undirected,MS_Hatton_116
work_16329,work_249,Undirected,MS_Hatton_114
work_16329,work_249,Undirected,MS_Hatton_116
work_16329,work_16329,Undirected,MS_Hatton_114
work_16329,work_249,Undirected,MS_Hatton_114
work_16329,work_249,Undirected,MS_Hatton_114
work_16329,work_249,Undirected,MS_Hatton_116
work_16329,work_249,Undirected,MS_Hatton_116
work_16329,work_249,Undirected,MS_Hatton_116
work_16329,work_249,Undirected,MS_Hatton_116
work_16329,work_249,Undirected,MS_Hatton_116
work_16329,work_249,Undirected,MS_Hatton_116
work_16329,work_249,Undirected,MS_Hatton_116
work_16329,work_249,Undirected,MS_Hatton_116
work_16329,work_249,Undirected,MS_Hatton_116
work_16329,work_249,Undirected,MS_Hatton_116
work_16329,work_249,Undirected,MS_Hatton_116
work_16329,work_249,Undirected,MS_Hatton_116
work_16329,work_249,Undirected,MS_Hatton_116
work_16329,work_249,Undirected,MS_Hatton_116
work_16329,work_16329,Undirected,MS_Hatton_114
work_16329,work_16329,Undirected,MSS_Junius_85-6-part2
work_16329,work_249,Undirected,MS_Hatton_114
work_16329,work_249,Undirected,MS_Hatton_114
work_16329,work_249,Undirected,MS_Hatton_114
work_16329,work_249,Undirected,MS_Hatton_114
work_16329,work_249,Undirected,MS_Hatton_114
work_16329,work_249,Undirected,MS_Hatton_114
work_16329,work_6440,Undirected,MS_Hatton_114
work_16329,work_16329,Undirected,MS_Hatton_114
work_16329,work_16329,Undirected,MS_Hatton_114
work_16329,work_16329,Undirected,MS_Hatton_114
work_16329,work_16329,Undirected,MS_Hatton_114
work_16329,work_249,Undirected,MS_Hatton_114
work_16329,work_249,Undirected,MS_Hatton_114
work_16329,work_249,Undirected,MS_Hatton_114
work_16329,work_249,Undirected,MS_Hatton_114
work_16329,work_249,Undirected,MS_Hatton_114
work_16329,work_253,Undirected,MS_Hatton_114
work_16329,work_249,Undirected,MS_Hatton_114
work_16329,work_249,Undirected,MS_Hatton_114
work_16329,work_16329,Undirected,MS_Hatton_114
work_16329,work_16329,Undirected,MS_Hatton_114
work_16329,work_249,Undirected,MS_Hatton_114
work_16329,work_249,Undirected,MS_Hatton_114
work_16329,work_249,Undirected,MS_Hatton_114
work_16329,work_249,Undirected,MS_Hatton_114
work_16329,work_249,Undirected,MS_Hatton_114
work_16329,work_249,Undirected,MS_Hatton_114
work_16329,work_249,Undirected,MS_Hatton_114
work_16329,work_249,Undirected,MS_Hatton_114
work_16329,work_249,Undirected,MS_Hatton_114
work_16329,work_16329,Undirected,MS_Hatton_116
work_16329,work_249,Undirected,MS_Hatton_114
work_16329,work_249,Undirected,MS_Hatton_114
work_16329,work_249,Undirected,MS_Hatton_114
work_16329,work_249,Undirected,MS_Hatton_114
work_16329,work_249,Undirected,MS_Hatton_114
work_16329,work_249,Undirected,MS_Hatton_114
work_16329,work_16329,Undirected,MS_Hatton_116
work_16329,work_249,Undirected,MS_Hatton_114
work_1633,work_3851,Undirected,MS_Canon_Misc_225
work_1633,work_12732,Undirected,MS_Canon_Misc_225
work_1633,work_3971,Undirected,MS_Canon_Misc_225
work_1633,work_2911,Undirected,MS_Canon_Misc_225
work_1633,work_4087,Undirected,MS_Canon_Misc_225
work_16339,work_11878,Undirected,MS_Holkham_misc_20
work_16339,work_1134,Undirected,MS_Holkham_misc_20
work_16339,work_3268,Undirected,MS_Holkham_misc_20
work_16339,work_2791,Undirected,MS_Holkham_misc_20
work_16339,work_14872,Undirected,MS_Holkham_misc_20
work_16339,work_990,Undirected,MS_Holkham_misc_20
work_16339,work_3268,Undirected,MS_Holkham_misc_20
work_16342,work_15014,Undirected,MS_Douce_52
work_16342,work_2833,Undirected,MS_Douce_52
work_16342,work_14060,Undirected,MS_Douce_52
work_16342,work_2625,Undirected,MS_Douce_52
work_16342,work_6748,Undirected,MS_Douce_52
work_16342,work_12509,Undirected,MS_Douce_52
work_16342,work_15094,Undirected,MS_Douce_52
work_16342,work_15014,Undirected,MS_Douce_52
work_16355,work_1677,Undirected,MS_Bodl_622
work_16359,work_1153,Undirected,MS_Hamilton_39_partA
work_16359,work_16358,Undirected,MS_Hamilton_39_partA
work_16359,work_16361,Undirected,MS_Hamilton_39_partA
work_16359,work_16362,Undirected,MS_Hamilton_39_partA
work_16359,work_16360,Undirected,MS_Hamilton_39_partA
work_16363,work_16364,Undirected,MS_Hamilton_39-partB
work_16363,work_6376,Undirected,MS_Hamilton_39-partB
work_16369,work_6431,Undirected,MS_Douce_186
work_16369,work_16370,Undirected,MS_Douce_186
work_16378,work_16378,Undirected,MS_Add_A_263-part2
work_16386,work_1584,Undirected,MS_Junius_83-part2
work_16386,work_12037,Undirected,MS_Junius_83-part2
work_16386,work_16387,Undirected,MS_Junius_83-part2
work_16396,work_16395,Undirected,MSS_Bodl_969-70-part2
work_16396,work_10454,Undirected,MSS_Bodl_969-70-part1
work_16396,work_10454,Undirected,MSS_Bodl_969-70-part2
work_1640,work_15146,Undirected,MS_Laud_Misc_406
work_16400,work_16401,Undirected,MS_Hamilton_40_endleaf_2
work_16405,work_16404,Undirected,MS_Laud_Misc_633
work_16405,work_6489,Undirected,MS_Laud_Misc_633
work_16405,work_6488,Undirected,MS_Laud_Misc_633
work_16405,work_16403,Undirected,MS_Laud_Misc_633
work_16405,work_6490,Undirected,MS_Laud_Misc_633
work_16405,work_1963,Undirected,MS_Laud_Misc_633
work_16407,work_10473,Undirected,MS_Germ_e_10
work_16407,work_14657,Undirected,MS_Germ_e_10
work_16409,work_13649,Undirected,MS_Canon_Liturg_325
work_16409,work_16408,Undirected,MS_Canon_Liturg_325
work_16415,work_16418,Undirected,MS_Lyell_52
work_16415,work_16417,Undirected,MS_Lyell_52
work_16415,work_12815,Undirected,MS_Lyell_52
work_16415,work_16416,Undirected,MS_Lyell_52
work_16423,work_3413,Undirected,MS_Lat_misc_d_66-PartC
work_16431,work_16435,Undirected,MS_Broxb_843
work_16431,work_16434,Undirected,MS_Broxb_843
work_16431,work_16438,Undirected,MS_Broxb_843
work_16431,work_16437,Undirected,MS_Broxb_843
work_16431,work_16435,Undirected,MS_Broxb_843
work_16431,work_16437,Undirected,MS_Broxb_843
work_16431,work_16436,Undirected,MS_Broxb_843
work_16431,work_16428,Undirected,MS_Broxb_843
work_16431,work_16429,Undirected,MS_Broxb_843
work_16431,work_16430,Undirected,MS_Broxb_843
work_16431,work_16433,Undirected,MS_Broxb_843
work_16431,work_16437,Undirected,MS_Broxb_843
work_16431,work_16432,Undirected,MS_Broxb_843
work_16431,work_16426,Undirected,MS_Broxb_843
work_16431,work_16437,Undirected,MS_Broxb_843
work_16431,work_16434,Undirected,MS_Broxb_843
work_16431,work_6644,Undirected,MS_Broxb_843
work_16431,work_16434,Undirected,MS_Broxb_843
work_16431,work_16427,Undirected,MS_Broxb_843
work_16431,work_16435,Undirected,MS_Broxb_843
work_16431,work_16437,Undirected,MS_Broxb_843
work_16431,work_16434,Undirected,MS_Broxb_843
work_16439,work_6645,Undirected,MS_Add_A_286
work_1644,work_1647,Undirected,MS_Holkham_Gr_76
work_1644,work_6250,Undirected,MS_Holkham_Gr_76
work_1644,work_16271,Undirected,MS_Holkham_Gr_76
work_16452,work_6677,Undirected,MS_Auct_D_5_5-endleaves
work_16455,work_12074,Undirected,MS_Rawl_G_167
work_16459,work_7613,Undirected,MS_Lat_misc_c_75-part1
work_16459,work_16459,Undirected,MS_Lat_misc_c_75-part1
work_16459,work_3349,Undirected,MS_Lat_misc_c_75-part1
work_1646,work_1645,Undirected,MS_Bywater_16
work_16464,work_7109,Undirected,St_Johns_College_MS_31
work_1648,work_2414,Undirected,MS_Lat_th_d_20
work_1648,work_800,Undirected,MS_Bodl_150
work_1648,work_4164,Undirected,MS_Bodl_150
work_1648,work_804,Undirected,MS_Bodl_150
work_1648,work_6606,Undirected,MS_Bodl_150
work_1648,work_815,Undirected,MS_Bodl_150
work_1648,work_778,Undirected,MS_Bodl_150
work_1648,work_3889,Undirected,MS_Bodl_150
work_1648,work_11241,Undirected,MS_Lat_th_d_20
work_1648,work_3870,Undirected,MS_Bodl_150
work_1648,work_4042,Undirected,MS_Lat_th_d_20
work_1648,work_14817,Undirected,MS_Lat_th_d_20
work_1648,work_770,Undirected,MS_Bodl_150
work_1648,work_745,Undirected,MS_Bodl_150
work_1648,work_3986,Undirected,MS_Lat_th_d_20
work_1648,work_779,Undirected,MS_Bodl_150
work_1648,work_6102,Undirected,MS_Bodl_150
work_1648,work_1588,Undirected,MS_Bodl_150
work_1648,work_2094,Undirected,MS_Lat_th_d_20
work_1648,work_2081,Undirected,MS_Bodl_150
work_1648,work_10123,Undirected,MS_Lat_th_d_20
work_1648,work_2125,Undirected,MS_Bodl_150
work_1648,work_5755,Undirected,MS_Lat_th_d_20
work_1648,work_792,Undirected,MS_Bodl_150
work_1648,work_771,Undirected,MS_Bodl_150
work_1648,work_3886,Undirected,MS_Bodl_150
work_1648,work_750,Undirected,MS_Bodl_150
work_1648,work_12266,Undirected,MS_Lat_th_d_20
work_1648,work_767,Undirected,MS_Bodl_150
work_1648,work_3880,Undirected,MS_Bodl_150
work_1648,work_758,Undirected,MS_Bodl_150
work_1648,work_805,Undirected,MS_Bodl_150
work_1648,work_821,Undirected,MS_Bodl_150
work_1648,work_5804,Undirected,MS_Bodl_150
work_1648,work_747,Undirected,MS_Bodl_150
work_1648,work_4243,Undirected,MS_Lat_th_d_20
work_1648,work_13730,Undirected,MS_Lat_th_d_20
work_16482,work_17090,Undirected,MS_Laud_Misc_68
work_16482,work_963,Undirected,MS_Laud_Misc_68
work_16482,work_1876,Undirected,MS_Laud_Misc_68
work_16490,work_16293,Undirected,MS_Rawl_C_86-part4
work_16493,work_13203,Undirected,MS_Add_A_268-partC
work_16496,work_12492,Undirected,MS_Douce_215
work_16496,work_12495,Undirected,MS_Douce_215
work_16507,work_2998,Undirected,MS_Canon_Pat_Lat_208
work_16513,work_10409,Undirected,St_Johns_College_MS_164
work_16513,work_10409,Undirected,St_Johns_College_MS_164
work_16514,work_15458,Undirected,MS_Lat_th_d_17
work_16514,work_801,Undirected,MS_Lat_th_d_17
work_16519,work_3589,Undirected,MS_Ashmole_189-part3
work_1652,work_3405,Undirected,St_Johns_College_MS_95
work_16524 work_16525,work_16529 work_11678,Undirected,St_Johns_College_MS_143
work_16524 work_16525,work_16528 work_14658,Undirected,St_Johns_College_MS_143
work_16524 work_16525,work_16526 work_16530,Undirected,St_Johns_College_MS_143
work_16536,work_16538,Undirected,MS_Ashmole_1450-part1
work_16536,work_16539,Undirected,MS_Ashmole_1450-part1
work_16536,work_16541,Undirected,MS_Ashmole_1450-part1
work_16536,work_16540,Undirected,MS_Ashmole_1450-part1
work_16536,work_16542,Undirected,MS_Ashmole_1450-part1
work_16536,work_6763,Undirected,MS_Ashmole_1450-part1
work_16536,work_10409,Undirected,MS_Ashmole_1450-part1
work_16536,work_6760,Undirected,MS_Ashmole_1450-part1
work_16536,work_6765,Undirected,MS_Ashmole_1450-part1
work_16536,work_6762,Undirected,MS_Ashmole_1450-part1
work_16536,work_14022,Undirected,MS_Ashmole_1450-part1
work_16536,work_6766,Undirected,MS_Ashmole_1450-part1
work_16536,work_10154,Undirected,MS_Ashmole_1450-part1
work_16536,work_14022,Undirected,MS_Ashmole_1450-part1
work_16536,work_16537,Undirected,MS_Ashmole_1450-part1
work_16536,work_10154,Undirected,MS_Ashmole_1450-part1
work_16536,work_10154,Undirected,MS_Ashmole_1450-part1
work_16536,work_6758,Undirected,MS_Ashmole_1450-part1
work_16536,work_6759,Undirected,MS_Ashmole_1450-part1
work_16536,work_10154,Undirected,MS_Ashmole_1450-part1
work_16551,work_820,Undirected,St_Johns_College_MS_101-part3
work_16551,work_6794,Undirected,St_Johns_College_MS_101-part3
work_16551,work_832,Undirected,St_Johns_College_MS_101-part3
work_16551,work_832,Undirected,St_Johns_College_MS_101-part3
work_16551,work_820,Undirected,St_Johns_College_MS_101-part3
work_16551,work_11227,Undirected,St_Johns_College_MS_101-part3
work_16551,work_3907,Undirected,St_Johns_College_MS_101-part3
work_16551,work_780,Undirected,St_Johns_College_MS_101-part3
work_16551,work_16551,Undirected,St_Johns_College_MS_101-part3
work_16553,work_6838,Undirected,MS_Canon_Misc_278_129-176
work_16556,work_16557,Undirected,MS_Canon_Misc_278_1-16
work_1659,work_7425,Undirected,MS_Laud_Misc_87-part1
work_1660,work_1660,Undirected,MS_Laud_Misc_474
work_1660,work_1660,Undirected,MS_Laud_Misc_474
work_1660,work_1376,Undirected,Merton_College_MS_241-part2
work_1660,work_1660,Undirected,MS_Laud_Misc_474
work_1660,work_1660,Undirected,MS_Laud_Misc_474
work_1660,work_1660,Undirected,MS_Laud_Misc_474
work_1660,work_1660,Undirected,MS_Laud_Misc_474
work_1660,work_1660,Undirected,MS_Laud_Misc_474
work_1660,work_1660,Undirected,MS_Laud_Misc_474
work_1660,work_1170,Undirected,MS_Laud_Misc_474
work_1660,work_1660,Undirected,MS_Laud_Misc_474
work_1660,work_1660,Undirected,MS_Laud_Misc_474
work_1660,work_1660,Undirected,MS_Laud_Misc_474
work_1660,work_2294,Undirected,MS_Laud_Misc_474
work_1660,work_1660,Undirected,MS_Laud_Misc_474
work_1660,work_1660,Undirected,MS_Laud_Misc_474
work_1660,work_2294,Undirected,MS_Laud_Misc_474
work_1660,work_1660,Undirected,MS_Laud_Misc_474
work_1660,work_1660,Undirected,MS_Laud_Misc_474
work_1660,work_1660,Undirected,MS_Laud_Misc_474
work_1660,work_2294,Undirected,MS_Laud_Misc_474
work_1660,work_1660,Undirected,MS_Laud_Misc_474
work_1660,work_1660,Undirected,MS_Laud_Misc_474
work_1660,work_1660,Undirected,MS_Laud_Misc_474
work_1660,work_1660,Undirected,MS_Laud_Misc_474
work_1660,work_1660,Undirected,MS_Laud_Misc_474
work_1660,work_1660,Undirected,MS_Laud_Misc_474
work_1660,work_1660,Undirected,MS_Laud_Misc_474
work_1660,work_1660,Undirected,MS_Laud_Misc_474
work_1660,work_1660,Undirected,MS_Laud_Misc_474
work_1660,work_1660,Undirected,MS_Laud_Misc_474
work_1660,work_1660,Undirected,MS_Laud_Misc_474
work_1660,work_1660,Undirected,MS_Laud_Misc_474
work_1660,work_1660,Undirected,MS_Laud_Misc_474
work_1660,work_1660,Undirected,MS_Laud_Misc_474
work_1660,work_1660,Undirected,MS_Laud_Misc_474
work_1660,work_1660,Undirected,MS_Laud_Misc_474
work_1660,work_1660,Undirected,MS_Laud_Misc_474
work_1660,work_1660,Undirected,MS_Laud_Misc_474
work_1660,work_2294,Undirected,MS_Laud_Misc_474
work_1660,work_1660,Undirected,MS_Laud_Misc_474
work_1660,work_1660,Undirected,MS_Laud_Misc_474
work_1663,work_11965,Undirected,MS_Ashmole_45-part3
work_1666,work_6696,Undirected,MS_Arch_Selden_B_24
work_1666,work_2683,Undirected,MS_Arch_Selden_B_24
work_1666,work_1664,Undirected,MS_Arch_Selden_B_24
work_1666,work_6326,Undirected,MS_Arch_Selden_B_24
work_1666,work_7619,Undirected,MS_Arch_Selden_B_24
work_1666,work_4808,Undirected,MS_Arch_Selden_B_24
work_1666,work_1662,Undirected,MS_Rawl_poet_163
work_1666,work_6329,Undirected,MS_Arch_Selden_B_24
work_1666,work_2354,Undirected,MS_Arch_Selden_B_24
work_1666,work_6695,Undirected,MS_Arch_Selden_B_24
work_1668,work_13716,Undirected,MS_Digby_113
work_1668,work_397,Undirected,MS_Digby_113
work_1668,work_4762,Undirected,MS_Digby_113
work_1670,work_5090,Undirected,MS_Bodl_801-part1
work_1671,work_12770,Undirected,MS_Selden_Supra_65
work_1673,work_1024,Undirected,MS_Laud_Misc_88
work_1673,work_15189,Undirected,MS_Laud_Misc_88
work_1677,work_14034,Undirected,MS_Bodl_233
work_1677,work_16398,Undirected,MS_Bodl_233
work_1677,work_16397,Undirected,MS_Bodl_233
work_1677,work_12922,Undirected,MS_Douce_115
work_1677,work_3115,Undirected,MS_Laud_Misc_579
work_1677,work_16397,Undirected,MS_Douce_115
work_1677,work_12235,Undirected,MS_Bodl_233
work_1677,work_6683,Undirected,MS_Bodl_233
work_1677,work_1792,Undirected,MS_Laud_Misc_720-part1
work_1677,work_4187,Undirected,MS_Tanner_195
work_1677,work_10985,Undirected,MS_Tanner_195
work_1677,work_10959,Undirected,MS_Douce_115
work_1679,work_3110,Undirected,MS_Add_A_44
work_1679,work_1859,Undirected,MS_Add_A_44
work_1679,work_11737,Undirected,MS_Add_A_44
work_1679,work_1876,Undirected,MS_Add_A_44
work_1679,work_2228,Undirected,MS_Add_A_44
work_1679,work_2056,Undirected,MS_Add_A_44
work_1679,work_4927,Undirected,MS_Add_A_44
work_1679,work_2056,Undirected,MS_Add_A_44
work_1679,work_1679,Undirected,MS_Add_A_44
work_1679,work_11335,Undirected,MS_Add_A_44
work_1679,work_2269,Undirected,MS_Add_A_44
work_1679,work_16459,Undirected,MS_Add_A_44
work_1679,work_3861,Undirected,MS_Add_A_44
work_1679,work_6302,Undirected,MS_Add_A_44
work_1679,work_311,Undirected,MS_Digby_104-part2
work_1679,work_2409,Undirected,MS_Add_A_44
work_1679,work_4120,Undirected,MS_Laud_Misc_707
work_1679,work_4964,Undirected,MS_Add_A_44
work_1679,work_10241,Undirected,MS_Add_A_44
work_1679,work_11301,Undirected,MS_Add_A_44
work_1679,work_2409,Undirected,MS_Add_A_44
work_1679,work_13886,Undirected,MS_Laud_Misc_707
work_1679,work_4139,Undirected,MS_Laud_Misc_707
work_1679,work_1671,Undirected,MS_Laud_Misc_707
work_1679,work_10114,Undirected,MS_Laud_Misc_707
work_1679,work_10241,Undirected,MS_Laud_Misc_707
work_1679,work_2451,Undirected,MS_Laud_Misc_707
work_1681,work_1765,Undirected,MS_Laud_Misc_721
work_1681,work_2741,Undirected,MS_Laud_Misc_721
work_1682,work_1156,Undirected,MS_Laud_Misc_587
work_1686,work_1684,Undirected,MS_Holkham_misc_43
work_1686,work_1685,Undirected,MS_Holkham_misc_43
work_1686,work_1683,Undirected,MS_Holkham_misc_43
work_1692,work_4478,Undirected,MS_Rawl_B_306
work_16924,work_1985,Undirected,MS_Laud_Misc_540-part1
work_1696,work_13317,Undirected,MS_Roe_23
work_1696,work_2899,Undirected,MS_Roe_23
work_17014,work_16025,Undirected,MS_Laud_Misc_421
work_17014,work_17015,Undirected,MS_Laud_Misc_421
work_17014,work_4042,Undirected,MS_Laud_Misc_421
work_17014,work_3986,Undirected,MS_Laud_Misc_421
work_17014,work_3978,Undirected,MS_Laud_Misc_421
work_17014,work_1878,Undirected,MS_Laud_Misc_421
work_17014,work_2257,Undirected,MS_Laud_Misc_421
work_17014,work_2257,Undirected,MS_Laud_Misc_421
work_17014,work_17021,Undirected,MS_Laud_Misc_421
work_17014,work_1343,Undirected,MS_Laud_Misc_421
work_17014,work_1648,Undirected,MS_Laud_Misc_421
work_17014,work_1878,Undirected,MS_Laud_Misc_421
work_17014,work_16257,Undirected,MS_Laud_Misc_421
work_17014,work_11066,Undirected,MS_Laud_Misc_421
work_17016,work_17018,Undirected,Merton_College_MS_197
work_17016,work_17019,Undirected,Merton_College_MS_197
work_17016,work_7111,Undirected,Merton_College_MS_197
work_17016,work_12374,Undirected,Merton_College_MS_197
work_17016,work_17017,Undirected,Merton_College_MS_197
work_1703,work_518,Undirected,MS_Laud_Gr_15
work_17031,work_14583,Undirected,Merton_College_MS_236
work_17031,work_14583,Undirected,Merton_College_MS_236
work_17031,work_7182,Undirected,Merton_College_MS_236
work_17031,work_7183,Undirected,Merton_College_MS_236
work_17032,work_5754,Undirected,Merton_College_MS_243
work_17037,work_2552,Undirected,Merton_College_D_3_7_4
work_17037,work_17039,Undirected,Merton_College_MS_266-part3
work_17037,work_16263,Undirected,Merton_College_MS_266-part3
work_17037,work_17037,Undirected,Merton_College_MS_266-part3
work_17037,work_17038,Undirected,Merton_College_MS_266-part3
work_1704,work_4535,Undirected,MS_Holkham_Gr_60
work_17040,work_17041,Undirected,Merton_College_MS_267-part2
work_17040,work_4343,Undirected,Merton_College_MS_267-part2
work_17043,work_17042,Undirected,Merton_College_MS_268
work_17046,work_11143,Undirected,Merton_College_MS_276-part1
work_17046,work_17047,Undirected,Merton_College_MS_276-part1
work_1705,work_1132,Undirected,MS_Auct_T_5_13
work_1705,work_3585,Undirected,MS_Auct_T_5_13
work_1705,work_4782,Undirected,MS_Auct_T_5_13
work_17051,work_11262,Undirected,Merton_College_MS_288-part1
work_17051,work_7160,Undirected,Merton_College_MS_288-part1
work_17051,work_1751,Undirected,Merton_College_MS_288-part1
work_17053,work_17056,Undirected,Merton_College_MS_294
work_17053,work_17054,Undirected,Merton_College_MS_294
work_17053,work_17055,Undirected,Merton_College_MS_294
work_17063,work_17064,Undirected,Merton_College_MS_314-part1
work_17066,work_14497,Undirected,Merton_College_MS_314-part4
work_17066,work_17067,Undirected,Merton_College_MS_314-part3
work_17092,work_14730,Undirected,St_Johns_College_MS_257
work_17092,work_12369,Undirected,Merton_College_MS_21
work_17092,work_4459,Undirected,St_Johns_College_MS_97
work_17092,work_14730,Undirected,St_Johns_College_MS_257
work_17092,work_14730,Undirected,St_Johns_College_MS_257
work_17092,work_5803,Undirected,Merton_College_MS_21
work_17092,work_17100,Undirected,Merton_College_MS_21
work_17092,work_7359,Undirected,Merton_College_MS_21
work_17102,work_17103,Undirected,Exeter_College_MS_13
work_17106,work_7403,Undirected,Exeter_College_MS_35-partH
work_17106,work_17107,Undirected,Exeter_College_MS_35-partH
work_17106,work_2600,Undirected,Exeter_College_MS_35-partH
work_17106,work_7391,Undirected,Exeter_College_MS_35-partH
work_17106,work_4341,Undirected,Exeter_College_MS_35-partH
work_17106,work_7392,Undirected,Exeter_College_MS_35-partH
work_17108,work_11365,Undirected,Exeter_College_MS_41-partB
work_17108,work_17111,Undirected,Exeter_College_MS_41-partB
work_17108,work_11888,Undirected,Exeter_College_MS_41-partB
work_17108,work_2755,Undirected,Exeter_College_MS_41-partB
work_17108,work_17112,Undirected,Exeter_College_MS_41-partB
work_17108,work_17110,Undirected,Exeter_College_MS_41-partB
work_17108,work_11697,Undirected,Exeter_College_MS_41-partB
work_17108,work_17115,Undirected,Exeter_College_MS_41-partB
work_17108,work_11888,Undirected,Exeter_College_MS_41-partB
work_17108,work_11362,Undirected,Exeter_College_MS_41-partB
work_17108,work_11363,Undirected,Exeter_College_MS_41-partB
work_17108,work_17114,Undirected,Exeter_College_MS_41-partB
work_17108,work_11697,Undirected,Exeter_College_MS_41-partB
work_17108,work_17113,Undirected,Exeter_College_MS_41-partB
work_17108,work_17109,Undirected,Exeter_College_MS_41-partB
work_17108,work_11888,Undirected,Exeter_College_MS_41-partB
work_17108,work_7396,Undirected,Exeter_College_MS_41-partB
work_17108,work_17116,Undirected,Exeter_College_MS_41-partB
work_17108,work_17112,Undirected,Exeter_College_MS_41-partB
work_17108,work_17117,Undirected,Exeter_College_MS_41-partB
work_1711,work_367,Undirected,MS_Auct_F_3_13-part2
work_1711,work_424,Undirected,MS_Auct_F_3_13-part2
work_1711,work_373,Undirected,MS_Auct_F_3_13-part2
work_1711,work_3104,Undirected,MS_Auct_F_3_13-part2
work_1711,work_10409,Undirected,MS_Auct_F_3_13-part2
work_1711,work_1202,Undirected,MS_Auct_F_3_13-part2
work_17121,work_10455,Undirected,Exeter_College_MS_36
work_17121,work_13443,Undirected,Exeter_College_MS_36
work_17121,work_1171,Undirected,Exeter_College_MS_36
work_17121,work_14847,Undirected,Exeter_College_MS_36
work_17121,work_14114,Undirected,Exeter_College_MS_36
work_17121,work_16036,Undirected,Exeter_College_MS_36
work_17122,work_2117,Undirected,Exeter_College_MS_66
work_17122,work_2117,Undirected,Exeter_College_MS_66
work_17122,work_2117,Undirected,Exeter_College_MS_66
work_17122,work_2117,Undirected,Exeter_College_MS_66
work_17122,work_2117,Undirected,Exeter_College_MS_66
work_17122,work_17138,Undirected,Exeter_College_MS_66
work_17122,work_17124,Undirected,Exeter_College_MS_66
work_17122,work_17137,Undirected,Exeter_College_MS_66
work_17122,work_7411,Undirected,Exeter_College_MS_66
work_17122,work_17136,Undirected,Exeter_College_MS_66
work_17122,work_17135,Undirected,Exeter_College_MS_66
work_17122,work_17134,Undirected,Exeter_College_MS_66
work_17122,work_17123,Undirected,Exeter_College_MS_66
work_17122,work_2117,Undirected,Exeter_College_MS_66
work_17122,work_17133,Undirected,Exeter_College_MS_66
work_17122,work_17132,Undirected,Exeter_College_MS_66
work_17122,work_2117,Undirected,Exeter_College_MS_66
work_17127,work_17128,Undirected,MS_Laud_Misc_741
work_17127,work_17131,Undirected,MS_Laud_Misc_741
work_17127,work_17129,Undirected,MS_Laud_Misc_741
work_17127,work_16375,Undirected,MS_Laud_Misc_741
work_17127,work_17130,Undirected,MS_Laud_Misc_741
work_17127,work_7409,Undirected,MS_Laud_Misc_741
work_17127,work_7410,Undirected,MS_Laud_Misc_741
work_1713,work_5120,Undirected,MS_Digby_47
work_1713,work_1712,Undirected,MS_Digby_47
work_1713,work_5221,Undirected,MS_Digby_47
work_1713,work_435,Undirected,MS_Digby_47
work_1713,work_3178,Undirected,MS_Digby_47
work_1713,work_373,Undirected,MS_Digby_47
work_1713,work_4937,Undirected,MS_Digby_47
work_1713,work_5123,Undirected,MS_Digby_47
work_1713,work_12808,Undirected,MS_Digby_47
work_1713,work_357,Undirected,MS_Digby_47
work_1713,work_3180,Undirected,MS_Digby_47
work_1713,work_10409,Undirected,MS_Digby_47
work_17139,work_12584,Undirected,Exeter_College_MS_115
work_17139,work_17143,Undirected,Exeter_College_MS_115
work_17139,work_17142,Undirected,Exeter_College_MS_115
work_17139,work_17141,Undirected,Exeter_College_MS_115
work_17139,work_17140,Undirected,Exeter_College_MS_115
work_17139,work_17144,Undirected,Exeter_College_MS_115
work_17145,work_17148,Undirected,Exeter_College_MS_134
work_17145,work_17147,Undirected,Exeter_College_MS_134
work_17145,work_17146,Undirected,Exeter_College_MS_134
work_17145,work_17146,Undirected,Exeter_College_MS_134
work_17149,work_17149,Undirected,Exeter_College_MS_158-partB
work_17149,work_17150,Undirected,Exeter_College_MS_158-partB
work_17149,work_17149,Undirected,Exeter_College_MS_158-partB
work_1715,work_4935,Undirected,MS_Ashmole_1498
work_1715,work_4310,Undirected,MS_Ashmole_1498
work_1715,work_13221,Undirected,MS_Ashmole_1498
work_1715,work_2611,Undirected,MS_Ashmole_1498
work_1715,work_12119,Undirected,MS_Ashmole_1498
work_1715,work_13203,Undirected,MS_Ashmole_1434-part2
work_17151,work_12325,Undirected,MS_Junius_25-part7
work_17151,work_16317,Undirected,MS_Junius_25-part7
work_1716,work_3589,Undirected,MS_Canon_Misc_564
work_1716,work_2069,Undirected,MS_Canon_Misc_564
work_17164,work_7449,Undirected,St_Johns_College_MS_17
work_17164,work_960,Undirected,St_Johns_College_MS_17
work_17164,work_965,Undirected,St_Johns_College_MS_17
work_17164,work_7449,Undirected,St_Johns_College_MS_17
work_17164,work_10409,Undirected,St_Johns_College_MS_17
work_17164,work_7451,Undirected,St_Johns_College_MS_17
work_17164,work_1965,Undirected,St_Johns_College_MS_17
work_17164,work_1627,Undirected,St_Johns_College_MS_17
work_17164,work_966,Undirected,St_Johns_College_MS_17
work_1719,work_13207,Undirected,MS_Lyell_empt_2
work_1719,work_1019,Undirected,MS_Lyell_empt_2
work_1719,work_1019,Undirected,MS_Lyell_empt_2
work_1723,work_889,Undirected,MS_Canon_Misc_186
work_1731,work_13881,Undirected,MS_Canon_Ital_48
work_1731,work_14411,Undirected,MS_Canon_Ital_48
work_1740,work_1743,Undirected,MS_Bodl_24
work_1740,work_1744,Undirected,MS_Rawl_G_38-part1
work_1740,work_4513,Undirected,MS_Rawl_G_38-part1
work_1740,work_1744,Undirected,MS_Bodl_24
work_1746,work_13232,Undirected,St_Johns_College_MS_108
work_1746,work_12948,Undirected,St_Johns_College_MS_108
work_1748,work_1751,Undirected,Exeter_College_MS_35-partF
work_1748,work_7161,Undirected,MS_Canon_Misc_116
work_1748,work_1751,Undirected,MS_Canon_Misc_116
work_1748,work_7387,Undirected,MS_Canon_Misc_116
work_1748,work_15194,Undirected,MS_Canon_Misc_116
work_1748,work_17105,Undirected,Exeter_College_MS_35-partF
work_1748,work_891,Undirected,MS_Canon_Misc_116
work_1748,work_7161,Undirected,Exeter_College_MS_35-partF
work_1748,work_7386,Undirected,Exeter_College_MS_35-partF
work_1748,work_15447,Undirected,MS_Canon_Misc_116
work_1748,work_7387,Undirected,Exeter_College_MS_35-partF
work_1748,work_4738,Undirected,MS_Canon_Misc_116
work_1748,work_13253,Undirected,Exeter_College_MS_35-partF
work_1748,work_852,Undirected,MS_Canon_Misc_116
work_1748,work_17105,Undirected,Exeter_College_MS_35-partF
work_1748,work_892,Undirected,MS_Canon_Misc_116
work_1748,work_1657,Undirected,MS_Canon_Misc_116
work_1748,work_13232,Undirected,MS_Canon_Misc_116
work_175,work_1190,Undirected,MS_Laud_Misc_306-part2
work_175,work_1190,Undirected,MS_Laud_Misc_306-part2
work_175,work_2942,Undirected,MS_Laud_Misc_306-part2
work_175,work_3390,Undirected,MS_Laud_Misc_306-part2
work_175,work_1190,Undirected,MS_Laud_Misc_306-part2
work_175,work_4598,Undirected,MS_Laud_Misc_306-part2
work_175,work_1190,Undirected,MS_Laud_Misc_306-part2
work_175,work_6672,Undirected,MS_Laud_Misc_306-part2
work_175,work_1190,Undirected,MS_Laud_Misc_306-part2
work_175,work_2942,Undirected,MS_Laud_Misc_306-part2
work_175,work_4598,Undirected,MS_Laud_Misc_306-part2
work_175,work_2942,Undirected,MS_Laud_Misc_306-part2
work_175,work_4598,Undirected,MS_Laud_Misc_306-part2
work_175,work_820,Undirected,MS_Laud_Misc_306-part2
work_175,work_3907,Undirected,MS_Laud_Misc_306-part2
work_175,work_3907,Undirected,MS_Laud_Misc_306-part2
work_175,work_175,Undirected,MS_Laud_Misc_306-part2
work_175,work_1190,Undirected,MS_Laud_Misc_306-part2
work_175,work_3907,Undirected,MS_Laud_Misc_306-part2
work_175,work_820,Undirected,MS_Laud_Misc_306-part2
work_175,work_2942,Undirected,MS_Laud_Misc_306-part2
work_175,work_2942,Undirected,MS_Laud_Misc_306-part2
work_175,work_2942,Undirected,MS_Laud_Misc_306-part2
work_175,work_4598,Undirected,MS_Laud_Misc_306-part2
work_175,work_4598,Undirected,MS_Laud_Misc_306-part2
work_1750,work_13156,Undirected,MS_Ashmole_341-part1
work_1750,work_2753,Undirected,MS_Ashmole_341-part1
work_1750,work_181,Undirected,MS_Ashmole_341-part1
work_1750,work_433,Undirected,MS_Ashmole_341-part1
work_1750,work_1749,Undirected,MS_Ashmole_341-part1
work_1750,work_409,Undirected,MS_Ashmole_341-part1
work_1750,work_4311,Undirected,MS_Ashmole_341-part1
work_1750,work_10416,Undirected,MS_Ashmole_341-part1
work_17505,work_17505,Undirected,MS_Ashmole_61
work_17505,work_7616,Undirected,MS_Ashmole_61
work_17505,work_16497,Undirected,MS_Ashmole_61
work_17505,work_6595,Undirected,MS_Ashmole_61
work_17505,work_7617,Undirected,MS_Ashmole_61
work_17505,work_11674,Undirected,MS_Ashmole_61
work_17505,work_16498,Undirected,MS_Ashmole_61
work_17505,work_16499,Undirected,MS_Ashmole_61
work_17505,work_12417,Undirected,MS_Ashmole_61
work_17505,work_13461,Undirected,MS_Ashmole_61
work_17505,work_2722,Undirected,MS_Ashmole_61
work_17505,work_16500,Undirected,MS_Ashmole_61
work_17505,work_14332,Undirected,MS_Ashmole_61
work_17505,work_16501,Undirected,MS_Ashmole_61
work_17505,work_17507,Undirected,MS_Ashmole_61
work_17505,work_17508,Undirected,MS_Ashmole_61
work_17505,work_16502,Undirected,MS_Ashmole_61
work_17505,work_16503,Undirected,MS_Ashmole_61
work_17505,work_4265,Undirected,MS_Ashmole_61
work_1751,work_5477,Undirected,MS_Bodl_682-part1
work_1751,work_2593,Undirected,MS_Bodl_682-part1
work_1751,work_689,Undirected,MS_Bodl_682-part1
work_1751,work_15194,Undirected,MS_Bodl_682-part1
work_1751,work_7387,Undirected,MS_Bodl_682-part1
work_17511,work_17510,Undirected,MS_Laud_Misc_159
work_17511,work_4982,Undirected,MS_Laud_Misc_159
work_1752,work_7406,Undirected,MS_Canon_Misc_335
work_1752,work_2191,Undirected,MS_Canon_Misc_335
work_1752,work_10704,Undirected,MS_Canon_Misc_335
work_1752,work_13886,Undirected,MS_Canon_Misc_335
work_1752,work_13732,Undirected,MS_Canon_Misc_335
work_1755,work_852,Undirected,Merton_College_MS_281-part1
work_1755,work_7221,Undirected,Merton_College_MS_281-part1
work_1755,work_7224,Undirected,MS_Hamilton_29_endleaf
work_1762,work_15505,Undirected,MS_Lat_misc_c_93
work_1766,work_4528,Undirected,MS_Digby_78
work_1768,work_1106,Undirected,MS_Canon_Ital_88
work_1774,work_1773,Undirected,MS_Laud_Misc_717
work_1774,work_1772,Undirected,MS_Laud_Misc_717
work_1784,work_1786,Undirected,MS_DOrville_211
work_1784,work_1826,Undirected,MS_DOrville_211
work_1784,work_1780,Undirected,MS_DOrville_211
work_1784,work_4134,Undirected,MS_Canon_Class_Lat_123
work_1792,work_1794,Undirected,MS_Rawl_B_188
work_1792,work_1793,Undirected,MS_Rawl_B_188
work_1804,work_3330,Undirected,MS_Lyell_79-part3
work_1820,work_1822,Undirected,MS_Auct_T_2_16-part1
work_1820,work_1821,Undirected,MS_Auct_T_2_16-part1
work_1822,work_1820,Undirected,MS_Barocci_108
work_1822,work_1851,Undirected,MS_Barocci_108
work_1822,work_3194,Undirected,MS_Barocci_108
work_1822,work_1853,Undirected,MS_Barocci_108
work_1822,work_1852,Undirected,MS_Barocci_108
work_1822,work_2656,Undirected,MS_Barocci_108
work_1822,work_1856,Undirected,MS_Barocci_108
work_1822,work_4537,Undirected,MS_Barocci_108
work_1822,work_4590,Undirected,MS_Barocci_108
work_1823,work_1372,Undirected,MS_Laud_Gr_87
work_1830,work_398,Undirected,MS_Lat_th_d_32
work_1830,work_1061,Undirected,MS_Add_A_188-endleaves
work_1830,work_1903,Undirected,MS_Lat_misc_b_26-part6
work_1830,work_2550,Undirected,MS_Lat_th_d_32
work_1830,work_3265,Undirected,MS_Lat_th_d_32
work_1831,work_3831,Undirected,MS_Rawl_A_431
work_1831,work_482,Undirected,MS_Rawl_A_431
work_1838,work_13729,Undirected,MS_Barocci_133-part8
work_1838,work_1838,Undirected,MS_Barocci_133-part8
work_1838,work_4634,Undirected,MS_Barocci_133-part8
work_1838,work_2936,Undirected,MS_Barocci_133-part8
work_1838,work_639,Undirected,MS_Barocci_34
work_1838,work_14900,Undirected,MS_Barocci_133-part8
work_1838,work_11237,Undirected,MS_Barocci_133-part8
work_1838,work_727,Undirected,MS_Barocci_133-part8
work_1838,work_2979,Undirected,MS_Barocci_133-part8
work_1838,work_14505,Undirected,MS_Barocci_133-part8
work_1838,work_4086,Undirected,MS_Barocci_133-part8
work_1838,work_3034,Undirected,MS_Barocci_133-part8
work_1838,work_15591,Undirected,MS_Barocci_96-part1
work_1838,work_5151,Undirected,MS_Barocci_96-part1
work_1838,work_4506,Undirected,MS_Barocci_96-part1
work_1838,work_2947,Undirected,MS_Barocci_96-part1
work_1838,work_2207,Undirected,MS_Barocci_133-part8
work_1838,work_10869,Undirected,MS_Barocci_133-part8
work_1838,work_4585,Undirected,MS_Barocci_96-part1
work_1838,work_5142,Undirected,MS_Barocci_133-part8
work_1838,work_3085,Undirected,MS_Barocci_133-part8
work_1838,work_1388,Undirected,MS_Barocci_133-part8
work_1838,work_1492,Undirected,MS_Barocci_34
work_1838,work_75,Undirected,MS_Barocci_133-part8
work_1838,work_1330,Undirected,MS_Barocci_133-part8
work_1838,work_2283,Undirected,MS_Barocci_133-part8
work_184,work_180,Undirected,MS_DOrville_109
work_1842,work_6254,Undirected,MS_Laud_Misc_307-part2B
work_1842,work_3267,Undirected,MS_Laud_Misc_307-part2B
work_1842,work_6253,Undirected,MS_Laud_Misc_307-part2B
work_1843,work_942,Undirected,MS_Barocci_30-part2
work_1843,work_940,Undirected,MS_Barocci_30-part2
work_1843,work_1498,Undirected,MS_Barocci_30-part2
work_1843,work_499,Undirected,MS_Barocci_30-part2
work_1843,work_11756,Undirected,MS_Barocci_30-part2
work_1843,work_553,Undirected,MS_Barocci_30-part2
work_1843,work_496,Undirected,MS_Barocci_30-part2
work_1843,work_1326,Undirected,MS_Barocci_30-part2
work_1843,work_11092,Undirected,MS_Barocci_30-part2
work_1843,work_943,Undirected,MS_Barocci_30-part2
work_1843,work_723,Undirected,MS_Barocci_30-part2
work_1844,work_3885,Undirected,Jesus_College_MS_3
work_1844,work_1831,Undirected,Jesus_College_MS_3
work_1844,work_3831,Undirected,Jesus_College_MS_3
work_1844,work_6132,Undirected,MS_Laud_Misc_276
work_1844,work_6133,Undirected,MS_Laud_Misc_276
work_1844,work_14541,Undirected,MS_Laud_Misc_276
work_1847,work_4074,Undirected,MS_Laud_Gr_37
work_1847,work_105,Undirected,MS_Barocci_135-part2
work_1847,work_116,Undirected,MS_Barocci_188
work_1847,work_115,Undirected,MS_Barocci_135-part2
work_1847,work_108,Undirected,MS_Barocci_135-part2
work_1847,work_112,Undirected,MS_Barocci_135-part2
work_1847,work_104,Undirected,MS_Barocci_135-part2
work_1847,work_106,Undirected,MS_Barocci_135-part2
work_1847,work_6083,Undirected,MS_Auct_T_1_3
work_1847,work_109,Undirected,MS_Barocci_135-part2
work_1847,work_103,Undirected,MS_Barocci_135-part2
work_1847,work_113,Undirected,MS_Barocci_135-part2
work_1847,work_107,Undirected,MS_Barocci_135-part2
work_1847,work_102,Undirected,MS_Barocci_135-part2
work_1847,work_111,Undirected,MS_Barocci_135-part2
work_1847,work_1824,Undirected,MS_Auct_T_1_3
work_1847,work_12284,Undirected,MS_Canon_Gr_51
work_1847,work_1814,Undirected,MS_Barocci_188
work_1847,work_6085,Undirected,MS_Auct_T_1_3
work_1847,work_4074,Undirected,MS_Auct_T_1_3
work_1847,work_104,Undirected,MS_Barocci_188
work_1847,work_6083,Undirected,MS_Auct_T_1_2
work_1847,work_4074,Undirected,MS_Auct_T_1_2
work_1847,work_114,Undirected,MS_Barocci_135-part2
work_1847,work_6084,Undirected,MS_Auct_T_1_3
work_1847,work_116,Undirected,MS_Barocci_135-part2
work_1847,work_110,Undirected,MS_Barocci_135-part2
work_1847,work_108,Undirected,MS_Barocci_188
work_1847,work_1814,Undirected,MS_Barocci_135-part2
work_1847,work_106,Undirected,MS_Barocci_188
work_1847,work_112,Undirected,MS_Barocci_188
work_1847,work_115,Undirected,MS_Barocci_188
work_1849,work_4686,Undirected,MS_E_D_Clarke_2
work_1858,work_2532,Undirected,MS_Canon_Gr_104
work_1858,work_1349,Undirected,MS_Cromwell_9-part1
work_1858,work_3239,Undirected,MS_Canon_Gr_104
work_1862,work_1872,Undirected,MS_Canon_Pat_Lat_165
work_1862,work_1189,Undirected,MS_Canon_Pat_Lat_165
work_1862,work_13725,Undirected,MS_Canon_Pat_Lat_165
work_1862,work_2164,Undirected,MS_Bodl_785-part2
work_1862,work_6460,Undirected,St_Johns_College_MS_28
work_1862,work_6461,Undirected,St_Johns_College_MS_28
work_1862,work_2268,Undirected,MS_Bodl_383-part2
work_1862,work_15362,Undirected,MS_Bodl_785-part2
work_1862,work_5774,Undirected,MS_Bodl_383-part2
work_1862,work_1871,Undirected,MS_Bodl_194
work_1862,work_3365,Undirected,MS_Bodl_194
work_1862,work_2149,Undirected,MS_Bodl_116
work_1862,work_527,Undirected,MS_Bodl_383-part2
work_1862,work_531,Undirected,MS_Bodl_383-part2
work_1862,work_538,Undirected,MS_Bodl_383-part2
work_1862,work_15205,Undirected,St_Johns_College_MS_75-part4
work_1862,work_12374,Undirected,MS_Bodl_383-part2
work_1862,work_1831,Undirected,MS_Selden_Supra_35
work_1862,work_17033,Undirected,Merton_College_MS_249-part5
work_1862,work_3519,Undirected,MS_Bodl_383-part2
work_1862,work_1863,Undirected,MS_Canon_Pat_Lat_164
work_1862,work_14583,Undirected,Merton_College_MS_249-part5
work_1862,work_14583,Undirected,Merton_College_MS_249-part5
work_1862,work_5042,Undirected,Merton_College_MS_249-part5
work_1862,work_4332,Undirected,Merton_College_MS_249-part5
work_1862,work_3149,Undirected,Merton_College_MS_249-part5
work_1862,work_15601,Undirected,St_Johns_College_MS_75-part4
work_1862,work_3831,Undirected,MS_Bodl_383-part2
work_1862,work_16240,Undirected,MS_Canon_Pat_Lat_57
work_1862,work_15014,Undirected,MS_Bodl_534-part3
work_1862,work_3831,Undirected,MS_Selden_Supra_35
work_1863,work_13691,Undirected,MS_Tanner_3
work_1863,work_3497,Undirected,MS_Canon_Pat_Lat_130
work_1863,work_3502,Undirected,MS_Canon_Pat_Lat_130
work_1863,work_15462,Undirected,MS_Canon_Pat_Lat_111
work_1865,work_924,Undirected,MS_Hatton_76-part1
work_1869,work_1869,Undirected,MS_Bodl_688
work_1869,work_2905,Undirected,MS_Laud_Misc_280
work_1869,work_1190,Undirected,MS_Laud_Misc_129
work_1869,work_3110,Undirected,MS_Laud_Misc_280
work_1869,work_4497,Undirected,MS_Laud_Misc_280
work_1869,work_14055,Undirected,MS_Laud_Misc_280
work_1869,work_3395,Undirected,MS_Bodl_688
work_1869,work_2111,Undirected,MS_Bodl_688
work_1869,work_2905,Undirected,MS_Laud_Misc_280
work_1869,work_1863,Undirected,MS_Bodl_688
work_1869,work_13820,Undirected,MS_Laud_Misc_129
work_1869,work_818,Undirected,Merton_College_MS_81
work_1869,work_2268,Undirected,MS_Laud_Misc_129
work_1869,work_15484,Undirected,MS_Laud_Misc_129
work_1869,work_12231,Undirected,MS_Laud_Misc_129
work_1869,work_6313,Undirected,MS_Laud_Misc_129
work_1869,work_15484,Undirected,MS_Laud_Misc_129
work_1869,work_1871,Undirected,MS_Bodl_688
work_1869,work_6348,Undirected,MS_Bodl_223
work_1869,work_1946,Undirected,MS_Bodl_753
work_1869,work_955,Undirected,MS_Bodl_753
work_1869,work_1844,Undirected,MS_Bodl_753
work_1869,work_6725,Undirected,MS_Bodl_321
work_1869,work_16033,Undirected,MS_Bodl_688
work_1869,work_4075,Undirected,MS_Bodl_688
work_1869,work_1862,Undirected,MS_Bodl_688
work_1869,work_1041,Undirected,MS_Bodl_223
work_1869,work_3290,Undirected,MS_Bodl_321
work_1869,work_16399,Undirected,MS_Laud_Misc_129
work_1869,work_16241,Undirected,MS_Bodl_368
work_1869,work_3989,Undirected,MS_Bodl_368
work_1869,work_779,Undirected,MS_Laud_Misc_280
work_1869,work_4598,Undirected,MS_Laud_Misc_129
work_1869,work_14583,Undirected,MS_Laud_Misc_129
work_1869,work_1190,Undirected,MS_Laud_Misc_129
work_1869,work_7440,Undirected,MS_Laud_Misc_129
work_1869,work_4598,Undirected,MS_Laud_Misc_129
work_1869,work_13611,Undirected,MS_Laud_Misc_129
work_1869,work_17156,Undirected,MS_Laud_Misc_129
work_1869,work_1190,Undirected,MS_Laud_Misc_129
work_1869,work_3907,Undirected,MS_Laud_Misc_129
work_1869,work_1501,Undirected,MS_Laud_Misc_129
work_1869,work_1501,Undirected,MS_Laud_Misc_129
work_1869,work_820,Undirected,MS_Laud_Misc_129
work_1869,work_1501,Undirected,MS_Laud_Misc_129
work_1869,work_1190,Undirected,MS_Laud_Misc_129
work_1869,work_15484,Undirected,MS_Laud_Misc_129
work_1869,work_3879,Undirected,MS_Bodl_321
work_1869,work_17155,Undirected,MS_Laud_Misc_129
work_1869,work_5103,Undirected,MS_Bodl_321
work_1869,work_17157,Undirected,MS_Laud_Misc_129
work_1869,work_4598,Undirected,MS_Laud_Misc_129
work_1869,work_3459,Undirected,MS_Bodl_321
work_1869,work_3880,Undirected,MS_Bodl_321
work_1869,work_3580,Undirected,MS_Laud_Misc_129
work_1869,work_12231,Undirected,MS_Laud_Misc_129
work_1869,work_1863,Undirected,MS_Laud_Misc_129
work_1869,work_1501,Undirected,MS_Laud_Misc_129
work_187,work_10473,Undirected,MS_Laud_Misc_30
work_187,work_14895,Undirected,MS_Laud_Misc_30
work_187,work_5060,Undirected,MS_Laud_Misc_30
work_1871,work_2942,Undirected,MS_Bodl_252
work_1871,work_970,Undirected,MS_Bodl_252
work_1871,work_14583,Undirected,St_Johns_College_MS_141
work_1871,work_2941,Undirected,MS_Bodl_252
work_1871,work_5924,Undirected,MS_Bodl_719
work_1871,work_15308,Undirected,MS_Bodl_719
work_1871,work_16240,Undirected,MS_Laud_Misc_275
work_1871,work_16240,Undirected,MS_Laud_Misc_429
work_1871,work_1944,Undirected,MS_Bodl_352
work_1871,work_11760,Undirected,MS_Laud_Misc_241
work_1871,work_3367,Undirected,MS_Bodl_352
work_1871,work_970,Undirected,MS_Bodl_352
work_1876,work_2260,Undirected,MS_Laud_Misc_288
work_1876,work_1871,Undirected,MS_Laud_Misc_95
work_1876,work_11292,Undirected,MS_Bodl_774
work_1876,work_1863,Undirected,MS_Laud_Misc_95
work_1878,work_1874,Undirected,MS_Laud_Misc_449
work_189,work_13179,Undirected,MS_Digby_95-part2
work_1890,work_2967,Undirected,MS_Canon_Misc_351
work_1890,work_3734,Undirected,MS_Canon_Misc_351
work_1890,work_2903,Undirected,MS_Canon_Misc_351
work_1890,work_5222,Undirected,MS_Canon_Misc_351
work_1890,work_14358,Undirected,MS_Canon_Misc_351
work_1890,work_3740,Undirected,MS_Canon_Misc_351
work_1891,work_880,Undirected,MS_DOrville_185
work_1891,work_1888,Undirected,MS_DOrville_185
work_1892,work_1637,Undirected,MS_Canon_Misc_165
work_1892,work_1638,Undirected,MS_Canon_Misc_165
work_1895,work_1887,Undirected,MS_Lat_misc_e_123
work_1907,work_3861,Undirected,MS_Laud_Misc_645
work_1907,work_7613,Undirected,St_Johns_College_MS_92
work_1907,work_248,Undirected,MS_Laud_Misc_645
work_1907,work_3909,Undirected,MS_Laud_Misc_645
work_1907,work_3050,Undirected,MS_Laud_Misc_645
work_1907,work_15470,Undirected,MS_Canon_Class_Lat_271
work_1907,work_10476,Undirected,MS_Laud_Misc_645
work_1907,work_15420,Undirected,St_Johns_College_MS_92
work_1907,work_15420,Undirected,St_Johns_College_MS_92
work_1907,work_4419,Undirected,MS_Canon_Class_Lat_271
work_1907,work_12732,Undirected,MS_Laud_Misc_645
work_1907,work_15537,Undirected,MS_Canon_Class_Lat_271
work_1907,work_16459 work_15420,Undirected,St_Johns_College_MS_92
work_1907,work_3863,Undirected,MS_Canon_Class_Lat_271
work_1907,work_679,Undirected,MS_Canon_Class_Lat_271
work_191,work_1751,Undirected,MS_Canon_Misc_255
work_191,work_13253,Undirected,MS_Canon_Misc_255
work_191,work_10353,Undirected,MS_Canon_Misc_255
work_191,work_3779,Undirected,MS_Canon_Misc_255
work_1914,work_4132,Undirected,MS_Canon_Pat_Lat_62-part1
work_1914,work_14582,Undirected,MS_Canon_Pat_Lat_62-part1
work_1914,work_3949,Undirected,MS_Canon_Pat_Lat_62-part1
work_1914,work_14357,Undirected,MS_Canon_Pat_Lat_62-part1
work_1914,work_13059,Undirected,MS_Canon_Pat_Lat_62-part1
work_1915,work_6334,Undirected,MS_Laud_Misc_740
work_1917,work_10477,Undirected,MS_Bodl_803
work_1917,work_3601,Undirected,MS_Auct_D_4_12-part2
work_1917,work_3601,Undirected,MS_Auct_D_4_12-part2
work_1917,work_14583,Undirected,MS_Bodl_803
work_1917,work_14449,Undirected,MS_Bodl_803
work_1918,work_6702,Undirected,MS_Add_C_29
work_1918,work_6703,Undirected,MS_Add_C_29
work_1919,work_4361,Undirected,MS_Rawl_A_446
work_1919,work_4026,Undirected,MS_Rawl_A_446
work_1919,work_2387,Undirected,MS_Douce_188
work_1919,work_4104,Undirected,MS_Rawl_A_446
work_1919,work_2623,Undirected,MS_Rawl_A_446
work_1919,work_3510,Undirected,MS_Rawl_A_446
work_1919,work_2150,Undirected,MS_Rawl_A_446
work_1919,work_2387,Undirected,MS_Selden_Supra_57
work_1919,work_14338,Undirected,MS_Rawl_A_446
work_192,work_2659,Undirected,MS_Canon_Ital_19
work_192,work_12730,Undirected,MS_Canon_Ital_19
work_192,work_1763,Undirected,MS_Canon_Ital_19
work_1920,work_4122,Undirected,MS_Rawl_D_537
work_1920,work_12617,Undirected,MS_Rawl_D_537
work_1921,work_2722,Undirected,MS_Bodl_912-part1
work_1928,work_977,Undirected,MS_Digby_20-part3
work_1932,work_1931,Undirected,MS_Canon_Misc_472
work_1935,work_687,Undirected,MS_Digby_160
work_1935,work_689,Undirected,MS_Digby_160
work_1935,work_13232,Undirected,MS_Digby_160
work_1935,work_4549,Undirected,MS_Digby_160
work_1935,work_2802,Undirected,MS_Digby_160
work_194,work_12244,Undirected,MS_Fairfax_20
work_194,work_10190,Undirected,MS_Bodl_912-part2
work_194,work_10188,Undirected,MS_Rawl_B_177
work_194,work_2624,Undirected,MS_Bodl_912-part2
work_194,work_2624,Undirected,MS_Laud_Misc_572
work_194,work_3115,Undirected,MS_Rawl_B_177
work_1942,work_3952,Undirected,MS_Bodl_555
work_1942,work_11737,Undirected,MS_Bodl_555
work_1942,work_14999,Undirected,MS_Bodl_555
work_1942,work_237,Undirected,MS_Digby_34-part2
work_1942,work_3954,Undirected,MS_Bodl_555
work_1942,work_11792,Undirected,MS_Digby_34-part2
work_1944,work_15091,Undirected,MS_Laud_Misc_79-part1
work_1944,work_11056,Undirected,MS_Laud_Misc_79-part1
work_1944,work_4847,Undirected,MS_Rawl_A_287
work_1946,work_1868,Undirected,MS_Douce_145
work_1950,work_3907,Undirected,MS_Laud_Misc_350
work_1950,work_3907,Undirected,MS_Laud_Misc_350
work_1950,work_4598,Undirected,MS_Laud_Misc_350
work_1950,work_820,Undirected,MS_Laud_Misc_350
work_1950,work_820,Undirected,MS_Laud_Misc_350
work_1950,work_3906,Undirected,MS_Laud_Misc_350
work_1950,work_6453,Undirected,MS_Laud_Misc_350
work_1950,work_16376,Undirected,MS_Laud_Misc_350
work_1950,work_4121,Undirected,MS_Laud_Misc_350
work_1950,work_3885,Undirected,MS_Laud_Misc_350
work_1950,work_1190,Undirected,MS_Laud_Misc_350
work_1950,work_6454,Undirected,MS_Laud_Misc_350
work_1950,work_3906,Undirected,MS_Laud_Misc_350
work_1950,work_3907,Undirected,MS_Laud_Misc_350
work_1950,work_3907,Undirected,MS_Laud_Misc_350
work_1950,work_3879,Undirected,MS_Laud_Misc_350
work_1950,work_3906,Undirected,MS_Laud_Misc_350
work_1950,work_6456,Undirected,MS_Laud_Misc_350
work_1950,work_820,Undirected,MS_Laud_Misc_350
work_1950,work_7437,Undirected,MS_Laud_Misc_350
work_1950,work_790,Undirected,MS_Laud_Misc_350
work_1950,work_7436,Undirected,MS_Laud_Misc_350
work_1950,work_3580,Undirected,MS_Laud_Misc_350
work_1950,work_820,Undirected,MS_Laud_Misc_350
work_1950,work_3907,Undirected,MS_Laud_Misc_350
work_1950,work_774,Undirected,MS_Laud_Misc_350
work_1950,work_6455,Undirected,MS_Laud_Misc_350
work_1950,work_7435,Undirected,MS_Laud_Misc_350
work_1950,work_3580,Undirected,MS_Laud_Misc_350
work_1950,work_3907,Undirected,MS_Laud_Misc_350
work_1952,work_1210,Undirected,MS_Bodl_516-part2
work_1952,work_11754,Undirected,MS_Bodl_516-part2
work_1963,work_12909,Undirected,MS_Canon_Misc_273
work_1964,work_15585,Undirected,MS_Barocci_116-part2
work_1964,work_3761,Undirected,MS_Barocci_116-part2
work_1964,work_1699,Undirected,MS_Barocci_116-part2
work_1964,work_158,Undirected,MS_Barocci_116-part2
work_1964,work_15579,Undirected,MS_Barocci_116-part2
work_1964,work_15580,Undirected,MS_Barocci_116-part2
work_1964,work_15580,Undirected,MS_Barocci_116-part2
work_1964,work_4722,Undirected,MS_Barocci_116-part2
work_1964,work_15584,Undirected,MS_Barocci_116-part2
work_1964,work_157,Undirected,MS_Barocci_116-part2
work_1964,work_1405,Undirected,MS_Barocci_116-part2
work_1964,work_15582,Undirected,MS_Barocci_116-part2
work_1964,work_11197,Undirected,MS_Barocci_116-part2
work_1964,work_15587,Undirected,MS_Barocci_116-part2
work_1964,work_15583,Undirected,MS_Barocci_116-part2
work_1964,work_5146,Undirected,MS_Barocci_116-part2
work_1964,work_15574,Undirected,MS_Barocci_116-part2
work_1964,work_152,Undirected,MS_Barocci_116-part2
work_1969,work_3627,Undirected,MS_Ashmole_1827
work_1975,work_5056,Undirected,MS_Laud_Misc_671
work_1975,work_408,Undirected,MS_Laud_Misc_677-part2
work_1975,work_3533,Undirected,MS_Laud_Misc_677-part2
work_1975,work_13060,Undirected,MS_Laud_Misc_677-part2
work_1975,work_13932,Undirected,MS_Laud_Misc_677-part2
work_1975,work_14340,Undirected,MS_Rawl_A_372
work_1975,work_6729,Undirected,MS_Laud_Misc_677-part2
work_1977,work_6556,Undirected,MS_Hamilton_36_Part_B
work_1978,work_10293,Undirected,MS_Laud_Misc_203-part6
work_1978,work_11189,Undirected,MS_Laud_Misc_12
work_1978,work_11171,Undirected,MS_Laud_Misc_203-part6
work_1978,work_3301,Undirected,MS_Laud_Misc_12
work_1978,work_2169,Undirected,MS_Laud_Misc_12
work_1982,work_753,Undirected,MS_Laud_Misc_492-part1
work_1982,work_13932,Undirected,MS_Hamilton_52
work_1988,work_447,Undirected,MS_Lat_misc_d_68-partD
work_1993,work_14234,Undirected,MS_e_Mus_187
work_1993,work_13420,Undirected,MS_e_Mus_187
work_1997,work_4129,Undirected,MS_Bodl_520-part1
work_200,work_14538,Undirected,MS_Digby_158
work_200,work_1376,Undirected,MS_Digby_158
work_2006,work_14022,Undirected,MS_Lat_misc_e_94
work_2006,work_13536,Undirected,MS_Lat_misc_e_94
work_2006,work_14899,Undirected,MS_Lat_misc_e_94
work_2010,work_10398,Undirected,MS_Savile_51
work_2010,work_2512,Undirected,MS_Savile_51
work_2018,work_711,Undirected,Merton_College_MS_259-part2
work_2018,work_7197,Undirected,Merton_College_MS_259-part2
work_2018,work_2019,Undirected,MS_Digby_174-part5
work_2018,work_426,Undirected,Merton_College_MS_259-part2
work_2018,work_17034,Undirected,Merton_College_MS_259-part2
work_2018,work_367,Undirected,Merton_College_MS_259-part2
work_2018,work_7196,Undirected,Merton_College_MS_259-part2
work_2018,work_373,Undirected,Merton_College_MS_259-part2
work_2018,work_711,Undirected,Merton_College_MS_259-part2
work_2023,work_6119,Undirected,MS_Auct_T_2_14-part2
work_2023,work_6118,Undirected,MS_Auct_T_2_14-part2
work_203,work_6076,Undirected,MS_Bodl_361
work_203,work_2845,Undirected,MS_Bodl_361
work_203,work_629,Undirected,MS_Bodl_361
work_203,work_3754,Undirected,MS_Bodl_361
work_203,work_15391,Undirected,MS_Bodl_361
work_203,work_901,Undirected,MS_Bodl_361
work_2031,work_2032,Undirected,MS_Barocci_179
work_2033,work_3719,Undirected,MS_Barocci_200
work_2033,work_3713,Undirected,MS_Barocci_114
work_2033,work_16365,Undirected,MS_Holkham_Gr_90
work_2033,work_1702,Undirected,MS_Barocci_114
work_2033,work_2818,Undirected,MS_Barocci_114
work_2033,work_15271,Undirected,MS_Barocci_114
work_2036,work_2034,Undirected,MS_Bodl_468
work_2036,work_2035,Undirected,MS_Bodl_468
work_2040,work_2039,Undirected,MS_Barocci_60
work_2040,work_3685,Undirected,MS_DOrville_71
work_2040,work_13879,Undirected,MS_DOrville_71
work_2040,work_4682,Undirected,MS_DOrville_71
work_2048,work_11190,Undirected,MS_Laud_Misc_40-part2
work_2049,work_4880,Undirected,MS_Marshall_21
work_2052,work_1074,Undirected,MS_Lat_misc_d_80-part3
work_2053,work_1053,Undirected,MS_Lat_th_d_44
work_2053,work_2056,Undirected,MS_Bodl_603-part3
work_2053,work_2056,Undirected,MS_Bodl_866-part3
work_2053,work_13855,Undirected,MS_Auct_F_5_25-part7
work_2057,work_16342,Undirected,MS_Auct_F_5_16-part1
work_206,work_3089,Undirected,MS_Douce_132-part1
work_206,work_4353,Undirected,MS_Douce_132-part1
work_2064,work_4144,Undirected,MS_Savile_14
work_2064,work_1642,Undirected,MS_Savile_14
work_2064,work_621,Undirected,MS_Savile_14
work_2065,work_2612,Undirected,MS_Rawl_C_543-part3
work_2068,work_653,Undirected,MS_Lat_class_e_19
work_2071,work_1612,Undirected,MS_Marshall_72_former_shelfmark
work_2078,work_13016,Undirected,MS_Gr_class_e_134_P
work_2078,work_14500,Undirected,MS_Gr_class_e_134_P
work_2078,work_4625,Undirected,MS_Gr_class_e_134_P
work_2079,work_11500,Undirected,MS_Lat_th_c_14
work_2081,work_4318,Undirected,MS_Canon_Pat_Lat_52-part1
work_2081,work_4033,Undirected,MS_Bodl_642
work_2081,work_2368,Undirected,MS_Bodl_642
work_2081,work_2192,Undirected,MS_Bodl_642
work_2081,work_529,Undirected,MS_Canon_Pat_Lat_52-part1
work_2081,work_820,Undirected,MS_Bodl_96_part3
work_2081,work_760,Undirected,MS_Bodl_96_part3
work_2081,work_4470,Undirected,MS_Canon_Pat_Lat_52-part1
work_2081,work_3880,Undirected,MS_Canon_Pat_Lat_52-part1
work_2081,work_3880,Undirected,MS_Bodl_96_part3
work_2085,work_14912,Undirected,MS_Rawl_B_355
work_2085,work_968,Undirected,MS_Rawl_C_162
work_2085,work_1341,Undirected,MS_Rawl_C_162
work_2089,work_15412,Undirected,MS_Laud_Misc_237-part2
work_2089,work_6100,Undirected,MS_Laud_Misc_237-part2
work_2089,work_10875,Undirected,MS_Lyell_50-part2
work_2089,work_15277,Undirected,MS_Lat_th_e_9
work_2094,work_2095,Undirected,MS_Lat_class_e_1
work_2094,work_2095,Undirected,MS_Canon_Class_Lat_29
work_2094,work_2099,Undirected,MS_Canon_Class_Lat_29
work_2094,work_2095,Undirected,MS_Canon_Class_Lat_24
work_2097,work_2092,Undirected,MS_Auct_F_4_20
work_2097,work_2092,Undirected,MS_Lat_class_e_31
work_2097,work_2094,Undirected,MS_Lat_class_e_31
work_2097,work_2099,Undirected,MS_Lat_class_e_31
work_2097,work_13084,Undirected,MS_DOrville_158
work_2097,work_5630,Undirected,MS_DOrville_158
work_2097,work_2095,Undirected,MS_Lat_class_e_31
work_2097,work_2099,Undirected,MS_DOrville_157
work_2097,work_2096,Undirected,MS_DOrville_158
work_2097,work_2092,Undirected,MS_Canon_Class_Lat_26
work_2097,work_2096,Undirected,MS_DOrville_157
work_2097,work_2092,Undirected,MS_DOrville_157
work_2097,work_2094,Undirected,MS_DOrville_157
work_2097,work_2099,Undirected,MS_Rawl_G_132
work_2097,work_2095,Undirected,MS_Rawl_G_132
work_2097,work_2094,Undirected,MS_Rawl_G_132
work_2097,work_2092,Undirected,MS_Rawl_G_132
work_2097,work_2096,Undirected,MS_Canon_Class_Lat_26
work_2097,work_2096,Undirected,MS_Auct_F_4_20
work_2097,work_2096,Undirected,MS_Lat_class_e_31
work_2097,work_13084,Undirected,MS_DOrville_158
work_2097,work_2096,Undirected,MS_Rawl_G_132
work_2097,work_13084,Undirected,MS_DOrville_158
work_2097,work_15101,Undirected,MS_DOrville_158
work_2097,work_16419,Undirected,MS_DOrville_158
work_2097,work_2092,Undirected,MS_Auct_F_4_19
work_2097,work_2092,Undirected,MS_Add_A_169
work_2097,work_2096,Undirected,MS_Add_B_54
work_2097,work_2092,Undirected,MS_DOrville_158
work_2097,work_2092,Undirected,MS_Add_B_54
work_2097,work_2095,Undirected,MS_DOrville_158
work_2097,work_2096,Undirected,MS_Auct_F_4_19
work_2097,work_1558,Undirected,MS_Auct_F_4_18
work_2097,work_2092,Undirected,MS_Auct_F_4_18
work_2097,work_2096,Undirected,MS_Auct_F_4_18
work_2097,work_2099,Undirected,MS_DOrville_158
work_2097,work_2094,Undirected,MS_DOrville_158
work_2097,work_2095,Undirected,MS_DOrville_157
work_2097,work_2096,Undirected,MS_Add_A_169
work_2097,work_2094,Undirected,MS_Auct_F_4_20
work_2099,work_4133,Undirected,MS_Canon_Class_Lat_27
work_2099,work_2095,Undirected,MS_Canon_Class_Lat_27
work_2099,work_5736,Undirected,MS_Canon_Class_Lat_27
work_2099,work_2094,Undirected,MS_Canon_Class_Lat_27
work_2099,work_6207,Undirected,MS_Canon_Class_Lat_27
work_2099,work_6208,Undirected,MS_Canon_Class_Lat_27
work_2099,work_6206,Undirected,MS_Canon_Class_Lat_27
work_2099,work_4138,Undirected,MS_Canon_Class_Lat_27
work_210,work_13579,Undirected,MS_Digby_109
work_2100,work_3488,Undirected,MS_Montagu_e_8
work_2100,work_2094,Undirected,MS_DOrville_156
work_2100,work_2095,Undirected,MS_DOrville_156
work_2100,work_2096,Undirected,MS_DOrville_156
work_2100,work_2092,Undirected,MS_DOrville_156
work_2100,work_2097,Undirected,MS_DOrville_156
work_2104,work_12322,Undirected,MS_Laud_Misc_390-part1
work_2111,work_949,Undirected,Merton_College_MS_88
work_2111,work_16245,Undirected,Merton_College_MS_88
work_2111,work_949,Undirected,MS_Rawl_B_194
work_2112,work_13263,Undirected,MS_Lyell_71
work_2112,work_3536,Undirected,MS_Lyell_71
work_2112,work_2170,Undirected,MS_Lyell_71
work_2112,work_2113,Undirected,MS_Lyell_71
work_2116,work_2192,Undirected,MS_Laud_Misc_75-part3
work_2116,work_11737,Undirected,MS_Laud_Misc_75-part3
work_2116,work_4130,Undirected,MS_Laud_Misc_203-part2
work_2116,work_230,Undirected,MS_Laud_Misc_203-part3
work_2116,work_3954,Undirected,MS_Laud_Misc_203-part3
work_2116,work_11506,Undirected,MS_Laud_Misc_203-part5
work_2117,work_4622,Undirected,Merton_College_MS_206
work_2117,work_2117,Undirected,MS_Laud_Misc_466
work_2117,work_2117,Undirected,Exeter_College_MS_55
work_2117,work_2117,Undirected,Exeter_College_MS_55
work_2117,work_2117,Undirected,MS_Laud_Misc_466
work_2117,work_4024,Undirected,MS_Laud_Misc_466
work_2117,work_17023,Undirected,Merton_College_MS_206
work_2117,work_2117,Undirected,Exeter_College_MS_65
work_2117,work_2117,Undirected,Exeter_College_MS_52
work_2117,work_2117,Undirected,Exeter_College_MS_52
work_2117,work_2117,Undirected,Exeter_College_MS_62
work_2117,work_11137,Undirected,Exeter_College_MS_67
work_2117,work_2117,Undirected,Exeter_College_MS_51
work_2117,work_2117,Undirected,Exeter_College_MS_51
work_2117,work_2117,Undirected,Exeter_College_MS_51
work_2117,work_2117,Undirected,Exeter_College_MS_51
work_2117,work_2117,Undirected,Exeter_College_MS_52
work_2117,work_2117,Undirected,Exeter_College_MS_51
work_2117,work_2117,Undirected,Exeter_College_MS_51
work_2117,work_2117,Undirected,Exeter_College_MS_51
work_2117,work_2117,Undirected,Exeter_College_MS_58
work_2117,work_2117,Undirected,Exeter_College_MS_52
work_2117,work_2117,Undirected,Exeter_College_MS_52
work_2117,work_2117,Undirected,Exeter_College_MS_52
work_2117,work_4024,Undirected,MS_Lat_th_b_5
work_2117,work_2390,Undirected,MS_Lat_th_b_5
work_2117,work_2117,Undirected,Exeter_College_MS_52
work_2117,work_4612,Undirected,Exeter_College_MS_52
work_2117,work_2117,Undirected,Exeter_College_MS_52
work_2117,work_2117,Undirected,Exeter_College_MS_56
work_2117,work_4613,Undirected,Exeter_College_MS_52
work_2117,work_4613,Undirected,Exeter_College_MS_52
work_212,work_3517,Undirected,MS_Canon_Misc_190
work_2121,work_4316,Undirected,MS_Canon_Pat_Lat_52-part5
work_2121,work_6230,Undirected,MS_Canon_Pat_Lat_52-part5
work_2121,work_2125,Undirected,MS_Canon_Pat_Lat_52-part5
work_2121,work_3960,Undirected,MS_Canon_Pat_Lat_52-part5
work_2121,work_4798,Undirected,MS_Canon_Pat_Lat_52-part5
work_2121,work_14583,Undirected,MS_Canon_Pat_Lat_52-part5
work_2125,work_4027,Undirected,MS_Laud_Misc_392
work_2125,work_1876,Undirected,MS_Laud_Misc_392
work_2125,work_16172,Undirected,MS_Laud_Misc_179-part3
work_2125,work_15308,Undirected,MS_Laud_Misc_179-part3
work_2125,work_14583,Undirected,MS_Laud_Misc_179-part3
work_2131,work_2148,Undirected,MS_Laud_Misc_409
work_2131,work_5840,Undirected,Merton_College_MS_49-part1
work_2131,work_2134,Undirected,MS_Laud_Misc_370
work_2131,work_2128,Undirected,Merton_College_MS_49-part1
work_2131,work_5813,Undirected,Merton_College_MS_49-part1
work_2131,work_3450,Undirected,Merton_College_MS_49-part1
work_2131,work_772,Undirected,Merton_College_MS_49-part1
work_2131,work_5770,Undirected,Merton_College_MS_49-part1
work_2131,work_2651,Undirected,Merton_College_MS_49-part1
work_2131,work_14593,Undirected,MS_Laud_Misc_370
work_2131,work_3954,Undirected,MS_Bodl_750
work_2131,work_11503,Undirected,MS_Bodl_750
work_2131,work_4323,Undirected,Merton_College_MS_49-part1
work_2131,work_16077,Undirected,Merton_College_MS_49-part1
work_2131,work_14901,Undirected,MS_Bodl_750
work_2131,work_14583,Undirected,MS_Bodl_750
work_2131,work_3952,Undirected,MS_Bodl_750
work_2131,work_775,Undirected,Merton_College_MS_49-part1
work_2131,work_812,Undirected,Merton_College_MS_49-part1
work_2131,work_16076,Undirected,Merton_College_MS_49-part1
work_2131,work_5834,Undirected,Merton_College_MS_49-part1
work_2131,work_5835,Undirected,Merton_College_MS_49-part1
work_2131,work_5836,Undirected,Merton_College_MS_49-part1
work_2131,work_5837,Undirected,Merton_College_MS_49-part1
work_2131,work_5838,Undirected,Merton_College_MS_49-part1
work_2131,work_2150,Undirected,MS_Laud_Misc_409
work_2131,work_4316,Undirected,MS_Laud_Misc_409
work_2131,work_754,Undirected,Merton_College_MS_49-part1
work_2131,work_2154,Undirected,MS_Laud_Misc_409
work_2131,work_811,Undirected,Merton_College_MS_49-part1
work_2131,work_5839,Undirected,Merton_College_MS_49-part1
work_2131,work_2152,Undirected,Merton_College_MS_49-part1
work_2131,work_2147,Undirected,Merton_College_MS_49-part1
work_2131,work_2144,Undirected,MS_Laud_Misc_409
work_2131,work_5755,Undirected,Merton_College_MS_49-part1
work_2131,work_4323,Undirected,MS_Laud_Misc_409
work_2132,work_4139,Undirected,MS_Canon_Misc_548
work_2132,work_3129,Undirected,MS_Canon_Misc_548
work_2132,work_5921,Undirected,St_Johns_College_MS_98-part6
work_2134,work_2131,Undirected,MS_Bodl_345
work_2134,work_2130,Undirected,MS_Bodl_345
work_2134,work_2128,Undirected,MS_Bodl_345
work_2142,work_15437,Undirected,MS_Laud_Misc_506-part2
work_2142,work_11296,Undirected,MS_Laud_Misc_318-part2
work_2142,work_14541,Undirected,MS_Laud_Misc_506-part2
work_2142,work_14973,Undirected,MS_Laud_Misc_506-part2
work_2149,work_15308,Undirected,MS_Laud_Misc_203-part7
work_2149,work_3882,Undirected,MS_Laud_Misc_203-part7
work_2149,work_14999,Undirected,MS_Laud_Misc_203-part7
work_2149,work_2154,Undirected,St_Johns_College_MS_98-part8
work_2151,work_1876,Undirected,MS_Laud_Misc_399
work_2151,work_15161,Undirected,MS_Laud_Misc_90
work_2153,work_13932,Undirected,MS_Lat_th_d_27
work_2153,work_2392,Undirected,MS_Lat_th_d_27
work_2153,work_263,Undirected,MS_Lat_th_d_27
work_2153,work_4461,Undirected,MS_Lat_th_d_27
work_2153,work_4283,Undirected,MS_Lat_th_d_27
work_2153,work_13932,Undirected,MS_Lat_th_d_27
work_2153,work_1161,Undirected,MS_Lat_th_d_27
work_2153,work_1461,Undirected,MS_Lat_th_d_27
work_2153,work_5007,Undirected,MS_Lat_th_d_27
work_2153,work_3525,Undirected,MS_Lat_th_d_27
work_2153,work_968,Undirected,MS_Lat_th_d_27
work_2153,work_14358,Undirected,MS_Lat_th_d_27
work_2153,work_4956,Undirected,MS_Lat_th_d_27
work_2153,work_3499,Undirected,MS_Lat_th_d_27
work_2153,work_4085,Undirected,MS_Lat_th_d_27
work_2153,work_2746,Undirected,MS_Lat_th_d_27
work_2153,work_13950,Undirected,MS_Lat_th_d_27
work_2153,work_2357,Undirected,MS_Lat_th_d_27
work_2153,work_4068,Undirected,MS_Lat_th_d_27
work_2153,work_13950,Undirected,MS_Lat_th_d_27
work_2153,work_4075,Undirected,MS_Lat_th_d_27
work_2153,work_5748,Undirected,MS_Lat_th_d_27
work_2153,work_536,Undirected,MS_Lat_th_d_27
work_2153,work_4957,Undirected,MS_Lat_th_d_27
work_2153,work_1975,Undirected,MS_Lat_th_d_27
work_2153,work_1863,Undirected,MS_Lat_th_d_27
work_2153,work_11343,Undirected,MS_Lat_th_d_27
work_2153,work_11079,Undirected,MS_Lat_th_d_27
work_2153,work_2164,Undirected,MS_Lat_th_d_27
work_2153,work_11761,Undirected,MS_Lat_th_d_27
work_2153,work_1871,Undirected,MS_Lat_th_d_27
work_2153,work_14306,Undirected,MS_Lat_th_d_27
work_2160,work_11458,Undirected,MS_Canon_Pat_Lat_1
work_2160,work_13709,Undirected,MS_Canon_Pat_Lat_1
work_2160,work_10293,Undirected,MS_Canon_Pat_Lat_1
work_2160,work_11536,Undirected,MS_Canon_Pat_Lat_1
work_2164,work_15308,Undirected,MS_Laud_Misc_473
work_2164,work_15308,Undirected,MS_Bodl_458
work_2164,work_15308,Undirected,MS_Laud_Misc_473
work_2164,work_14583,Undirected,MS_Laud_Misc_473
work_2164,work_4316,Undirected,MS_Bodl_458
work_2164,work_3510,Undirected,MS_Laud_Misc_473
work_2164,work_15308,Undirected,MS_Laud_Misc_473
work_2164,work_1080,Undirected,pr_MS_Bodl_403
work_2164,work_4984,Undirected,MS_Bodl_458
work_2164,work_792,Undirected,MS_Bodl_458
work_2164,work_4073,Undirected,MS_Bodl_867
work_2164,work_4328,Undirected,MS_Bodl_867
work_2164,work_538,Undirected,MS_Bodl_867
work_2164,work_3839,Undirected,MS_Bodl_867
work_2164,work_3459,Undirected,MS_Bodl_867
work_2164,work_2779,Undirected,MS_Bodl_867
work_2164,work_14583,Undirected,MS_Bodl_867
work_2164,work_15308,Undirected,MS_Laud_Misc_473
work_2164,work_2330,Undirected,MS_Bodl_458
work_2164,work_13164,Undirected,MS_Laud_Misc_473
work_2164,work_4073,Undirected,Trinity_College_MS_3-part1
work_2164,work_13060,Undirected,MS_Laud_Misc_480-part1
work_2164,work_3342,Undirected,MS_Canon_Misc_404
work_2164,work_15110,Undirected,MS_Canon_Misc_404
work_2167,work_11518,Undirected,MS_Canon_Pat_Lat_92
work_2167,work_2125,Undirected,MS_Canon_Pat_Lat_92
work_2169,work_4191,Undirected,St_Johns_College_MS_130
work_2169,work_2170,Undirected,MS_Bodl_188
work_2169,work_13552,Undirected,MS_Bodl_897
work_2169,work_5041,Undirected,MS_Bodl_897
work_2169,work_2128,Undirected,MS_Bodl_897
work_2169,work_1136,Undirected,MS_Bodl_745
work_2169,work_4422,Undirected,MS_Bodl_745
work_2169,work_3952,Undirected,St_Johns_College_MS_130
work_2169,work_1030,Undirected,St_Johns_College_MS_130
work_2169,work_1032,Undirected,St_Johns_College_MS_130
work_2169,work_11678,Undirected,St_Johns_College_MS_200
work_2169,work_2942,Undirected,St_Johns_College_MS_200
work_2169,work_2131,Undirected,MS_Bodl_745
work_2169,work_6227,Undirected,St_Johns_College_MS_130
work_2169,work_15283,Undirected,St_Johns_College_MS_200
work_2169,work_1026,Undirected,St_Johns_College_MS_130
work_2169,work_3944,Undirected,St_Johns_College_MS_130
work_2169,work_970,Undirected,St_Johns_College_MS_200
work_2171,work_2172,Undirected,MS_Lat_th_e_50
work_2175,work_12135,Undirected,MS_e_Mus_96
work_2178,work_15129,Undirected,MS_Hatton_94
work_2178,work_11479,Undirected,MS_Hatton_94
work_2180,work_15447,Undirected,MS_DOrville_145
work_2180,work_4123,Undirected,MS_DOrville_145
work_2180,work_10409,Undirected,MS_DOrville_95
work_2183,work_14583,Undirected,MS_Canon_Misc_311-part1
work_2183,work_3138,Undirected,MS_Canon_Misc_311-part1
work_2191,work_1015,Undirected,MS_Laud_Misc_515
work_2191,work_14583,Undirected,MS_Digby_77-part2
work_2191,work_2001,Undirected,MS_Laud_Misc_515
work_2191,work_1014,Undirected,MS_Laud_Misc_515
work_2191,work_13060,Undirected,MS_Laud_Misc_515
work_2191,work_2057,Undirected,MS_Laud_Misc_515
work_2191,work_3140,Undirected,MS_Laud_Misc_515
work_2191,work_178,Undirected,MS_Laud_Misc_515
work_2191,work_6742,Undirected,Trinity_College_MS_18-part3
work_2191,work_14306,Undirected,MS_Rawl_C_504
work_2191,work_15248,Undirected,MS_Rawl_C_504
work_2191,work_1679,Undirected,MS_Laud_Misc_515
work_2191,work_10753,Undirected,Merton_College_MS_249-part2
work_2191,work_4963,Undirected,Merton_College_MS_249-part2
work_2191,work_2183,Undirected,MS_Rawl_C_536
work_2191,work_14583,Undirected,Merton_College_MS_249-part2
work_2191,work_3952,Undirected,MS_Laud_Misc_322
work_2191,work_6785,Undirected,MS_Digby_77-part2
work_2192,work_5631,Undirected,Christ_Church_MS_99-part5
work_2192,work_10448,Undirected,MS_Laud_Misc_439-part1
work_2192,work_2194,Undirected,MS_Wood_empt_4-part2
work_2195,work_14583,Undirected,MS_Add_C_263
work_2195,work_5038,Undirected,MS_Add_C_263
work_2195,work_7195,Undirected,MS_Add_C_263
work_2195,work_5041,Undirected,MS_Add_C_263
work_2196,work_1842,Undirected,MS_Canon_Pat_Lat_144
work_220,work_5583,Undirected,MS_Ashmole_1796
work_220,work_10409,Undirected,MS_Ashmole_1796
work_220,work_10409,Undirected,MS_Ashmole_1796
work_220,work_10396,Undirected,MS_Ashmole_1796
work_220,work_4337,Undirected,MS_Ashmole_1796
work_220,work_5026,Undirected,MS_Ashmole_1796
work_220,work_5583,Undirected,MS_Ashmole_1796
work_220,work_10409,Undirected,MS_Ashmole_1796
work_220,work_4338,Undirected,MS_Ashmole_1796
work_220,work_10409,Undirected,MS_Ashmole_1796
work_220,work_10409,Undirected,MS_Ashmole_1796
work_220,work_10409,Undirected,MS_Ashmole_1796
work_220,work_4457,Undirected,MS_Ashmole_1796
work_220,work_10409,Undirected,MS_Ashmole_1796
work_220,work_3174,Undirected,MS_Ashmole_1796
work_220,work_5583,Undirected,MS_Ashmole_1796
work_220,work_4671,Undirected,MS_Ashmole_1796
work_220,work_5583,Undirected,MS_Ashmole_1796
work_220,work_15150,Undirected,MS_Ashmole_1796
work_220,work_16516,Undirected,MS_Ashmole_1796
work_220,work_10409,Undirected,MS_Ashmole_1796
work_220,work_10396,Undirected,MS_Ashmole_1796
work_220,work_10409,Undirected,MS_Ashmole_1796
work_220,work_10396,Undirected,MS_Ashmole_1796
work_220,work_4335,Undirected,MS_Ashmole_1796
work_220,work_3174,Undirected,MS_Ashmole_1796
work_220,work_10409,Undirected,MS_Ashmole_1796
work_220,work_10409,Undirected,MS_Ashmole_1796
work_220,work_10409,Undirected,MS_Ashmole_1796
work_221,work_2754,Undirected,MS_Laud_Misc_402-part5
work_221,work_2125,Undirected,MS_Laud_Misc_402-part5
work_221,work_4559,Undirected,MS_Laud_Misc_402-part5
work_221,work_11232,Undirected,MS_Laud_Misc_402-part5
work_2211,work_3719,Undirected,MS_Barocci_133-part2
work_2212,work_15578,Undirected,MS_Barocci_116-part4
work_2212,work_15588,Undirected,MS_Barocci_116-part4
work_2212,work_1700,Undirected,MS_Barocci_116-part4
work_2212,work_15577,Undirected,MS_Barocci_116-part4
work_2214,work_724,Undirected,MS_Barocci_173-part1
work_2214,work_5152,Undirected,MS_Barocci_173-part1
work_2214,work_2011,Undirected,MS_Barocci_173-part1
work_2214,work_2210,Undirected,MS_Barocci_173-part1
work_2214,work_4868,Undirected,MS_Barocci_173-part1
work_2214,work_11082,Undirected,MS_Barocci_173-part1
work_2214,work_11068,Undirected,MS_Barocci_173-part1
work_2216,work_49,Undirected,MS_Barocci_129
work_2216,work_3663,Undirected,MS_Barocci_129
work_2216,work_499,Undirected,MS_Barocci_129
work_2216,work_718,Undirected,MS_Barocci_129
work_2216,work_1473,Undirected,MS_Barocci_129
work_2216,work_2665,Undirected,MS_Barocci_129
work_2219,work_1153,Undirected,MS_Lat_misc_b_16
work_2219,work_12572,Undirected,MS_Lat_misc_b_16
work_2219,work_1152,Undirected,MS_Lat_misc_b_16
work_2219,work_1903,Undirected,MS_Lat_misc_b_16
work_2219,work_1393,Undirected,MS_Lat_misc_b_16
work_2226,work_2227,Undirected,MS_Canon_Pat_Lat_19
work_2226,work_15308,Undirected,MS_Canon_Pat_Lat_19
work_2234,work_10407,Undirected,MS_Selden_Supra_7
work_2234,work_4151,Undirected,MS_Selden_Supra_7
work_2235,work_7205,Undirected,MS_Bodl_355-part2
work_2235,work_2237,Undirected,MS_Canon_Misc_307
work_2235,work_1600,Undirected,MS_Canon_Misc_307
work_2235,work_1601,Undirected,MS_Canon_Misc_307
work_2235,work_2238,Undirected,MS_Bodl_355-part2
work_2235,work_7205,Undirected,Merton_College_MS_263
work_2235,work_2066,Undirected,MS_Canon_Misc_307
work_2235,work_2238,Undirected,MS_Canon_Misc_307
work_2235,work_15149,Undirected,MS_Canon_Misc_307
work_2235,work_2239,Undirected,MS_Rawl_C_748
work_2235,work_2237,Undirected,MS_Bodl_355-part2
work_2235,work_2238,Undirected,Merton_College_MS_263
work_2235,work_2501,Undirected,MS_Canon_Misc_307
work_2236,work_851,Undirected,MS_Digby_217-part4
work_2236,work_438,Undirected,MS_Digby_217-part4
work_2236,work_413,Undirected,MS_Digby_217-part4
work_2236,work_13084,Undirected,MS_Digby_217-part4
work_2236,work_430,Undirected,MS_Digby_217-part4
work_2237,work_2235,Undirected,MS_Ashmole_1470
work_2237,work_10205,Undirected,MS_Ashmole_1470
work_2237,work_13249,Undirected,MS_Ashmole_1470
work_2237,work_3131,Undirected,MS_Ashmole_1470
work_2244,work_14583,Undirected,MS_Canon_Ital_163
work_2244,work_13950,Undirected,MS_Canon_Ital_163
work_2246,work_15265,Undirected,MS_Cromwell_2
work_2246,work_2609,Undirected,MS_Cromwell_1
work_2246,work_11661,Undirected,MS_Barocci_12-part1
work_2246,work_1466,Undirected,MS_Cromwell_1
work_2246,work_12015,Undirected,MS_Barocci_12-part1
work_2246,work_2204,Undirected,MS_Barocci_12-part1
work_2246,work_67,Undirected,MS_Barocci_12-part1
work_2246,work_553,Undirected,MS_Cromwell_1
work_2246,work_10302,Undirected,MS_Cromwell_1
work_2246,work_551,Undirected,MS_Cromwell_1
work_2246,work_938,Undirected,MS_Barocci_12-part1
work_2246,work_11731,Undirected,MS_Barocci_12-part1
work_2246,work_2245,Undirected,MS_Barocci_12-part1
work_2247,work_491,Undirected,MSS_Gr_class_e_17_17-star
work_2247,work_2039,Undirected,MSS_Gr_class_e_17_17-star
work_2247,work_2527,Undirected,MSS_Gr_class_e_17_17-star
work_2247,work_2503,Undirected,MSS_Gr_class_e_17_17-star
work_2247,work_6123,Undirected,MSS_Gr_class_e_17_17-star
work_2247,work_2038,Undirected,MSS_Gr_class_e_17_17-star
work_2250,work_2266,Undirected,MS_Canon_Pat_Lat_68
work_2251,work_2263,Undirected,MS_Laud_Misc_398-part1
work_2251,work_13420,Undirected,MS_Laud_Misc_398-part1
work_2251,work_15116,Undirected,MS_Laud_Misc_398-part1
work_2251,work_2260,Undirected,MS_e_Mus_113-part3
work_2251,work_1478,Undirected,MS_Laud_Misc_398-part1
work_2251,work_5808,Undirected,MS_Laud_Misc_234
work_2251,work_12027,Undirected,MS_Bodl_319
work_2251,work_756,Undirected,MS_Laud_Misc_234
work_2251,work_16250,Undirected,MS_Laud_Misc_234
work_2251,work_6173,Undirected,MS_Laud_Misc_234
work_2251,work_16249,Undirected,MS_Laud_Misc_234
work_2251,work_2269,Undirected,MS_Laud_Misc_234
work_2251,work_13869,Undirected,MS_Laud_Misc_234
work_2252,work_2254,Undirected,MS_Bodl_444-part1
work_2252,work_2258,Undirected,MS_Bodl_444-part1
work_2254,work_2256,Undirected,MS_Bodl_391
work_2254,work_16257,Undirected,MS_Bodl_391
work_2254,work_1652,Undirected,MS_Bodl_391
work_2254,work_2410,Undirected,MS_Bodl_391
work_2254,work_804,Undirected,MS_Bodl_391
work_2254,work_1211,Undirected,MS_Bodl_391
work_2254,work_2258,Undirected,MS_Bodl_391
work_2254,work_2259,Undirected,MS_Bodl_391
work_2254,work_16515,Undirected,MS_Bodl_391
work_2254,work_2263,Undirected,MS_Bodl_391
work_2257,work_10743,Undirected,MS_Lat_misc_f_33
work_2257,work_968,Undirected,Merton_College_MS_95
work_2257,work_10743,Undirected,MS_Lat_misc_f_33
work_2257,work_7022,Undirected,Merton_College_MS_95
work_2257,work_14565,Undirected,MS_Lat_misc_f_33
work_2257,work_14565,Undirected,MS_Lat_misc_f_33
work_2257,work_10743,Undirected,MS_Lat_misc_f_33
work_2257,work_12037,Undirected,MS_Lat_misc_f_33
work_2257,work_12374,Undirected,Merton_College_MS_95
work_2257,work_7023,Undirected,Merton_College_MS_95
work_2257,work_12037,Undirected,MS_Lat_misc_f_33
work_2257,work_2265,Undirected,MS_Lat_misc_f_33
work_2257,work_5081,Undirected,Merton_College_MS_95
work_2257,work_12151,Undirected,MS_Bodl_395
work_2260,work_2257,Undirected,MS_Holkham_misc_6-part2
work_2262,work_3395,Undirected,MS_Add_C_16
work_2263,work_4032,Undirected,MS_Laud_Misc_345-part1
work_2263,work_1041,Undirected,MS_Laud_Misc_345-part1
work_2263,work_1040,Undirected,MS_Laud_Misc_345-part1
work_2263,work_2114,Undirected,MS_Laud_Misc_345-part1
work_2263,work_1022,Undirected,MS_Laud_Misc_345-part1
work_2263,work_4829,Undirected,MS_Laud_Misc_345-part1
work_2263,work_5038,Undirected,MS_Laud_Misc_345-part1
work_2263,work_176,Undirected,MS_Laud_Misc_345-part1
work_2263,work_2914,Undirected,MS_Laud_Misc_345-part1
work_2263,work_2116,Undirected,MS_Laud_Misc_345-part1
work_2265,work_14034,Undirected,MS_Auct_F_2_20
work_2265,work_3038,Undirected,MS_Auct_F_2_20
work_2265,work_1271,Undirected,MS_Auct_F_2_20
work_2265,work_401,Undirected,St_Johns_College_MS_178-part3
work_2265,work_14022,Undirected,St_Johns_College_MS_178-part3
work_2265,work_2590,Undirected,St_Johns_College_MS_178-part3
work_2265,work_2592,Undirected,St_Johns_College_MS_178-part3
work_2265,work_2591,Undirected,St_Johns_College_MS_178-part3
work_2268,work_2242,Undirected,MS_Canon_Pat_Lat_62-part3
work_2268,work_4132,Undirected,MS_Canon_Pat_Lat_61
work_2268,work_2271,Undirected,MS_Canon_Pat_Lat_153
work_2268,work_379,Undirected,MS_Bodl_398-part1
work_2268,work_4290,Undirected,MS_Bodl_769
work_2268,work_4730,Undirected,MS_Bodl_398-part1
work_2268,work_6200,Undirected,MS_Bodl_393-part1
work_2268,work_3391,Undirected,MS_Bodl_393-part1
work_2268,work_2250,Undirected,MS_Bodl_398-part1
work_2268,work_2269,Undirected,MS_Canon_Pat_Lat_61
work_2269,work_1660,Undirected,MS_Laud_Misc_233-part1
work_2269,work_2055,Undirected,MS_Laud_Misc_233-part1
work_2269,work_3921,Undirected,MS_Rawl_C_780
work_2269,work_2191,Undirected,MS_Rawl_C_780
work_2269,work_15129,Undirected,MS_Laud_Misc_233-part1
work_2269,work_379,Undirected,MS_Rawl_C_780
work_2269,work_14583,Undirected,MS_Laud_Misc_233-part1
work_2269,work_14941,Undirected,MS_Laud_Misc_233-part1
work_2269,work_1878,Undirected,MS_Laud_Misc_233-part1
work_2269,work_3805,Undirected,MS_Rawl_C_780
work_2287,work_1343,Undirected,MS_Lat_th_d_4
work_2287,work_11335,Undirected,MS_Bodl_527-part1
work_2289,work_4049,Undirected,MS_Laud_Misc_52
work_2289,work_4043,Undirected,MS_Laud_Misc_52
work_2292,work_2294,Undirected,MS_Laud_Misc_226
work_2292,work_2294,Undirected,MS_Laud_Misc_226
work_2292,work_2294,Undirected,MS_Laud_Misc_226
work_2293,work_17161,Undirected,St_Johns_College_MS_125
work_2293,work_11474,Undirected,MS_Lat_misc_d_74
work_2293,work_11471,Undirected,MS_Lat_misc_d_74
work_2293,work_17160,Undirected,St_Johns_College_MS_125
work_2293,work_17159,Undirected,St_Johns_College_MS_125
work_2294,work_2292,Undirected,St_Johns_College_MS_126-part4
work_2294,work_14973,Undirected,St_Johns_College_MS_126-part4
work_2300,work_585,Undirected,MS_Canon_Misc_512
work_2300,work_914,Undirected,MS_Canon_Misc_512
work_2300,work_11212,Undirected,MS_Canon_Misc_512
work_2300,work_524,Undirected,MS_Canon_Misc_512
work_2301,work_10397,Undirected,MS_Canon_Misc_27
work_2306,work_2200,Undirected,MS_Canon_Ital_4
work_2307,work_3723,Undirected,MS_Hatton_105-part1
work_2307,work_4091,Undirected,MS_Hatton_105-part1
work_2307,work_15010,Undirected,MS_Hatton_105-part1
work_2307,work_4091,Undirected,MS_Bodl_881
work_2307,work_1075,Undirected,MS_Bodl_881
work_2307,work_15161,Undirected,MS_Bodl_881
work_2307,work_3723,Undirected,MS_Bodl_881
work_2307,work_2231,Undirected,MS_Bodl_881
work_2307,work_4986,Undirected,MS_Bodl_881
work_2307,work_2775,Undirected,MS_Bodl_881
work_2307,work_1075,Undirected,MS_Hatton_105-part1
work_2307,work_248,Undirected,Jesus_College_MS_12
work_2307,work_2775,Undirected,MS_Hatton_105-part1
work_2307,work_4073,Undirected,St_Johns_College_MS_135
work_2307,work_15363,Undirected,MS_Digby_31
work_2307,work_17092,Undirected,St_Johns_College_MS_135
work_2311,work_1153,Undirected,MS_Canon_Misc_262
work_2311,work_11343,Undirected,MS_Canon_Misc_262
work_2311,work_16511,Undirected,MS_Canon_Misc_262
work_2316,work_2313,Undirected,MS_Laud_Misc_586
work_2316,work_2312,Undirected,MS_Laud_Misc_586
work_2316,work_2314,Undirected,MS_Laud_Misc_586
work_2316,work_2315,Undirected,MS_Laud_Misc_586
work_2318,work_2319,Undirected,MS_Canon_Misc_424
work_232,work_11111,Undirected,Merton_College_MS_272
work_232,work_7210,Undirected,Merton_College_MS_272
work_232,work_11143,Undirected,Merton_College_MS_272
work_232,work_7210,Undirected,Merton_College_MS_272
work_232,work_7209,Undirected,Merton_College_MS_272
work_232,work_7214,Undirected,Merton_College_MS_272
work_232,work_7206,Undirected,Merton_College_MS_272
work_232,work_7207,Undirected,Merton_College_MS_272
work_232,work_11152,Undirected,Merton_College_MS_272
work_232,work_7211,Undirected,Merton_College_MS_272
work_232,work_11153,Undirected,Merton_College_MS_272
work_232,work_7208,Undirected,Merton_College_MS_272
work_232,work_7212,Undirected,Merton_College_MS_272
work_232,work_11111,Undirected,Merton_College_MS_272
work_232,work_11111,Undirected,Merton_College_MS_272
work_232,work_7213,Undirected,Merton_College_MS_272
work_232,work_11147,Undirected,Merton_College_MS_272
work_232,work_11111,Undirected,Merton_College_MS_272
work_2321,work_2721,Undirected,MS_Ashmole_754
work_2321,work_4965,Undirected,MS_Ashmole_754
work_2321,work_3888,Undirected,MS_Canon_Misc_382
work_2321,work_2426,Undirected,MS_Canon_Misc_382
work_2329,work_10991,Undirected,MS_Canon_Ital_267
work_2329,work_12877,Undirected,MS_Canon_Ital_266
work_2329,work_13321,Undirected,MS_Canon_Ital_266
work_2329,work_12832,Undirected,MS_Canon_Ital_266
work_2329,work_10991,Undirected,MS_Canon_Ital_266
work_2330,work_6252,Undirected,MS_Laud_Misc_214
work_2330,work_13322,Undirected,MS_Lyell_13
work_2330,work_2930,Undirected,MS_Lyell_13
work_2330,work_6459,Undirected,MS_Hamilton_14-part3
work_2330,work_12856,Undirected,MS_Lyell_13
work_2334,work_4295,Undirected,MS_Laud_Lat_94
work_2334,work_809,Undirected,MS_Laud_Lat_94
work_2334,work_3834,Undirected,MS_Laud_Lat_94
work_2334,work_3322,Undirected,MS_Laud_Lat_94
work_2334,work_5627,Undirected,Christ_Church_MS_91-part2
work_2334,work_14583,Undirected,MS_Bodl_823
work_2334,work_12374,Undirected,Exeter_College_MS_2
work_2334,work_2334,Undirected,Exeter_College_MS_2
work_2334,work_12374,Undirected,Exeter_College_MS_2
work_2334,work_5627,Undirected,Christ_Church_MS_91-part2
work_2335,work_4515,Undirected,MS_Bodl_332
work_2335,work_11808,Undirected,MS_Bodl_332
work_2335,work_2860,Undirected,MS_Bodl_583
work_2335,work_12374,Undirected,Merton_College_MS_186
work_2335,work_4391,Undirected,Merton_College_MS_186
work_2335,work_12374,Undirected,Merton_College_MS_186
work_2343,work_2343,Undirected,MS_Canon_Misc_449
work_2343,work_16510,Undirected,MS_Canon_Misc_449
work_2346,work_15394,Undirected,MS_Douce_308-part3
work_2350,work_2323,Undirected,MS_Digby_16
work_2350,work_11737,Undirected,MS_Digby_16
work_2356,work_15305,Undirected,MS_Canon_Ital_214
work_2356,work_3895,Undirected,MS_Canon_Ital_214
work_2356,work_13947,Undirected,MS_Canon_Ital_214
work_2356,work_11827,Undirected,MS_Canon_Ital_214
work_2357,work_3965,Undirected,MS_Rawl_C_287
work_2357,work_14583,Undirected,MS_Digby_58-part2
work_2357,work_7124,Undirected,Merton_College_MS_204
work_2357,work_14583,Undirected,Merton_College_MS_204
work_2357,work_3897,Undirected,Merton_College_MS_204
work_2357,work_17021,Undirected,Merton_College_MS_204
work_2357,work_10285,Undirected,Merton_College_MS_204
work_2357,work_1975,Undirected,Merton_College_MS_204
work_2357,work_17022,Undirected,Merton_College_MS_204
work_2360,work_2590,Undirected,MS_Canon_Misc_105-part2
work_2364,work_11015,Undirected,MS_Laud_Misc_745
work_2364,work_12163,Undirected,MS_Laud_Misc_745
work_2365,work_5649,Undirected,MS_Douce_305
work_2367,work_2375,Undirected,MS_Laud_Misc_727
work_2367,work_6232,Undirected,MS_Laud_Misc_727
work_2367,work_2371,Undirected,MS_Laud_Misc_727
work_2367,work_2374,Undirected,MS_Canon_Pat_Lat_125
work_237,work_2413,Undirected,MS_Bodl_636-part2
work_237,work_15204,Undirected,MS_Bodl_636-part2
work_237,work_12263,Undirected,MS_Bodl_636-part2
work_237,work_3305,Undirected,MS_Bodl_636-part2
work_237,work_2269,Undirected,MS_Bodl_636-part2
work_237,work_16294,Undirected,MS_Bodl_636-part2
work_237,work_14306,Undirected,MS_Bodl_636-part2
work_237,work_13730,Undirected,MS_Bodl_636-part2
work_237,work_14901,Undirected,MS_Bodl_636-part2
work_237,work_11737,Undirected,MS_Bodl_636-part2
work_237,work_15124,Undirected,MS_Bodl_636-part2
work_2373,work_3952,Undirected,MS_Lat_th_e_23-part2
work_2373,work_3450,Undirected,MS_Lat_th_e_23-part2
work_2373,work_13459,Undirected,MS_Lat_th_e_23-part2
work_2373,work_11087,Undirected,MS_Lat_th_e_23-part2
work_2373,work_14558,Undirected,MS_Lat_th_e_23-part2
work_2373,work_3938,Undirected,MS_Lat_th_e_23-part2
work_2373,work_3949,Undirected,MS_Lat_th_e_23-part2
work_2373,work_3944,Undirected,MS_Lat_th_e_23-part2
work_2377,work_1961,Undirected,MS_Lyell_63
work_2377,work_14901,Undirected,MS_Lyell_63
work_2377,work_324,Undirected,MS_Lyell_63
work_2377,work_322,Undirected,MS_Lyell_63
work_2377,work_2014,Undirected,MS_Lyell_63
work_2377,work_1960,Undirected,MS_Lyell_63
work_2377,work_3861,Undirected,MS_Lyell_63
work_2377,work_15099,Undirected,MS_Lyell_63
work_2377,work_4304,Undirected,MS_Lyell_63
work_2390,work_2117,Undirected,Exeter_College_MS_61
work_2390,work_2117,Undirected,Exeter_College_MS_61
work_2390,work_2117,Undirected,Exeter_College_MS_61
work_2392,work_11047,Undirected,MS_Bodl_856
work_2392,work_3906,Undirected,MS_Bodl_856
work_2398,work_2407,Undirected,MS_Laud_Misc_148
work_2398,work_963,Undirected,MS_Bodl_385
work_2398,work_3886,Undirected,MS_Bodl_385
work_2399,work_15283,Undirected,MS_Bodl_582
work_2403,work_13932,Undirected,MS_Laud_Misc_290
work_2403,work_15437,Undirected,MS_Laud_Misc_290
work_2404,work_4035,Undirected,MS_Bodl_258
work_2406,work_541,Undirected,MS_e_Mus_112
work_2406,work_5758,Undirected,Merton_College_MS_26
work_2406,work_5759,Undirected,Merton_College_MS_26
work_2406,work_16069,Undirected,Merton_College_MS_26
work_2406,work_5757,Undirected,Merton_College_MS_26
work_2406,work_2408,Undirected,Merton_College_MS_26
work_2406,work_5760,Undirected,Merton_College_MS_26
work_2407,work_2398,Undirected,MS_Laud_Misc_147
work_2407,work_15480,Undirected,MS_e_Mus_26
work_2407,work_2398,Undirected,Trinity_College_MS_69
work_2408,work_2408,Undirected,MS_Lat_th_c_26
work_2408,work_2251,Undirected,MS_Lat_th_c_26
work_2408,work_837,Undirected,MS_Lat_th_c_26
work_2408,work_3746,Undirected,MS_Lat_th_c_26
work_2409,work_5945,Undirected,Merton_College_MS_14-part1
work_2409,work_5948,Undirected,Merton_College_MS_14-part1
work_2409,work_5949,Undirected,Merton_College_MS_14-part1
work_2409,work_2648,Undirected,Merton_College_MS_14-part1
work_2409,work_820,Undirected,Merton_College_MS_14-part1
work_2409,work_3874,Undirected,Merton_College_MS_14-part1
work_2409,work_822,Undirected,Merton_College_MS_14-part1
work_2409,work_5788,Undirected,Merton_College_MS_14-part1
work_2409,work_2427,Undirected,Merton_College_MS_14-part1
work_2409,work_5947,Undirected,Merton_College_MS_14-part1
work_2409,work_761,Undirected,Merton_College_MS_14-part1
work_2409,work_5946,Undirected,Merton_College_MS_14-part1
work_2409,work_5755,Undirected,Merton_College_MS_14-part1
work_2409,work_2426,Undirected,Merton_College_MS_14-part1
work_2409,work_812,Undirected,Merton_College_MS_14-part1
work_2409,work_5774,Undirected,Merton_College_MS_14-part1
work_2409,work_805,Undirected,Merton_College_MS_14-part1
work_2409,work_811,Undirected,Merton_College_MS_14-part1
work_2409,work_748,Undirected,Merton_College_MS_14-part1
work_2409,work_834,Undirected,Merton_College_MS_14-part1
work_2409,work_739,Undirected,Merton_College_MS_14-part1
work_2409,work_5786,Undirected,Merton_College_MS_14-part1
work_2409,work_5787,Undirected,Merton_College_MS_14-part1
work_2409,work_773,Undirected,Merton_College_MS_14-part1
work_2409,work_4165,Undirected,Merton_College_MS_14-part1
work_2409,work_830,Undirected,Merton_College_MS_14-part1
work_2409,work_801,Undirected,Merton_College_MS_14-part1
work_2409,work_3399,Undirected,Merton_College_MS_14-part1
work_2409,work_2410,Undirected,MS_Canon_Misc_437
work_2409,work_741,Undirected,Merton_College_MS_14-part1
work_2410,work_4501,Undirected,St_Johns_College_MS_116
work_2410,work_4121,Undirected,St_Johns_College_MS_116
work_2410,work_1652,Undirected,St_Johns_College_MS_115
work_2410,work_2256,Undirected,St_Johns_College_MS_115
work_2410,work_2254,Undirected,St_Johns_College_MS_115
work_2410,work_2259,Undirected,St_Johns_College_MS_115
work_2410,work_1211,Undirected,St_Johns_College_MS_115
work_2410,work_11472,Undirected,St_Johns_College_MS_115
work_2410,work_1652,Undirected,MS_Rawl_D_338
work_2410,work_2256,Undirected,MS_Rawl_D_338
work_2410,work_1211,Undirected,MS_Rawl_D_338
work_2410,work_2258,Undirected,St_Johns_College_MS_115
work_2416,work_2412,Undirected,MS_Laud_Misc_107-part1
work_2417,work_14087,Undirected,MS_Canon_Ital_18
work_2426,work_6200,Undirected,MS_Laud_Misc_252-part2
work_2426,work_5790,Undirected,MS_Bodl_159-part2
work_2426,work_12874,Undirected,MS_Lyell_2
work_2426,work_3876,Undirected,MS_Bodl_159-part2
work_2426,work_2426,Undirected,MS_Bodl_702
work_2426,work_3482,Undirected,MS_Bodl_702
work_2426,work_820,Undirected,MS_Laud_Misc_252-part2
work_2426,work_4042,Undirected,MS_Laud_Misc_252-part2
work_2426,work_3484,Undirected,MS_Bodl_159-part2
work_2426,work_2651,Undirected,MS_Bodl_159-part2
work_2426,work_2431,Undirected,MS_Bodl_159-part2
work_2428,work_6059,Undirected,MS_Fairfax_5
work_2428,work_2411,Undirected,MS_Fairfax_5
work_2428,work_2427,Undirected,MS_Fairfax_5
work_2428,work_4046,Undirected,MS_Fairfax_5
work_2428,work_2151,Undirected,MS_Fairfax_5
work_2428,work_2411,Undirected,Merton_College_MS_51
work_2428,work_4046,Undirected,Merton_College_MS_51
work_2428,work_6059,Undirected,Merton_College_MS_51
work_2428,work_5841,Undirected,Merton_College_MS_51
work_2428,work_7360,Undirected,Merton_College_MS_51
work_2428,work_4037,Undirected,Merton_College_MS_51
work_2428,work_4035,Undirected,Merton_College_MS_51
work_2428,work_4038,Undirected,Merton_College_MS_51
work_2428,work_2421,Undirected,Merton_College_MS_51
work_2428,work_16079,Undirected,Merton_College_MS_51
work_2428,work_16078,Undirected,Merton_College_MS_51
work_2430,work_15472,Undirected,MS_Laud_Misc_430-part1
work_2430,work_15464,Undirected,MS_Laud_Misc_430-part1
work_2432,work_2430,Undirected,MS_Canon_Misc_143
work_2432,work_720,Undirected,MS_Canon_Misc_143
work_2432,work_2431,Undirected,MS_Canon_Misc_143
work_2432,work_4051,Undirected,MS_Canon_Misc_143
work_2433,work_15014,Undirected,MS_Canon_Misc_32
work_2433,work_3011,Undirected,MS_Canon_Misc_32
work_2433,work_936,Undirected,MS_Canon_Misc_32
work_2433,work_482,Undirected,MS_Canon_Misc_32
work_2433,work_12741,Undirected,MS_Canon_Misc_32
work_2433,work_1057,Undirected,MS_Canon_Misc_32
work_2433,work_824,Undirected,MS_Canon_Misc_32
work_2433,work_14583,Undirected,MS_Canon_Misc_32
work_2433,work_2681,Undirected,MS_Canon_Misc_32
work_2435,work_5076,Undirected,MS_Bodl_247
work_2435,work_5124,Undirected,MS_Bodl_247
work_2435,work_11344,Undirected,MS_Bodl_247
work_2435,work_2795,Undirected,MS_Bodl_247
work_2435,work_11343,Undirected,MS_Bodl_247
work_2435,work_5075,Undirected,MS_Bodl_247
work_2443,work_13051,Undirected,MS_Rawl_B_505-part1
work_2443,work_13051,Undirected,MS_Rawl_B_485
work_2444,work_16421,Undirected,MS_Lyell_51-part2
work_2448,work_1606,Undirected,MS_Laud_Gr_62
work_2451,work_560,Undirected,MS_Canon_Misc_6
work_2451,work_571,Undirected,MS_Canon_Misc_6
work_2451,work_2452,Undirected,MS_Canon_Misc_6
work_2451,work_607,Undirected,MS_Canon_Misc_6
work_2451,work_12334,Undirected,MS_Canon_Misc_6
work_2453,work_12757,Undirected,MS_Laud_Misc_659
work_2453,work_12597,Undirected,MS_Laud_Misc_28
work_2453,work_2451,Undirected,MS_Laud_Misc_28
work_2453,work_2449,Undirected,MS_Laud_Misc_28
work_2453,work_10822,Undirected,MS_Laud_Misc_28
work_2457,work_1201,Undirected,MS_Canon_Misc_501
work_2457,work_3613,Undirected,MS_Canon_Misc_501
work_2457,work_2577,Undirected,MS_Canon_Misc_501
work_246,work_3469,Undirected,MS_Canon_Misc_221
work_246,work_5014,Undirected,MS_Canon_Misc_221
work_246,work_831,Undirected,MS_Canon_Misc_221
work_246,work_1193,Undirected,MS_Canon_Misc_221
work_246,work_4186,Undirected,MS_Canon_Misc_221
work_2467,work_2466,Undirected,MS_Barocci_141
work_2467,work_2466,Undirected,MS_Barocci_134-part1
work_2467,work_4736,Undirected,MS_Holkham_Gr_52
work_2467,work_2466,Undirected,MS_Barocci_138
work_2467,work_6005,Undirected,MS_Holkham_Gr_52
work_2467,work_4538,Undirected,MS_Barocci_75
work_2467,work_2466,Undirected,MS_Barocci_75
work_2467,work_2466,Undirected,MS_Barocci_163
work_2467,work_3262,Undirected,MS_Barocci_75
work_2468,work_2470,Undirected,MS_Canon_Ital_249
work_2468,work_1363,Undirected,MS_Canon_Ital_155
work_2468,work_2470,Undirected,MS_Canon_Ital_155
work_2468,work_1363,Undirected,MS_Canon_Ital_271
work_2468,work_2244,Undirected,MS_Canon_Ital_271
work_2468,work_2470,Undirected,MS_Canon_Ital_295
work_2468,work_1363,Undirected,MS_Canon_Ital_249
work_2468,work_2470,Undirected,MS_Canon_Ital_271
work_2469,work_3894,Undirected,MS_Laud_Misc_324
work_2469,work_2357,Undirected,MS_Laud_Misc_324
work_2469,work_3498,Undirected,MS_Canon_Misc_333
work_2469,work_7623,Undirected,MS_Laud_Misc_324
work_2469,work_13725,Undirected,MS_Laud_Misc_324
work_2469,work_2357,Undirected,MS_Laud_Misc_324
work_2469,work_2242,Undirected,MS_Laud_Misc_324
work_2469,work_15308,Undirected,MS_Laud_Misc_324
work_2469,work_2635,Undirected,MS_Laud_Misc_324
work_2469,work_790,Undirected,MS_Laud_Misc_324
work_2469,work_15308,Undirected,MS_Laud_Misc_324
work_2469,work_1971,Undirected,MS_Laud_Misc_324
work_2469,work_3930,Undirected,MS_Laud_Misc_324
work_2469,work_2407,Undirected,MS_Laud_Misc_324
work_2469,work_15484,Undirected,MS_Laud_Misc_324
work_2469,work_3960,Undirected,MS_Canon_Misc_333
work_2469,work_15308,Undirected,MS_Laud_Misc_324
work_2469,work_4067,Undirected,MS_Laud_Misc_324
work_2469,work_2164,Undirected,MS_Laud_Misc_324
work_247,work_4898,Undirected,MS_Digby_233
work_2472,work_14583,Undirected,MS_Lat_th_d_14
work_2472,work_14583,Undirected,MS_Lat_th_d_14
work_2472,work_14583,Undirected,MS_Lat_th_d_14
work_2472,work_12513,Undirected,MS_Lat_th_d_14
work_2472,work_13060,Undirected,MS_Lat_th_d_14
work_2472,work_13470,Undirected,MS_Lat_th_d_14
work_2472,work_10258,Undirected,MS_Lat_th_d_14
work_2473,work_2820,Undirected,MS_DOrville_113
work_2473,work_2473,Undirected,MS_DOrville_113
work_2473,work_1469,Undirected,MS_DOrville_113
work_2473,work_2473,Undirected,MS_DOrville_113
work_2473,work_5499,Undirected,MS_DOrville_113
work_2473,work_3992,Undirected,MS_DOrville_113
work_2473,work_5501,Undirected,MS_DOrville_113
work_2473,work_5503,Undirected,MS_DOrville_113
work_2473,work_3991,Undirected,MS_DOrville_113
work_2479,work_541,Undirected,MS_Canon_Pat_Lat_97
work_248,work_3861,Undirected,MS_Bodl_181
work_248,work_6335,Undirected,MS_Bodl_181
work_248,work_3849,Undirected,MS_Bodl_181
work_248,work_1753,Undirected,MS_Hatton_15
work_248,work_4755,Undirected,MS_Hatton_15
work_248,work_4384,Undirected,MS_Laud_Misc_652
work_2488,work_10745,Undirected,MS_Tanner_8-part1
work_249,work_249,Undirected,MS_Bodl_343
work_249,work_820,Undirected,MS_Bodl_343
work_249,work_249,Undirected,MS_Bodl_343
work_249,work_249,Undirected,MS_Bodl_343
work_249,work_249,Undirected,MS_Hatton_115
work_249,work_249,Undirected,MS_Bodl_343
work_249,work_249,Undirected,MS_Bodl_343
work_249,work_249,Undirected,MS_Bodl_343
work_249,work_6439,Undirected,MS_Bodl_343
work_249,work_249,Undirected,MS_Bodl_343
work_249,work_249,Undirected,MS_Bodl_343
work_249,work_249,Undirected,MS_Bodl_343
work_249,work_6440,Undirected,MS_Bodl_343
work_249,work_249,Undirected,MS_Bodl_343
work_249,work_249,Undirected,MS_Bodl_343
work_249,work_16329,Undirected,MS_Bodl_343
work_249,work_249,Undirected,MS_Bodl_343
work_249,work_249,Undirected,MS_Bodl_343
work_249,work_249,Undirected,MS_Bodl_343
work_249,work_249,Undirected,MS_Bodl_343
work_249,work_249,Undirected,MS_Bodl_343
work_249,work_249,Undirected,MS_Bodl_343
work_249,work_249,Undirected,MS_Bodl_343
work_249,work_249,Undirected,MS_Bodl_343
work_249,work_249,Undirected,MS_Bodl_343
work_249,work_249,Undirected,MS_Bodl_343
work_249,work_249,Undirected,MS_Bodl_343
work_249,work_249,Undirected,MS_Bodl_343
work_249,work_249,Undirected,MS_Bodl_343
work_249,work_12282,Undirected,MS_Bodl_343
work_249,work_249,Undirected,MS_Bodl_343
work_249,work_249,Undirected,MS_Bodl_343
work_249,work_253,Undirected,MS_Hatton_115
work_249,work_249,Undirected,MS_Bodl_343
work_249,work_6705,Undirected,MS_Bodl_343
work_249,work_16329,Undirected,MS_Hatton_115
work_249,work_249,Undirected,MS_Bodl_343
work_249,work_253,Undirected,MS_Bodl_343
work_249,work_249,Undirected,MS_Bodl_343
work_249,work_249,Undirected,MS_Hatton_115
work_249,work_6440,Undirected,MS_Hatton_115
work_249,work_16329,Undirected,MS_Hatton_115
work_249,work_6590,Undirected,MS_Bodl_343
work_249,work_249,Undirected,MS_Bodl_343
work_249,work_249,Undirected,MS_Bodl_343
work_249,work_249,Undirected,MS_Bodl_343
work_249,work_16329,Undirected,MS_Hatton_115
work_249,work_249,Undirected,MS_Bodl_343
work_249,work_249,Undirected,MS_Bodl_343
work_249,work_249,Undirected,MS_Bodl_343
work_249,work_249,Undirected,MS_Hatton_115
work_249,work_16329,Undirected,MS_Bodl_343
work_249,work_249,Undirected,MS_Hatton_115
work_249,work_252,Undirected,MS_Bodl_343
work_249,work_16329,Undirected,MS_Bodl_343
work_249,work_249,Undirected,MS_Bodl_343
work_249,work_249,Undirected,MS_Bodl_343
work_249,work_249,Undirected,MS_Bodl_343
work_249,work_249,Undirected,MS_Bodl_343
work_249,work_253,Undirected,MS_Bodl_343
work_249,work_249,Undirected,MS_Bodl_343
work_249,work_249,Undirected,MS_Bodl_343
work_249,work_249,Undirected,MS_Hatton_115
work_249,work_249,Undirected,MS_Bodl_343
work_249,work_249,Undirected,MS_Bodl_343
work_249,work_249,Undirected,MS_Bodl_343
work_249,work_249,Undirected,MS_Bodl_343
work_249,work_17166,Undirected,MS_Hatton_115
work_249,work_17166,Undirected,MS_Hatton_115
work_249,work_16329,Undirected,MS_Bodl_343
work_249,work_17166,Undirected,MS_Hatton_115
work_249,work_17166,Undirected,MS_Hatton_115
work_249,work_17166,Undirected,MS_Hatton_115
work_249,work_249,Undirected,MS_Bodl_343
work_249,work_17166,Undirected,MS_Hatton_115
work_249,work_17166,Undirected,MS_Hatton_115
work_249,work_249,Undirected,MS_Bodl_343
work_249,work_249,Undirected,MS_Hatton_115
work_249,work_249,Undirected,MS_Hatton_115
work_249,work_249,Undirected,MS_Bodl_343
work_249,work_249,Undirected,MS_Bodl_343
work_249,work_249,Undirected,MS_Bodl_343
work_249,work_6440,Undirected,MS_Bodl_343
work_249,work_6440,Undirected,MS_Bodl_343
work_249,work_249,Undirected,MS_Bodl_343
work_249,work_249,Undirected,MS_Hatton_115
work_249,work_17166,Undirected,MS_Hatton_115
work_249,work_249,Undirected,MS_Bodl_343
work_249,work_6704,Undirected,MS_Hatton_115
work_249,work_12192,Undirected,MS_Hatton_115
work_249,work_249,Undirected,MS_Bodl_343
work_249,work_249,Undirected,MS_Bodl_343
work_249,work_249,Undirected,MS_Bodl_343
work_249,work_249,Undirected,MS_Bodl_343
work_249,work_249,Undirected,MS_Bodl_343
work_249,work_249,Undirected,MS_Bodl_343
work_249,work_6704,Undirected,MS_Hatton_115
work_249,work_249,Undirected,MS_Hatton_115
work_249,work_249,Undirected,MS_Hatton_115
work_249,work_249,Undirected,MS_Hatton_115
work_249,work_249,Undirected,MS_Hatton_115
work_249,work_253,Undirected,MS_Hatton_115
work_249,work_16329,Undirected,MS_Hatton_115
work_249,work_249,Undirected,MS_Bodl_343
work_249,work_249,Undirected,MS_Bodl_343
work_249,work_6440,Undirected,MS_Bodl_343
work_249,work_6704,Undirected,MS_Bodl_343
work_249,work_17166,Undirected,MS_Hatton_115
work_249,work_253,Undirected,MS_Bodl_343
work_249,work_249,Undirected,MS_Hatton_115
work_249,work_249,Undirected,MS_Bodl_343
work_249,work_16329,Undirected,MS_Bodl_343
work_249,work_16329,Undirected,MS_Bodl_343
work_249,work_16329,Undirected,MS_Bodl_343
work_249,work_16329,Undirected,MS_Bodl_343
work_249,work_249,Undirected,MS_Hatton_115
work_249,work_249,Undirected,MS_Bodl_343
work_249,work_249,Undirected,MS_Hatton_115
work_249,work_249,Undirected,MS_Hatton_115
work_249,work_6439,Undirected,MS_Bodl_343
work_249,work_251,Undirected,MS_Hatton_115
work_249,work_249,Undirected,MS_Hatton_115
work_249,work_249,Undirected,MS_Hatton_115
work_249,work_249,Undirected,MS_Hatton_115
work_249,work_253,Undirected,MS_Hatton_115
work_249,work_253,Undirected,MS_Bodl_343
work_2493,work_15356,Undirected,MS_Lat_misc_e_82
work_2493,work_11855,Undirected,MS_Lat_misc_e_82
work_2500,work_4474,Undirected,MS_Laud_Gr_59
work_2500,work_2240,Undirected,MS_Laud_Gr_59
work_2510,work_11159,Undirected,MS_Canon_Gr_83
work_2510,work_3704,Undirected,MS_Canon_Gr_83
work_2510,work_3197,Undirected,MS_Canon_Gr_83
work_2513,work_13232,Undirected,MS_Ashmole_1428
work_2513,work_3133,Undirected,MS_Ashmole_1428
work_2513,work_1323,Undirected,MS_Ashmole_1428
work_2517,work_64,Undirected,MS_Barocci_16
work_2517,work_33,Undirected,MS_Barocci_16
work_2517,work_2467,Undirected,MS_Barocci_16
work_2517,work_2466,Undirected,MS_Barocci_16
work_2517,work_51,Undirected,MS_Barocci_16
work_2522,work_11845,Undirected,MS_Canon_Gr_69
work_2526,work_11294,Undirected,MS_Add_C_110
work_2533,work_4713,Undirected,MS_Laud_Gr_63
work_2533,work_49,Undirected,MS_Laud_Gr_63
work_2537,work_2538,Undirected,MS_Rawl_C_15
work_2537,work_2539,Undirected,MS_Rawl_C_15
work_2540,work_13467,Undirected,MS_Rawl_B_107
work_2540,work_3280,Undirected,MS_Rawl_B_107
work_2540,work_905,Undirected,MS_Rawl_B_107
work_2540,work_11049,Undirected,MS_Rawl_B_107
work_2540,work_12194,Undirected,MS_Rawl_B_107
work_2540,work_15057,Undirected,MS_Lat_misc_e_86
work_2540,work_14028,Undirected,MS_Rawl_B_10
work_2540,work_15437,Undirected,MS_Rawl_B_10
work_2541,work_10941,Undirected,MS_Laud_Misc_733
work_2543,work_11363,Undirected,Brasenose_College_MS_14
work_2543,work_7396,Undirected,Brasenose_College_MS_14
work_2543,work_2755,Undirected,Brasenose_College_MS_14
work_2543,work_13102,Undirected,Brasenose_College_MS_14
work_2543,work_13100,Undirected,Brasenose_College_MS_14
work_2543,work_11356,Undirected,Brasenose_College_MS_14
work_2543,work_12374,Undirected,Exeter_College_MS_41-partA
work_2543,work_16321,Undirected,MS_Bodl_182
work_2543,work_11362,Undirected,Brasenose_College_MS_14
work_2543,work_11861,Undirected,MS_Rawl_A_360
work_2547,work_2546,Undirected,MS_Canon_Misc_111
work_2557,work_2608,Undirected,MS_Laud_Misc_278
work_2557,work_7331,Undirected,Exeter_College_MS_22
work_2557,work_7330,Undirected,Exeter_College_MS_22
work_2557,work_7371,Undirected,Exeter_College_MS_22
work_2557,work_7370,Undirected,Exeter_College_MS_22
work_2557,work_7330,Undirected,MS_Laud_Misc_278
work_2557,work_7331,Undirected,MS_Laud_Misc_278
work_2559,work_2832,Undirected,MS_Rawl_G_96-part3
work_2559,work_2829,Undirected,MS_Rawl_G_96-part3
work_2560,work_2561,Undirected,MS_Rawl_C_496
work_2560,work_15486,Undirected,MS_Rawl_C_496
work_2560,work_2559,Undirected,MS_Rawl_C_496
work_2562,work_12229,Undirected,MS_Rawl_B_149
work_2562,work_12226,Undirected,MS_Rawl_B_149
work_2562,work_3861,Undirected,MS_Rawl_B_149
work_2562,work_4075,Undirected,Exeter_College_MS_16-partB
work_2562,work_12221,Undirected,MS_Rawl_B_149
work_2562,work_10288,Undirected,MS_Rawl_B_149
work_2565,work_11182,Undirected,MS_Hamilton_32
work_2567,work_6532,Undirected,MS_Hamilton_54-part7
work_2567,work_2564,Undirected,MS_Hamilton_49-part1
work_2567,work_6531,Undirected,MS_Hamilton_54-part7
work_2567,work_6533,Undirected,MS_Hamilton_54-part7
work_2567,work_2564,Undirected,MS_Hamilton_49-part1
work_2567,work_2567,Undirected,MS_Hamilton_49-part1
work_2567,work_6470,Undirected,MS_Hamilton_49-part1
work_2567,work_2567,Undirected,MS_Hamilton_49-part1
work_2567,work_6534,Undirected,MS_Hamilton_54-part7
work_2567,work_6471,Undirected,MS_Hamilton_49-part1
work_2574,work_3272,Undirected,MS_Canon_Misc_248-part2
work_2574,work_10365,Undirected,MS_Canon_Misc_248-part2
work_2576,work_5747,Undirected,MS_Hamilton_2
work_2576,work_6170,Undirected,MS_Hamilton_2
work_2576,work_5813,Undirected,MS_Hamilton_2
work_2576,work_14798,Undirected,MS_Hamilton_2
work_2576,work_6169,Undirected,MS_Hamilton_2
work_2576,work_6201,Undirected,MS_Hamilton_2
work_2578,work_2575,Undirected,MS_Digby_190-part6
work_2578,work_2583,Undirected,MS_Digby_190-part6
work_2580,work_2579,Undirected,MS_Bodl_77-part2
work_2580,work_4054,Undirected,MS_Bodl_77-part2
work_2581,work_694,Undirected,MS_Digby_43
work_2581,work_13209,Undirected,MS_Digby_43
work_2581,work_10205,Undirected,MS_Digby_43
work_2581,work_2230,Undirected,MS_Digby_43
work_2581,work_693,Undirected,MS_Digby_43
work_2581,work_13232,Undirected,MS_Digby_43
work_2583,work_14992,Undirected,MS_Ashmole_342-part6
work_2583,work_14992,Undirected,MS_Ashmole_342-part6
work_2583,work_14992,Undirected,MS_Ashmole_342-part6
work_2583,work_409,Undirected,MS_Ashmole_342-part6
work_2583,work_14992,Undirected,MS_Ashmole_342-part6
work_2583,work_16513,Undirected,MS_Ashmole_342-part6
work_2583,work_2590,Undirected,MS_Ashmole_342-part6
work_2584,work_2150,Undirected,MS_Bodl_2-part3
work_2587,work_16414,Undirected,MS_Ashmole_1450-part2
work_259,work_3751,Undirected,MS_DOrville_152
work_259,work_4908,Undirected,MS_DOrville_152
work_2590,work_2591,Undirected,St_Johns_College_MS_205
work_2590,work_2591,Undirected,MS_Canon_Misc_161
work_2590,work_2592,Undirected,St_Johns_College_MS_205
work_2590,work_2592,Undirected,MS_Canon_Misc_161
work_2590,work_4673,Undirected,MS_Bodl_491
work_2590,work_16215,Undirected,Merton_College_MS_35-part2
work_2590,work_16216,Undirected,Merton_College_MS_35-part2
work_2590,work_411,Undirected,MS_Douce_257
work_2590,work_15343,Undirected,MS_Bodl_491
work_2590,work_12787,Undirected,MS_Douce_257
work_2590,work_2592,Undirected,Merton_College_MS_261-part1
work_2590,work_4416,Undirected,MS_Bodl_491
work_2590,work_3618,Undirected,MS_Bodl_491
work_2590,work_6336,Undirected,MS_Bodl_491
work_2590,work_6337,Undirected,MS_Bodl_491
work_2590,work_14867,Undirected,MS_Bodl_491
work_2590,work_4671,Undirected,MS_Bodl_491
work_2590,work_16284,Undirected,MS_Bodl_26-part10
work_2590,work_2851,Undirected,MS_Bodl_26-part10
work_2590,work_16285,Undirected,MS_Bodl_26-part10
work_2590,work_2592,Undirected,St_Johns_College_MS_188-part2
work_2590,work_3856,Undirected,MS_Bodl_26-part10
work_2590,work_373,Undirected,MS_Bodl_491
work_2590,work_2592,Undirected,MS_Bodl_491
work_2590,work_2592,Undirected,Merton_College_MS_35-part2
work_2590,work_16322,Undirected,MS_Bodl_491
work_2590,work_16217,Undirected,Merton_College_MS_35-part2
work_2592,work_11220,Undirected,MS_Canon_Misc_105-part1
work_2592,work_10409,Undirected,MS_Canon_Misc_105-part1
work_2592,work_10409,Undirected,MS_Canon_Misc_105-part1
work_2592,work_1202,Undirected,MS_Digby_215
work_2592,work_1199,Undirected,MS_Digby_215
work_2592,work_2554,Undirected,MS_Canon_Misc_436
work_2592,work_14955,Undirected,MS_Canon_Misc_436
work_2592,work_15343,Undirected,MS_Canon_Misc_436
work_2592,work_427,Undirected,MS_Digby_215
work_2592,work_1371,Undirected,MS_Digby_166-part3
work_2592,work_16459,Undirected,MS_Digby_166-part3
work_2592,work_4850,Undirected,MS_Digby_81-part1
work_2592,work_4848,Undirected,MS_Digby_81-part1
work_2592,work_4849,Undirected,MS_Digby_81-part1
work_2592,work_13157,Undirected,MS_Digby_81-part1
work_2592,work_7613,Undirected,MS_Digby_166-part3
work_2592,work_3181,Undirected,MS_Digby_93-part2
work_2592,work_439,Undirected,MS_Digby_93-part2
work_2592,work_361,Undirected,MS_Digby_93-part2
work_2592,work_2480,Undirected,MS_Digby_93-part2
work_2592,work_373,Undirected,MS_Digby_93-part2
work_2592,work_4937,Undirected,MS_Digby_93-part2
work_2592,work_1711,Undirected,MS_Digby_215
work_2592,work_10409,Undirected,MS_Digby_93-part2
work_2592,work_10409,Undirected,MS_Digby_215
work_2592,work_433,Undirected,MS_Digby_215
work_2592,work_14950,Undirected,MS_Auct_F_5_23-part8
work_2604,work_2603,Undirected,MS_Bodl_390-part2
work_2605,work_14583,Undirected,MS_Laud_Misc_432
work_2605,work_3461,Undirected,MS_Laud_Misc_432
work_2611,work_6662,Undirected,Merton_College_MS_221
work_2611,work_3633,Undirected,Merton_College_MS_221
work_2611,work_4738,Undirected,Merton_College_MS_221
work_2611,work_4738,Undirected,Merton_College_MS_220
work_2611,work_7158,Undirected,Merton_College_MS_222
work_2611,work_2069,Undirected,Merton_College_MS_222
work_2611,work_7160,Undirected,Merton_College_MS_221
work_2611,work_1751,Undirected,Merton_College_MS_221
work_2611,work_7161,Undirected,Merton_College_MS_221
work_2611,work_1748,Undirected,Merton_College_MS_221
work_2611,work_7159,Undirected,Merton_College_MS_221
work_2611,work_1621,Undirected,Merton_College_MS_221
work_2611,work_7158,Undirected,Merton_College_MS_221
work_2611,work_1621,Undirected,Merton_College_MS_222
work_2611,work_7156,Undirected,Merton_College_MS_221
work_2611,work_7156,Undirected,Merton_College_MS_222
work_2611,work_7157,Undirected,Merton_College_MS_222
work_2611,work_6662,Undirected,Merton_College_MS_222
work_2611,work_7159,Undirected,Merton_College_MS_222
work_2611,work_1621,Undirected,Merton_College_MS_222
work_2611,work_7157,Undirected,Merton_College_MS_221
work_2611,work_2070,Undirected,Merton_College_MS_222
work_2611,work_2069,Undirected,Merton_College_MS_221
work_2611,work_2070,Undirected,Merton_College_MS_221
work_2611,work_2069,Undirected,Merton_College_MS_220
work_2611,work_7159,Undirected,Merton_College_MS_220
work_2611,work_7157,Undirected,Merton_College_MS_220
work_2611,work_1621,Undirected,Merton_College_MS_255-part1
work_2611,work_7158,Undirected,Merton_College_MS_220
work_2611,work_1621,Undirected,Merton_College_MS_220
work_2611,work_6662,Undirected,Merton_College_MS_220
work_2611,work_2070,Undirected,Merton_College_MS_220
work_2611,work_3633,Undirected,Merton_College_MS_220
work_2611,work_4738,Undirected,Merton_College_MS_255-part1
work_2611,work_2501,Undirected,Merton_College_MS_220
work_2611,work_2069,Undirected,Merton_College_MS_255-part1
work_2611,work_7156,Undirected,Merton_College_MS_220
work_2611,work_6662,Undirected,Merton_College_MS_255-part1
work_2611,work_1751,Undirected,Merton_College_MS_220
work_2611,work_7154,Undirected,Merton_College_MS_220
work_2611,work_3633,Undirected,Merton_College_MS_255-part1
work_2611,work_12374,Undirected,Merton_College_MS_220
work_2611,work_7160,Undirected,Merton_College_MS_220
work_2612,work_2238,Undirected,MS_Laud_Lat_106
work_2612,work_10205,Undirected,MS_Laud_Lat_106
work_2612,work_2070,Undirected,MS_Laud_Lat_106
work_2612,work_7161,Undirected,MS_Laud_Lat_106
work_2612,work_1748,Undirected,MS_Laud_Lat_106
work_2612,work_2065,Undirected,MS_Auct_F_5_30
work_2612,work_2069,Undirected,MS_Auct_F_5_30
work_2612,work_4738,Undirected,MS_Auct_F_5_30
work_2612,work_3633,Undirected,MS_Auct_F_5_30
work_2612,work_14255,Undirected,MS_Ashmole_1475
work_2612,work_7387,Undirected,MS_Laud_Lat_106
work_2612,work_1751,Undirected,MS_Laud_Lat_106
work_2612,work_11118,Undirected,MS_Ashmole_1475
work_2612,work_2065,Undirected,MS_Ashmole_1475
work_2612,work_1935,Undirected,MS_Ashmole_1475
work_2612,work_2065,Undirected,MS_Laud_Misc_237-part5
work_2612,work_16448,Undirected,MS_Lat_misc_e_2
work_2612,work_4738,Undirected,MS_Lat_misc_e_2
work_2612,work_1621,Undirected,MS_Laud_Lat_65-part1
work_2612,work_16449,Undirected,MS_Lat_misc_e_2
work_2612,work_2065,Undirected,MS_Lat_misc_e_2
work_2612,work_2069,Undirected,MS_Lat_misc_e_2
work_2612,work_3633,Undirected,MS_Lat_misc_e_2
work_2612,work_3633,Undirected,MS_Laud_Lat_65-part1
work_2612,work_2069,Undirected,MS_Laud_Misc_237-part5
work_2612,work_4738,Undirected,MS_Laud_Lat_65-part1
work_2612,work_2069,Undirected,MS_Laud_Lat_65-part1
work_2612,work_2065,Undirected,MS_Laud_Lat_65-part1
work_2612,work_1621,Undirected,MS_Lat_misc_e_2
work_2612,work_2235,Undirected,MS_Lat_misc_e_2
work_2612,work_11257,Undirected,MS_Ashmole_1475
work_2612,work_3605,Undirected,MS_Ashmole_1475
work_2612,work_12505,Undirected,MS_Ashmole_1475
work_2612,work_11298,Undirected,MS_Ashmole_1475
work_2612,work_994,Undirected,MS_Ashmole_1475
work_2612,work_1621,Undirected,MS_Auct_F_5_30
work_2612,work_2065,Undirected,MS_Laud_Lat_106
work_2612,work_4738,Undirected,MS_Laud_Lat_106
work_2612,work_1324,Undirected,MS_Auct_F_5_30
work_2612,work_2235,Undirected,MS_Laud_Lat_106
work_2612,work_1321,Undirected,MS_Auct_F_5_30
work_2612,work_2237,Undirected,MS_Laud_Lat_106
work_2612,work_1325,Undirected,MS_Laud_Lat_106
work_2612,work_1621,Undirected,MS_Laud_Lat_106
work_2612,work_3633,Undirected,MS_Laud_Lat_106
work_2612,work_7205,Undirected,MS_Laud_Lat_106
work_2612,work_2069,Undirected,MS_Laud_Lat_106
work_2612,work_4738,Undirected,MS_Laud_Misc_237-part5
work_2612,work_2070,Undirected,MS_Laud_Lat_106
work_2612,work_13232,Undirected,MS_Laud_Lat_106
work_2612,work_2238,Undirected,MS_Auct_F_5_30
work_2612,work_2235,Undirected,MS_Auct_F_5_30
work_2614,work_6777,Undirected,St_Johns_College_MS_86
work_2614,work_6776,Undirected,St_Johns_College_MS_86
work_2614,work_2600,Undirected,MS_Ashmole_1434-part1
work_2614,work_17092,Undirected,St_Johns_College_MS_132
work_2614,work_13232,Undirected,MS_Ashmole_1434-part1
work_2614,work_14021,Undirected,St_Johns_College_MS_86
work_2623,work_14583,Undirected,Merton_College_MS_248-part2
work_2623,work_3519,Undirected,Merton_College_MS_248-part2
work_2623,work_14858,Undirected,MS_Laud_Misc_478-part3
work_2628,work_2590,Undirected,MS_Canon_Misc_393
work_2628,work_3615,Undirected,MS_Canon_Misc_393
work_2628,work_354,Undirected,MS_Canon_Misc_393
work_2628,work_3273,Undirected,MS_Canon_Misc_393
work_2628,work_13818,Undirected,MS_Canon_Misc_393
work_2631,work_14320,Undirected,MS_Rawl_poet_118
work_2631,work_17507,Undirected,MS_Rawl_poet_118
work_2633,work_4407,Undirected,MS_Laud_Misc_725
work_2633,work_3921,Undirected,MS_Bodl_800
work_2633,work_3437,Undirected,MS_Bodl_602-part2
work_2633,work_3885,Undirected,MS_Bodl_800
work_2633,work_2430,Undirected,MS_Canon_Pat_Lat_158
work_2633,work_3443,Undirected,MS_Canon_Pat_Lat_158
work_2633,work_2431,Undirected,MS_Canon_Pat_Lat_87
work_2633,work_4574,Undirected,MS_Canon_Pat_Lat_87
work_2635,work_14541,Undirected,MS_Bodl_730
work_2635,work_2633,Undirected,MS_Bodl_730
work_2635,work_12035,Undirected,MS_Bodl_730
work_2635,work_2633,Undirected,MS_Laud_Misc_186
work_2635,work_2633,Undirected,MS_Canon_Pat_Lat_2
work_2635,work_7413,Undirected,MS_Auct_D_inf_2_9-part1
work_2636,work_12230,Undirected,MS_Canon_Ital_230
work_2645,work_2646,Undirected,MS_Roe_13
work_2646,work_2656,Undirected,MS_Roe_19
work_2648,work_529,Undirected,MS_Bodl_436
work_2648,work_2647,Undirected,MS_Bodl_436
work_2648,work_2653,Undirected,MS_Bodl_436
work_2648,work_538,Undirected,MS_Bodl_436
work_2648,work_532,Undirected,MS_Bodl_436
work_2648,work_2670,Undirected,MS_Bodl_436
work_2648,work_528,Undirected,MS_Bodl_436
work_265,work_685,Undirected,MS_Bodl_197
work_265,work_264,Undirected,MS_Bodl_197
work_265,work_682,Undirected,MS_Bodl_197
work_265,work_683,Undirected,MS_Bodl_197
work_265,work_264,Undirected,MS_Bodl_139
work_265,work_684,Undirected,MS_Bodl_197
work_2653,work_11056,Undirected,MS_Canon_Pat_Lat_43
work_2653,work_4076,Undirected,MS_Fairfax_25
work_2653,work_11846,Undirected,MS_Canon_Pat_Lat_43
work_2653,work_2648,Undirected,MS_Fairfax_25
work_2653,work_1952,Undirected,MS_Canon_Pat_Lat_49
work_2653,work_2670,Undirected,MS_Fairfax_25
work_2653,work_2647,Undirected,MS_Fairfax_25
work_2653,work_4075,Undirected,MS_Fairfax_25
work_2653,work_2648,Undirected,MS_Canon_Pat_Lat_43
work_2653,work_13736,Undirected,MS_Canon_Pat_Lat_49
work_2653,work_2647,Undirected,MS_Canon_Pat_Lat_43
work_2653,work_3885,Undirected,MS_Canon_Pat_Lat_49
work_2653,work_11056,Undirected,MS_Canon_Pat_Lat_43
work_2657,work_1846,Undirected,MS_Roe_6
work_266,work_2633,Undirected,MS_Digby_218-part4
work_266,work_14583,Undirected,MS_Ashmole_1285-part10
work_266,work_263,Undirected,MS_Digby_218-part4
work_266,work_2420,Undirected,MS_Digby_218-part4
work_266,work_11476,Undirected,MS_Ashmole_1285-part10
work_266,work_15308,Undirected,MS_Ashmole_1285-part10
work_2660,work_2660,Undirected,Merton_College_MS_28
work_2660,work_2642,Undirected,Merton_College_MS_28
work_2660,work_2642,Undirected,MS_Barocci_168
work_2660,work_2642,Undirected,MS_Auct_T_1_5
work_2660,work_5783,Undirected,Merton_College_MS_28
work_2660,work_2647,Undirected,Merton_College_MS_28
work_2660,work_5724,Undirected,Merton_College_MS_28
work_2660,work_2642,Undirected,MS_Canon_Gr_60
work_2660,work_2642,Undirected,MS_Barocci_208
work_2660,work_7329,Undirected,Merton_College_MS_28
work_2665,work_2663,Undirected,MS_Arch_Selden_B_22
work_2665,work_13294,Undirected,MS_Arch_Selden_B_22
work_2667,work_2633,Undirected,MS_Digby_96
work_2667,work_1802,Undirected,MS_Digby_96
work_2667,work_3450,Undirected,MS_Digby_96
work_2667,work_2649,Undirected,MS_Digby_96
work_2667,work_16034,Undirected,MS_Digby_96
work_2667,work_968,Undirected,MS_Digby_96
work_2667,work_3979,Undirected,MS_Digby_96
work_2673,work_12083,Undirected,MS_Canon_Gr_94
work_2674,work_4520,Undirected,MS_Canon_Gr_99-part2
work_2674,work_13056,Undirected,MS_Auct_E_5_7
work_2675,work_2648,Undirected,MS_Laud_Misc_452_partA
work_2675,work_2653,Undirected,MS_Laud_Misc_452_partA
work_2675,work_2647,Undirected,MS_Laud_Misc_452_partA
work_2678,work_1840,Undirected,MS_Arch_Selden_B_28
work_2678,work_933,Undirected,MS_Arch_Selden_B_28
work_2686,work_2684,Undirected,MS_Bodl_485
work_2689,work_6202,Undirected,Merton_College_MS_260-part2
work_2689,work_2689,Undirected,Merton_College_MS_260-part2
work_2691,work_11153,Undirected,MS_e_Mus_167
work_2691,work_6202,Undirected,MS_e_Mus_167
work_2691,work_2689,Undirected,MS_e_Mus_167
work_2691,work_14851,Undirected,MS_e_Mus_167
work_2691,work_4394,Undirected,MS_e_Mus_167
work_2691,work_1435,Undirected,MS_Rawl_D_235
work_2692,work_2807,Undirected,MS_Digby_89
work_2693,work_11808,Undirected,MS_Bodl_187
work_2693,work_15308,Undirected,MS_Bodl_187
work_2694,work_2335,Undirected,MS_Laud_Misc_732-part1
work_2694,work_10285,Undirected,MS_Rawl_C_662
work_2696,work_2698,Undirected,MS_Digby_198
work_2696,work_2699,Undirected,MS_Digby_198
work_2699,work_15498,Undirected,MS_Laud_Misc_593
work_2699,work_11311,Undirected,MS_Laud_Misc_593
work_2706,work_2708,Undirected,MS_Fairfax_3
work_2706,work_2704,Undirected,MS_Bodl_294
work_2706,work_2708,Undirected,MS_Bodl_294
work_2706,work_2704,Undirected,MS_Fairfax_3
work_2709,work_2707,Undirected,MS_Laud_Misc_719
work_271,work_13466,Undirected,MS_Ashmole_764
work_271,work_15058,Undirected,MS_Ashmole_764
work_271,work_2091,Undirected,MS_Ashmole_764
work_271,work_14778,Undirected,MS_Ashmole_764
work_271,work_1522,Undirected,MS_Ashmole_764
work_2710,work_13318,Undirected,MS_Bodl_493
work_2721,work_16491,Undirected,MS_Rawl_C_86-part3
work_2721,work_16488,Undirected,MS_Rawl_C_86-part3
work_2721,work_16489,Undirected,MS_Rawl_C_86-part3
work_2721,work_6329,Undirected,MS_Rawl_C_86-part3
work_2721,work_13824,Undirected,MS_Rawl_C_86-part3
work_2724,work_10982,Undirected,MS_Rawl_C_448
work_2725,work_6779,Undirected,St_Johns_College_MS_56
work_2725,work_15420,Undirected,St_Johns_College_MS_56
work_2725,work_6778,Undirected,St_Johns_College_MS_56
work_2725,work_2735,Undirected,St_Johns_College_MS_56
work_2725,work_2724,Undirected,MS_Ashmole_59-part2
work_2726,work_3859,Undirected,MS_Ashmole_46
work_2726,work_2727,Undirected,MS_Ashmole_46
work_2728,work_2722,Undirected,MS_Laud_Misc_683-part1
work_2731,work_15351,Undirected,MS_Digby_230
work_2731,work_2732,Undirected,MS_Digby_230
work_2732,work_14519,Undirected,MS_Douce_148
work_2733,work_13875,Undirected,MS_Rawl_poet_36
work_2735,work_2725,Undirected,MS_Hatton_73
work_2739,work_10929,Undirected,MS_Ashmole_1804
work_2739,work_2807,Undirected,MS_Ashmole_1804
work_2739,work_6844,Undirected,MS_Add_C_280
work_2739,work_16561,Undirected,MS_Add_C_280
work_2740,work_11295,Undirected,MS_Laud_Misc_699
work_2740,work_11002,Undirected,MS_Laud_Misc_699
work_2740,work_13730,Undirected,MS_Laud_Misc_699
work_2740,work_2748,Undirected,MS_e_Mus_124
work_2741,work_15213,Undirected,MS_Fairfax_23
work_2741,work_10986,Undirected,MS_Fairfax_23
work_2741,work_15308,Undirected,MS_Fairfax_23
work_2741,work_11991,Undirected,MS_Fairfax_23
work_2741,work_12047,Undirected,MS_Fairfax_23
work_2741,work_13950,Undirected,MS_Fairfax_23
work_2743,work_11820,Undirected,MS_Hatton_96
work_2743,work_2744,Undirected,MS_Douce_60
work_2743,work_14574,Undirected,MS_Hatton_96
work_2743,work_4261,Undirected,MS_Douce_60
work_2743,work_14994,Undirected,MS_Douce_60
work_2743,work_14544,Undirected,MS_Douce_60
work_2745,work_3996,Undirected,MS_Bodl_632-part3
work_2745,work_4859,Undirected,MS_Bodl_632-part3
work_2745,work_13205,Undirected,MS_Digby_75-part3
work_2745,work_14971,Undirected,MS_Digby_75-part3
work_2745,work_3996,Undirected,MS_Digby_75-part3
work_2745,work_14515,Undirected,MS_Digby_75-part3
work_2749,work_1992,Undirected,MS_Laud_Misc_85
work_2749,work_5047,Undirected,MS_Laud_Misc_85
work_2749,work_4364,Undirected,MS_Laud_Misc_85
work_2751,work_2588,Undirected,MS_Eng_th_c_57
work_2751,work_14583,Undirected,MS_Eng_th_c_57
work_2751,work_13121,Undirected,MS_Eng_th_c_57
work_2753,work_1481,Undirected,MS_Canon_Misc_200
work_2755,work_3534,Undirected,MS_Digby_58-part3
work_2755,work_14729,Undirected,MS_Digby_58-part3
work_276,work_275,Undirected,MS_Barocci_231
work_276,work_3026,Undirected,MS_Selden_Supra_18
work_276,work_277,Undirected,MS_Selden_Supra_18
work_276,work_277,Undirected,MS_Barocci_231
work_2762,work_2640,Undirected,MS_Digby_77-part4
work_2762,work_1555,Undirected,MS_Digby_77-part4
work_2762,work_4259,Undirected,MS_Digby_77-part4
work_2762,work_4954,Undirected,MS_Digby_77-part4
work_2762,work_7190,Undirected,Merton_College_MS_251
work_2770,work_5032,Undirected,MS_Arch_Selden_B_26-part3
work_2770,work_5740,Undirected,MS_Arch_Selden_B_26-part3
work_2770,work_5741,Undirected,MS_Arch_Selden_B_26-part3
work_2770,work_5742,Undirected,MS_Arch_Selden_B_26-part3
work_2775,work_2307,Undirected,MS_Bodl_58
work_2775,work_15363,Undirected,MS_Bodl_58
work_2776,work_11564,Undirected,Merton_College_MS_248-part1
work_2776,work_3364,Undirected,Merton_College_MS_248-part1
work_2776,work_12374,Undirected,Merton_College_MS_248-part1
work_2776,work_4120,Undirected,Merton_College_MS_248-part1
work_2776,work_13409,Undirected,Merton_College_MS_248-part1
work_2776,work_14583,Undirected,Merton_College_MS_248-part1
work_2776,work_14583,Undirected,Merton_College_MS_248-part1
work_2776,work_7187,Undirected,Merton_College_MS_248-part1
work_2779,work_14253,Undirected,MS_Laud_Misc_497-part1
work_2779,work_15308,Undirected,MS_Laud_Misc_497-part1
work_2779,work_402,Undirected,MS_Laud_Misc_497-part1
work_2779,work_5007,Undirected,MS_Laud_Misc_497-part1
work_2779,work_4286,Undirected,MS_Laud_Misc_497-part1
work_2779,work_11759,Undirected,MS_Laud_Misc_497-part1
work_2779,work_13730,Undirected,MS_Laud_Misc_497-part1
work_2779,work_14358,Undirected,MS_Laud_Misc_497-part1
work_2779,work_5036,Undirected,MS_Laud_Misc_497-part1
work_2779,work_13428,Undirected,MS_Laud_Misc_497-part1
work_278,work_3172,Undirected,MS_Gr_class_e_72_P
work_278,work_3033,Undirected,MS_Laud_Gr_9
work_278,work_11040,Undirected,MS_Laud_Gr_9
work_2783,work_12236,Undirected,MS_Laud_Misc_748
work_2784,work_12604,Undirected,MS_Rawl_D_358
work_2784,work_12467,Undirected,MS_Rawl_D_358
work_2784,work_11229,Undirected,MS_Rawl_D_358
work_2784,work_11448,Undirected,MS_Rawl_D_358
work_2784,work_4842,Undirected,MS_Rawl_D_358
work_2784,work_3850,Undirected,MS_Rawl_D_358
work_2789,work_2789,Undirected,St_Johns_College_MS_171
work_2789,work_2789,Undirected,St_Johns_College_MS_171
work_2789,work_4024,Undirected,MS_Bodl_716
work_2789,work_2789,Undirected,St_Johns_College_MS_171
work_2789,work_2789,Undirected,St_Johns_College_MS_171
work_2789,work_2789,Undirected,St_Johns_College_MS_171
work_280,work_2655,Undirected,MS_Add_A_171
work_280,work_11805,Undirected,MS_Add_A_171
work_280,work_4733,Undirected,MS_Add_A_171
work_280,work_3811,Undirected,MS_Add_A_171
work_280,work_12786,Undirected,MS_Add_A_171
work_2804,work_2447,Undirected,MS_Laud_Misc_296
work_2804,work_2803,Undirected,MS_Laud_Misc_296
work_2804,work_2805,Undirected,MS_Laud_Misc_296
work_2807,work_12256,Undirected,MS_Digby_186-part2
work_2807,work_1667,Undirected,MS_Digby_186-part2
work_2807,work_14041,Undirected,MS_Digby_186-part2
work_2807,work_10971,Undirected,MS_Digby_186-part2
work_2807,work_12857,Undirected,MS_Digby_186-part2
work_2807,work_2613,Undirected,MS_Digby_186-part2
work_2813,work_3359,Undirected,MS_Bodl_817
work_2813,work_3360,Undirected,MS_Bodl_817
work_2813,work_3358,Undirected,MS_Bodl_817
work_2813,work_3503,Undirected,MS_Bodl_817
work_2814,work_1425,Undirected,MS_Auct_F_3_9
work_2814,work_2286,Undirected,MS_Auct_F_3_9
work_2814,work_12151,Undirected,MS_Auct_F_3_9
work_2814,work_15014,Undirected,MS_Auct_F_3_9
work_2814,work_4802,Undirected,MS_Auct_F_3_9
work_2814,work_12151,Undirected,MS_Auct_F_3_9
work_2814,work_5568,Undirected,MS_Auct_F_3_9
work_2816,work_7068,Undirected,Merton_College_MS_140-part3
work_2816,work_7067,Undirected,Merton_College_MS_140-part3
work_2816,work_3805,Undirected,Merton_College_MS_140-part3
work_2816,work_2817,Undirected,Merton_College_MS_145
work_2816,work_1130,Undirected,Merton_College_MS_145
work_2816,work_7076,Undirected,Merton_College_MS_145
work_2816,work_7075,Undirected,Merton_College_MS_145
work_2816,work_7069,Undirected,Merton_College_MS_140-part3
work_2816,work_7070,Undirected,Merton_College_MS_140-part3
work_2816,work_5672,Undirected,Merton_College_MS_145
work_2819,work_2820,Undirected,MS_Laud_Gr_65
work_282,work_257,Undirected,MS_Auct_T_1_11
work_282,work_2280,Undirected,MS_Auct_T_1_11
work_282,work_3197,Undirected,MS_Auct_T_1_11
work_282,work_6086,Undirected,MS_Auct_T_1_11
work_282,work_13244,Undirected,MS_Barocci_88
work_282,work_3697,Undirected,MS_Auct_T_1_11
work_2820,work_1650,Undirected,MS_Laud_Gr_6
work_2820,work_1856,Undirected,MS_Laud_Gr_6
work_2820,work_3270,Undirected,MS_Laud_Gr_6
work_2821,work_1833,Undirected,MS_Barocci_49
work_2821,work_2820,Undirected,MS_Barocci_49
work_2827,work_1071,Undirected,MS_Bodl_362
work_2827,work_3627,Undirected,MS_Bodl_362
work_2827,work_7204,Undirected,Merton_College_MS_262
work_2827,work_694,Undirected,Merton_College_MS_262
work_2827,work_2581,Undirected,Merton_College_MS_262
work_2828,work_12325,Undirected,MS_Rawl_C_90
work_2828,work_15486,Undirected,MS_Rawl_C_90
work_2828,work_13858,Undirected,MS_Rawl_C_90
work_2828,work_15390,Undirected,MS_Rawl_C_90
work_2831,work_3979,Undirected,MS_Auct_F_5_16-part4
work_2831,work_11200,Undirected,MS_Digby_104-part11
work_2834,work_5450,Undirected,MS_Hatton_85
work_2834,work_12148,Undirected,MS_Rawl_G_60-part3
work_2834,work_12151,Undirected,MS_Rawl_G_60-part3
work_2835,work_10895,Undirected,MS_Ashmole_790
work_2839,work_14370,Undirected,MS_Laud_Misc_368-part2
work_2839,work_2754,Undirected,MS_Laud_Misc_368-part2
work_2839,work_4978,Undirected,MS_Laud_Misc_368-part2
work_2848,work_1517,Undirected,MS_Laud_Lat_4
work_2848,work_703,Undirected,MS_Digby_209
work_2848,work_2847,Undirected,MS_Lat_misc_c_16
work_2848,work_6788,Undirected,MS_Digby_209
work_2848,work_3405,Undirected,MS_Laud_Lat_4
work_2848,work_4651,Undirected,MS_Digby_209
work_2848,work_702,Undirected,MS_Auct_F_1_8-part1
work_2848,work_3102,Undirected,MS_Digby_209
work_2848,work_4577,Undirected,MS_Laud_Lat_4
work_2848,work_702,Undirected,MS_Digby_209
work_2848,work_4529,Undirected,MS_Digby_209
work_2849,work_12907,Undirected,MS_Bodl_509-part1
work_2849,work_5061,Undirected,MS_Bodl_509-part1
work_285,work_6270,Undirected,MS_Hamilton_31-part2
work_2851,work_2068,Undirected,MS_Lat_misc_c_73-part1
work_2851,work_4917,Undirected,MS_Lat_misc_c_73-part1
work_2851,work_7204,Undirected,MS_Lat_misc_c_73-part1
work_2851,work_15529,Undirected,MS_Lat_misc_c_73-part1
work_2851,work_1595,Undirected,MS_Lat_misc_c_73-part1
work_2851,work_13471,Undirected,MS_Lat_misc_c_73-part1
work_2851,work_4918,Undirected,MS_Lat_misc_c_73-part1
work_2851,work_1332,Undirected,MS_Lat_misc_c_73-part1
work_2851,work_2068,Undirected,MS_Lat_misc_c_73-part1
work_2851,work_14491,Undirected,MS_Lat_misc_c_73-part1
work_2851,work_2257,Undirected,MS_Lat_misc_c_73-part1
work_2851,work_11462,Undirected,MS_Lat_misc_c_73-part1
work_2851,work_2589,Undirected,MS_Lat_misc_c_73-part1
work_2851,work_12792,Undirected,MS_Lat_misc_c_73-part1
work_2851,work_13472,Undirected,MS_Lat_misc_c_73-part1
work_2851,work_12989,Undirected,MS_Lat_misc_c_73-part1
work_2851,work_13485,Undirected,MS_Lat_misc_c_73-part1
work_2851,work_15023,Undirected,MS_Lat_misc_c_73-part1
work_2861,work_12374,Undirected,Exeter_College_MS_9
work_2862,work_3437,Undirected,MS_Canon_Misc_575
work_2873,work_2875,Undirected,MS_Auct_E_inf_3
work_2873,work_2875,Undirected,MS_Canon_Pat_Lat_148
work_2873,work_2875,Undirected,Merton_College_MS_317-part1
work_2881,work_484,Undirected,MS_Bodl_792
work_2881,work_11846,Undirected,MS_Lat_th_e_40
work_2881,work_2193,Undirected,MS_Lat_th_e_40
work_2881,work_3942,Undirected,MS_Lat_th_e_40
work_2881,work_12334,Undirected,MS_Lat_th_e_40
work_2881,work_15437,Undirected,MS_Lat_th_e_40
work_2881,work_2056,Undirected,MS_Lat_th_e_40
work_2883,work_211,Undirected,MS_Digby_212-part2
work_2887,work_11157,Undirected,MS_Canon_Class_Lat_214
work_2887,work_3720,Undirected,MS_Canon_Class_Lat_214
work_2887,work_1276,Undirected,MS_Canon_Class_Lat_214
work_2887,work_4523,Undirected,MS_Canon_Class_Lat_149
work_2887,work_4577,Undirected,MS_Canon_Class_Lat_147
work_2887,work_4125,Undirected,MS_Canon_Class_Lat_147
work_2895,work_2888,Undirected,MS_Arch_Selden_B_15-part2
work_2896,work_3489,Undirected,MS_Auct_F_2_15
work_2896,work_3489,Undirected,MS_Canon_Class_Lat_28
work_2896,work_3489,Undirected,MS_Auct_F_5_1
work_2896,work_2095,Undirected,MS_Canon_Class_Lat_28
work_2896,work_3489,Undirected,MS_Canon_Class_Lat_43
work_2896,work_2099,Undirected,MS_Canon_Class_Lat_28
work_2896,work_3489,Undirected,MS_DOrville_177
work_2896,work_3489,Undirected,MS_Add_A_165
work_2896,work_3489,Undirected,MS_Rawl_G_110
work_2896,work_2094,Undirected,St_Johns_College_MS_192
work_2896,work_3489,Undirected,MS_Laud_Lat_79
work_2896,work_3489,Undirected,MS_Auct_F_5_4
work_2896,work_13423,Undirected,MS_Canon_Class_Lat_37
work_2896,work_5400,Undirected,MS_DOrville_177
work_2896,work_3489,Undirected,MS_Canon_Class_Lat_44
work_2896,work_5567,Undirected,MS_Add_A_165
work_2898,work_10924,Undirected,MS_Laud_Misc_627-part2
work_2901,work_4523,Undirected,MS_Canon_Class_Lat_194
work_2901,work_776,Undirected,MS_Auct_F_5_9
work_2904,work_3279,Undirected,MS_Rawl_G_186
work_2904,work_4501,Undirected,MS_Rawl_G_186
work_2904,work_4118,Undirected,MS_Canon_Class_Lat_283
work_2904,work_3851,Undirected,MS_Add_C_264
work_2904,work_14346,Undirected,MS_Add_C_264
work_2904,work_2905,Undirected,MS_Add_C_264
work_2904,work_4117,Undirected,MS_Rawl_G_186
work_2905,work_4120,Undirected,MS_Add_C_249
work_2905,work_3110,Undirected,MS_Add_C_249
work_2905,work_4118,Undirected,MS_Add_C_249
work_2905,work_4501,Undirected,MS_Add_C_249
work_2905,work_1075,Undirected,MS_Add_C_249
work_2908,work_2909,Undirected,MS_Rawl_G_47
work_2908,work_4159,Undirected,MS_Rawl_G_48
work_2908,work_2909,Undirected,MS_Rawl_G_48
work_2908,work_917,Undirected,MS_Rawl_G_47
work_2908,work_3592,Undirected,MS_Rawl_G_47
work_2908,work_5114,Undirected,MS_Rawl_G_47
work_2908,work_2909,Undirected,MS_Lat_th_d_16
work_291,work_2975,Undirected,MS_Auct_T_1_8-part3
work_2910,work_2909,Undirected,MS_Canon_Pat_Lat_162
work_2910,work_2909,Undirected,MS_Canon_Pat_Lat_139
work_2910,work_2908,Undirected,MS_Canon_Pat_Lat_139
work_2910,work_2908,Undirected,MS_Canon_Pat_Lat_162
work_2910,work_2911,Undirected,MS_Auct_F_2_26
work_2910,work_2909,Undirected,MS_Auct_F_2_26
work_2910,work_2908,Undirected,MS_Canon_Pat_Lat_180
work_2910,work_2909,Undirected,MS_Canon_Pat_Lat_141
work_2910,work_2908,Undirected,MS_Canon_Pat_Lat_141
work_2910,work_2908,Undirected,MS_Auct_F_2_26
work_2910,work_2909,Undirected,MS_Canon_Pat_Lat_180
work_2910,work_2909,Undirected,St_Johns_College_MS_35
work_2910,work_2908,Undirected,St_Johns_College_MS_35
work_2914,work_801,Undirected,Brasenose_College_MS_11
work_2914,work_3448,Undirected,Brasenose_College_MS_11
work_2914,work_777,Undirected,Brasenose_College_MS_11
work_2914,work_5788,Undirected,Brasenose_College_MS_11
work_2914,work_5917,Undirected,Brasenose_College_MS_11
work_2914,work_531,Undirected,MS_Bodl_569
work_2914,work_1928,Undirected,Trinity_College_MS_51-part3
work_2914,work_5807,Undirected,Brasenose_College_MS_11
work_2914,work_5808,Undirected,Brasenose_College_MS_11
work_2914,work_1476,Undirected,MS_Bodl_569
work_2914,work_1928,Undirected,MS_Bodl_569
work_2914,work_1928,Undirected,Brasenose_College_MS_11
work_2916,work_13203,Undirected,MS_Ashmole_1396
work_2918,work_501,Undirected,MS_Canon_Gr_80
work_2919,work_2961,Undirected,MS_Ashmole_1383
work_2919,work_2958,Undirected,MS_Ashmole_1383
work_2919,work_3070,Undirected,MS_Ashmole_1383
work_2921,work_6642,Undirected,MS_Lat_misc_d_68-partB
work_2921,work_15014,Undirected,MS_Lat_misc_d_68-partB
work_2921,work_16342,Undirected,MS_Lat_misc_d_68-partB
work_2921,work_11870,Undirected,MS_Lat_misc_d_68-partB
work_2921,work_15454,Undirected,MS_Lat_misc_d_68-partB
work_2924,work_11521,Undirected,MS_Fr_f_1
work_2926,work_10409,Undirected,MS_Digby_210
work_2926,work_370,Undirected,MS_Digby_210
work_2926,work_364,Undirected,MS_Digby_210
work_2927,work_10396,Undirected,MS_Canon_Misc_357
work_293,work_12907,Undirected,MS_Laud_Misc_668
work_293,work_14583,Undirected,MS_Laud_Misc_668
work_293,work_12884,Undirected,MS_Laud_Misc_668
work_293,work_11797,Undirected,MS_Laud_Misc_668
work_293,work_210,Undirected,St_Johns_College_MS_149-part1
work_293,work_12900,Undirected,MS_Laud_Misc_668
work_293,work_262,Undirected,MS_Laud_Misc_668
work_293,work_2932,Undirected,MS_Laud_Misc_668
work_2934,work_2935,Undirected,MS_Canon_Misc_121
work_2952,work_3730,Undirected,MS_Lat_class_d_27
work_2952,work_3740,Undirected,MS_Lat_class_d_27
work_2952,work_2958,Undirected,MS_Lat_class_d_27
work_2954,work_1002,Undirected,MS_Canon_Misc_354
work_2954,work_4523,Undirected,MS_Canon_Misc_354
work_2954,work_3598,Undirected,MS_Canon_Misc_1
work_2955,work_3662,Undirected,MS_Canon_Misc_317
work_2955,work_3709,Undirected,MS_Canon_Misc_317
work_2955,work_1371,Undirected,MS_Canon_Misc_317
work_2955,work_13631,Undirected,MS_Canon_Misc_317
work_2955,work_13886,Undirected,MS_Canon_Misc_317
work_2955,work_12732,Undirected,MS_Canon_Misc_317
work_2955,work_1133,Undirected,MS_Canon_Misc_317
work_2955,work_12151,Undirected,MS_Canon_Misc_317
work_2955,work_917,Undirected,MS_Canon_Misc_317
work_2956,work_2963,Undirected,MS_Buchanan_c_1
work_296,work_12404,Undirected,MS_e_Mus_213-part2
work_296,work_13682,Undirected,MS_e_Mus_213-part2
work_2960,work_3561,Undirected,MS_Canon_Ital_68
work_2960,work_3559,Undirected,MS_Montagu_d_32
work_2960,work_3568,Undirected,MS_Montagu_d_32
work_2960,work_3568,Undirected,MS_Canon_Ital_68
work_2960,work_3561,Undirected,MS_Montagu_d_32
work_2960,work_3561,Undirected,MS_Montagu_d_32
work_2960,work_3563,Undirected,MS_Montagu_d_32
work_2966,work_581,Undirected,MS_Bywater_38-part13
work_2966,work_582,Undirected,MS_Bywater_38-part13
work_2966,work_582,Undirected,MS_Bywater_38-part13
work_2968,work_3223,Undirected,MS_Canon_Misc_427
work_2968,work_13232,Undirected,MS_Canon_Misc_427
work_2969,work_2971,Undirected,MS_Laud_Gr_92b
work_2969,work_2970,Undirected,MS_Laud_Gr_92b
work_2969,work_2972,Undirected,MS_Laud_Gr_92b
work_2969,work_1350,Undirected,MS_Laud_Gr_92b
work_2969,work_10425,Undirected,MS_Laud_Gr_92b
work_2977,work_2274,Undirected,MS_Barocci_4
work_2979,work_2976,Undirected,MS_Canon_Gr_42
work_2979,work_1381,Undirected,MS_Canon_Gr_42
work_2980,work_65,Undirected,MS_Barocci_219
work_2980,work_65,Undirected,MS_Barocci_219
work_2980,work_4,Undirected,MS_Barocci_219
work_2980,work_42,Undirected,MS_Barocci_219
work_2980,work_42,Undirected,MS_Barocci_219
work_2980,work_65,Undirected,MS_Barocci_219
work_2980,work_78,Undirected,MS_Barocci_219
work_2980,work_5153,Undirected,MS_Barocci_219
work_2980,work_4655,Undirected,MS_Barocci_219
work_2980,work_2282,Undirected,MS_Barocci_219
work_2980,work_21,Undirected,MS_Barocci_219
work_2980,work_5156,Undirected,MS_Barocci_219
work_2980,work_26,Undirected,MS_Barocci_219
work_2980,work_15432,Undirected,MS_Barocci_219
work_2980,work_77,Undirected,MS_Barocci_219
work_2980,work_25,Undirected,MS_Barocci_219
work_2980,work_10,Undirected,MS_Barocci_219
work_2980,work_54,Undirected,MS_Barocci_219
work_299,work_297,Undirected,MS_E_D_Clarke_34
work_299,work_298,Undirected,MS_E_D_Clarke_34
work_299,work_303,Undirected,MS_E_D_Clarke_34
work_2996,work_880,Undirected,MS_Canon_Misc_33
work_2996,work_881,Undirected,MS_Canon_Misc_33
work_2996,work_12008,Undirected,MS_Canon_Misc_33
work_2996,work_15157,Undirected,MS_Canon_Misc_33
work_300,work_302,Undirected,MS_Rawl_A_338
work_3003,work_4523,Undirected,MS_DOrville_146
work_3003,work_4125,Undirected,MS_DOrville_146
work_3003,work_1334,Undirected,MS_DOrville_146
work_3003,work_4740,Undirected,MS_DOrville_146
work_3003,work_1002,Undirected,MS_DOrville_146
work_3007,work_24,Undirected,MS_Barocci_56-part2
work_3007,work_125,Undirected,MS_Barocci_56-part2
work_3007,work_101,Undirected,MS_Barocci_56-part2
work_3007,work_127,Undirected,MS_Barocci_56-part2
work_3007,work_133,Undirected,MS_Barocci_56-part2
work_3007,work_11,Undirected,MS_Barocci_56-part2
work_3007,work_98,Undirected,MS_Barocci_56-part2
work_3007,work_97,Undirected,MS_Barocci_56-part2
work_3007,work_19,Undirected,MS_Barocci_56-part2
work_3007,work_80,Undirected,MS_Barocci_56-part2
work_3010,work_126,Undirected,MS_Barocci_136
work_3010,work_56,Undirected,MS_Barocci_136
work_3010,work_131,Undirected,MS_Barocci_136
work_3010,work_30,Undirected,MS_Barocci_136
work_3010,work_59,Undirected,MS_Barocci_136
work_3010,work_57,Undirected,MS_Barocci_136
work_3010,work_90,Undirected,MS_Barocci_136
work_3010,work_172,Undirected,MS_Barocci_136
work_3010,work_87,Undirected,MS_Barocci_136
work_3010,work_84,Undirected,MS_Barocci_136
work_3010,work_81,Undirected,MS_Barocci_136
work_3010,work_83,Undirected,MS_Barocci_136
work_3010,work_119,Undirected,MS_Barocci_136
work_3010,work_1,Undirected,MS_Barocci_136
work_3010,work_124,Undirected,MS_Barocci_136
work_3010,work_3009,Undirected,MS_Barocci_136
work_3010,work_55,Undirected,MS_Barocci_136
work_3010,work_94,Undirected,MS_Barocci_136
work_3010,work_95,Undirected,MS_Barocci_136
work_3010,work_32,Undirected,MS_Barocci_136
work_3010,work_118,Undirected,MS_Barocci_136
work_3010,work_631,Undirected,MS_Barocci_136
work_3010,work_15,Undirected,MS_Barocci_136
work_3010,work_31,Undirected,MS_Barocci_136
work_3010,work_100,Undirected,MS_Barocci_136
work_3010,work_117,Undirected,MS_Barocci_136
work_3010,work_85,Undirected,MS_Barocci_136
work_3012,work_13870,Undirected,MS_Auct_F_1_13
work_3015,work_14798,Undirected,MS_Hamilton_12
work_3016,work_3533,Undirected,MSS_Bodl_741-2-part2
work_3016,work_2867,Undirected,MS_Don_e_250-partB
work_3020,work_3019,Undirected,MS_Canon_Misc_8
work_3026,work_1196,Undirected,MS_Auct_T_1_14
work_3026,work_2247,Undirected,MS_Auct_T_1_14
work_3028,work_3029,Undirected,MS_Gr_class_b_19_P1-3
work_3030,work_1545,Undirected,MS_Canon_Misc_352
work_3030,work_3740,Undirected,MS_Canon_Misc_352
work_3030,work_3560,Undirected,MS_Canon_Misc_352
work_3030,work_2961,Undirected,MS_Canon_Misc_352
work_3030,work_3722,Undirected,MS_Canon_Misc_352
work_3030,work_4092,Undirected,MS_Canon_Misc_352
work_3030,work_2276,Undirected,MS_Canon_Misc_352
work_3030,work_13630,Undirected,MS_Canon_Misc_352
work_3030,work_2951,Undirected,MS_Canon_Misc_352
work_3030,work_5117,Undirected,MS_Canon_Misc_352
work_3034,work_374,Undirected,MS_DOrville_112
work_3034,work_620,Undirected,MS_DOrville_112
work_3050,work_4364,Undirected,MS_Digby_163
work_3050,work_15270,Undirected,MS_Digby_163
work_3050,work_3932,Undirected,MS_Digby_163
work_3056,work_12137,Undirected,MS_Barocci_6
work_3056,work_3054,Undirected,MS_Barocci_1
work_3056,work_13036,Undirected,MS_Barocci_1
work_3056,work_3055,Undirected,MS_Barocci_1
work_3061,work_5909,Undirected,MS_Holkham_Gr_14
work_3063,work_1697,Undirected,MS_Canon_Gr_14
work_3063,work_4879,Undirected,MS_Barocci_57
work_3063,work_2462,Undirected,MS_Canon_Gr_14
work_3063,work_12156,Undirected,MS_Barocci_84
work_3063,work_3693,Undirected,MS_Laud_Gr_16
work_3063,work_632,Undirected,MS_Laud_Gr_16
work_3063,work_2981,Undirected,MS_Laud_Gr_16
work_3063,work_2275,Undirected,MS_Laud_Gr_16
work_3063,work_12137,Undirected,MS_Canon_Gr_14
work_3063,work_4724,Undirected,MS_Barocci_57
work_3063,work_12150,Undirected,MS_Canon_Gr_11
work_3063,work_14418,Undirected,MS_Barocci_57
work_3064,work_2688,Undirected,MS_Barocci_104
work_3064,work_283,Undirected,MS_Barocci_112
work_3064,work_3204,Undirected,MS_Barocci_53
work_3064,work_3127,Undirected,MS_Barocci_104
work_3066,work_4723,Undirected,MS_Barocci_103
work_3066,work_3246,Undirected,MS_Barocci_103
work_3066,work_35,Undirected,MS_Barocci_103
work_3066,work_1695,Undirected,MS_Barocci_103
work_3069,work_1613,Undirected,MS_E_D_Clarke_16
work_3069,work_5149,Undirected,MS_E_D_Clarke_16
work_3069,work_12029,Undirected,MS_E_D_Clarke_16
work_3069,work_3244,Undirected,MS_E_D_Clarke_16
work_307,work_13568,Undirected,MS_Laud_Misc_666
work_307,work_306,Undirected,MS_Laud_Misc_666
work_307,work_2849,Undirected,MS_Laud_Misc_666
work_3072,work_12395,Undirected,MS_Digby_13
work_3072,work_12501,Undirected,MS_Digby_13
work_3072,work_191,Undirected,MS_Digby_13
work_3072,work_334,Undirected,MS_Digby_13
work_3072,work_4013,Undirected,MS_Digby_13
work_3080,work_12008,Undirected,MS_Digby_196
work_3080,work_7325,Undirected,Merton_College_MS_312-part1
work_3080,work_11011,Undirected,MS_Digby_196
work_3080,work_12249,Undirected,MS_Digby_196
work_3080,work_12505,Undirected,MS_Digby_196
work_3080,work_4214,Undirected,MS_Digby_196
work_3080,work_14033,Undirected,MS_Digby_196
work_3080,work_1677,Undirected,MS_Digby_196
work_3080,work_14339,Undirected,MS_Digby_196
work_3080,work_13001,Undirected,MS_Digby_196
work_3084,work_4699,Undirected,MS_Canon_Gr_49
work_3084,work_4700,Undirected,MS_Canon_Gr_49
work_3084,work_2474,Undirected,MS_Laud_Gr_22
work_3086,work_14583,Undirected,MS_Canon_Misc_136
work_3086,work_15124,Undirected,MS_Canon_Misc_136
work_309,work_3110,Undirected,Merton_College_MS_267-part4
work_3093,work_11143,Undirected,MS_Canon_Misc_421
work_3093,work_1090,Undirected,MS_Canon_Misc_421
work_3099,work_3100,Undirected,MS_Canon_Misc_188
work_3099,work_3098,Undirected,MS_Canon_Misc_188
work_310,work_5833,Undirected,Merton_College_MS_242-part2
work_310,work_315,Undirected,MS_Bodl_2-part1
work_310,work_14583,Undirected,MS_e_Mus_82-part3
work_3102,work_3703,Undirected,MS_Auct_F_4_33
work_3103,work_12771,Undirected,MS_Auct_F_2_17-part1
work_3103,work_3428,Undirected,MS_Auct_F_2_17-part1
work_3103,work_3102,Undirected,MS_Auct_F_2_17-part1
work_3104,work_16454,Undirected,MS_Laud_Lat_118
work_3104,work_4242,Undirected,Merton_College_MS_291
work_3104,work_4519,Undirected,MS_Laud_Lat_118
work_3104,work_4518,Undirected,MS_Laud_Lat_118
work_3104,work_3038,Undirected,MS_Laud_Lat_118
work_311,work_1073,Undirected,MS_Canon_Misc_110
work_311,work_312,Undirected,MS_Canon_Misc_110
work_311,work_3104,Undirected,MS_Canon_Misc_110
work_3111,work_15045,Undirected,MS_Ashmole_360-part3
work_3112,work_4410,Undirected,MS_Digby_205
work_3112,work_12246,Undirected,MS_Digby_205
work_3115,work_17007,Undirected,Merton_College_MS_122-part1
work_3115,work_12005,Undirected,MS_Lyell_17
work_3115,work_2777,Undirected,MS_Laud_Misc_603
work_3115,work_2774,Undirected,MS_Laud_Misc_603
work_3115,work_2775,Undirected,MS_Laud_Misc_603
work_3115,work_11977,Undirected,MS_Lyell_17
work_3115,work_875,Undirected,MS_Laud_Misc_627-part1
work_3115,work_2195,Undirected,MS_Laud_Misc_627-part1
work_3115,work_14816,Undirected,MS_Laud_Misc_627-part1
work_3115,work_10929,Undirected,MS_Lyell_17
work_3115,work_10966,Undirected,MS_Bodl_355-part1
work_3117,work_5756,Undirected,Merton_College_MS_17
work_312,work_16302,Undirected,MS_Hamilton_46-part3
work_312,work_16301,Undirected,MS_Hamilton_46-part3
work_312,work_13574,Undirected,MS_Hamilton_46-part3
work_312,work_248,Undirected,MS_Hamilton_46-part3
work_312,work_10238,Undirected,MS_Hamilton_46-part3
work_312,work_1671,Undirected,MS_Douce_147-part2
work_312,work_2841,Undirected,MS_Douce_147-part2
work_312,work_2829,Undirected,MS_Hamilton_46-part3
work_312,work_2829,Undirected,MS_Hamilton_46-part3
work_3123,work_2275,Undirected,MS_Barocci_33
work_3123,work_1649,Undirected,MS_Barocci_33
work_3123,work_1643,Undirected,MS_Barocci_33
work_3123,work_1644,Undirected,MS_Barocci_33
work_3123,work_2871,Undirected,MS_Barocci_33
work_3124,work_5655,Undirected,MS_Holkham_Gr_13
work_3124,work_10746,Undirected,MS_Barocci_158
work_3124,work_5653,Undirected,MS_Holkham_Gr_13
work_3124,work_5656,Undirected,MS_Holkham_Gr_13
work_3124,work_5659,Undirected,MS_Holkham_Gr_13
work_3124,work_5658,Undirected,MS_Holkham_Gr_13
work_3124,work_3262,Undirected,MS_Holkham_Gr_13
work_3124,work_3250,Undirected,MS_Holkham_Gr_13
work_3124,work_5654,Undirected,MS_Holkham_Gr_13
work_3130,work_10409,Undirected,MS_Canon_Misc_179-part2
work_3130,work_13881,Undirected,MS_Canon_Misc_179-part2
work_3130,work_3129,Undirected,MS_Canon_Misc_179-part2
work_3131,work_11320,Undirected,MS_Bodl_567-part3
work_3131,work_2846,Undirected,MS_Bodl_567-part3
work_3133,work_11213,Undirected,MS_Canon_Misc_241
work_3133,work_13209,Undirected,MS_e_Mus_122
work_3133,work_14971,Undirected,MS_Rawl_C_485
work_3133,work_13336,Undirected,MS_Rawl_C_485
work_3133,work_15147,Undirected,MS_Rawl_C_485
work_3133,work_1751,Undirected,MS_Rawl_C_485
work_3133,work_16311,Undirected,MS_e_Mus_122
work_3133,work_14995,Undirected,MS_Rawl_C_485
work_3135,work_12254,Undirected,MS_Cromwell_10
work_3135,work_4694,Undirected,MS_Cromwell_10
work_3135,work_14578,Undirected,MS_Cromwell_10
work_3135,work_14077,Undirected,MS_Cromwell_10
work_3135,work_11533,Undirected,MS_Cromwell_10
work_3135,work_2511,Undirected,MS_Cromwell_10
work_3135,work_4650,Undirected,MS_Cromwell_10
work_3135,work_3058,Undirected,MS_Cromwell_10
work_3135,work_1556,Undirected,MS_Cromwell_10
work_3135,work_3573,Undirected,MS_Cromwell_10
work_3135,work_2524,Undirected,MS_Cromwell_10
work_314,work_3814,Undirected,MS_Auct_F_1_17
work_314,work_4490,Undirected,MS_Auct_F_1_17
work_314,work_3428,Undirected,MS_Auct_F_1_17
work_314,work_1679,Undirected,MS_Auct_F_1_17
work_314,work_3073,Undirected,MS_Auct_F_1_17
work_314,work_4925,Undirected,MS_Auct_F_1_17
work_314,work_3934,Undirected,MS_Hatton_58-part3
work_314,work_3140,Undirected,MS_Auct_F_1_17
work_3145,work_3425,Undirected,MS_Hatton_92-part1
work_3145,work_2831,Undirected,MS_Hatton_92-part1
work_3145,work_2705,Undirected,MS_Hatton_92-part1
work_3145,work_14539,Undirected,MS_Hatton_92-part1
work_3149,work_14583,Undirected,MS_Laud_Misc_172-part3
work_3149,work_6452,Undirected,MS_Laud_Misc_172-part3
work_3149,work_13730,Undirected,MS_Laud_Misc_172-part3
work_3149,work_15283,Undirected,MS_Laud_Misc_172-part3
work_3150,work_14580,Undirected,MS_Bodl_46
work_3150,work_15283,Undirected,MS_Bodl_46
work_3150,work_7027,Undirected,Merton_College_MS_102
work_3150,work_12374,Undirected,Merton_College_MS_148
work_3151,work_1789,Undirected,MS_Lyell_51-part5
work_3151,work_10283,Undirected,MS_Lyell_51-part5
work_3152,work_993,Undirected,MS_Bodl_509-part2
work_3152,work_4786,Undirected,MS_Bodl_509-part2
work_3154,work_13204,Undirected,MS_Canon_Ital_220
work_3155,work_1282,Undirected,MS_Lat_class_e_47
work_3155,work_4601,Undirected,MS_Lat_class_e_47
work_3155,work_15437,Undirected,MS_Lat_class_e_47
work_3155,work_13886,Undirected,MS_Bodl_38-part1
work_3156,work_1851,Undirected,MS_Barocci_27
work_3156,work_1822,Undirected,MS_Barocci_27
work_3156,work_3157,Undirected,MS_Barocci_27
work_3156,work_164,Undirected,MS_Barocci_27
work_3156,work_40,Undirected,MS_Barocci_27
work_3156,work_45,Undirected,MS_Barocci_27
work_3156,work_5143,Undirected,MS_Barocci_27
work_3156,work_3159,Undirected,MS_Barocci_27
work_3156,work_162,Undirected,MS_Barocci_27
work_3156,work_2213,Undirected,MS_Barocci_27
work_3156,work_140,Undirected,MS_Barocci_27
work_3156,work_141,Undirected,MS_Barocci_27
work_3156,work_1852,Undirected,MS_Barocci_27
work_3156,work_2205,Undirected,MS_Barocci_27
work_3156,work_47,Undirected,MS_Barocci_27
work_3156,work_1856,Undirected,MS_Barocci_27
work_3156,work_22,Undirected,MS_Barocci_27
work_3156,work_39,Undirected,MS_Barocci_27
work_3156,work_36,Undirected,MS_Barocci_27
work_3156,work_23,Undirected,MS_Barocci_27
work_3156,work_41,Undirected,MS_Barocci_27
work_3156,work_62,Undirected,MS_Barocci_27
work_3156,work_3256,Undirected,MS_Barocci_27
work_3156,work_14848,Undirected,MS_Barocci_27
work_3156,work_4609,Undirected,MS_Barocci_27
work_3156,work_168,Undirected,MS_Barocci_27
work_3158,work_598,Undirected,MS_Barocci_128
work_316,work_4468,Undirected,MS_Digby_51
work_316,work_2019,Undirected,MS_Digby_51
work_316,work_10370,Undirected,MS_Digby_51
work_316,work_2018,Undirected,MS_Digby_51
work_316,work_441,Undirected,MS_Digby_51
work_316,work_367,Undirected,MS_Digby_51
work_316,work_3179,Undirected,MS_Digby_51
work_316,work_1426,Undirected,MS_Digby_51
work_316,work_357,Undirected,MS_Digby_51
work_316,work_3175,Undirected,MS_Digby_51
work_316,work_4228,Undirected,MS_Digby_51
work_316,work_4152,Undirected,MS_Digby_51
work_316,work_3180,Undirected,MS_Digby_51
work_3160,work_1294,Undirected,MS_Cromwell_12
work_3160,work_10407,Undirected,MS_Cromwell_12
work_3160,work_3788,Undirected,MS_Cromwell_12
work_3160,work_2027,Undirected,MS_Cromwell_12
work_3160,work_4735,Undirected,MS_Cromwell_12
work_3160,work_4153,Undirected,MS_Cromwell_12
work_3161,work_13304,Undirected,MS_Barocci_125
work_3164,work_2366,Undirected,MS_Digby_21
work_317,work_399,Undirected,MS_Digby_221
work_317,work_15107,Undirected,MS_Canon_Misc_572
work_317,work_182,Undirected,MS_Digby_221
work_317,work_13422,Undirected,MS_Digby_221
work_3172,work_11845,Undirected,MS_Barocci_39
work_3172,work_2009,Undirected,MS_Barocci_39
work_3174,work_1711,Undirected,MS_Digby_207-part2
work_3174,work_10409,Undirected,MS_Canon_Misc_61
work_3174,work_4097,Undirected,MS_Canon_Misc_61
work_3174,work_316,Undirected,MS_Canon_Misc_61
work_3177,work_361,Undirected,MS_Arch_Selden_B_8-part4
work_3177,work_16256,Undirected,MS_Arch_Selden_B_8-part4
work_3182,work_6826,Undirected,St_Johns_College_MS_188-part9
work_3183,work_13232,Undirected,MS_Canon_Misc_195
work_3183,work_4200,Undirected,MS_Canon_Misc_195
work_3183,work_4196,Undirected,MS_Canon_Misc_195
work_3185,work_3184,Undirected,MS_Holkham_misc_11
work_3189,work_2673,Undirected,MS_Holkham_Gr_58
work_3189,work_3250,Undirected,MS_Holkham_Gr_58
work_3189,work_6191,Undirected,MS_Holkham_Gr_58
work_3189,work_16134,Undirected,MS_Holkham_Gr_58
work_3189,work_6190,Undirected,MS_Holkham_Gr_58
work_3189,work_4052,Undirected,MS_Canon_Gr_89
work_3189,work_2819,Undirected,MS_Canon_Gr_89
work_3189,work_4692,Undirected,MS_Canon_Gr_89
work_3189,work_4696,Undirected,MS_Canon_Gr_89
work_3189,work_16259,Undirected,MS_Holkham_Gr_58
work_3190,work_1854,Undirected,MS_Auct_T_5_11
work_3190,work_3189,Undirected,MS_Auct_T_5_11
work_3197,work_12747,Undirected,MS_Barocci_71
work_3197,work_13812,Undirected,MS_Barocci_71
work_320,work_15308,Undirected,MS_Add_C_12
work_3200,work_3196,Undirected,MS_Laud_Gr_61
work_3201,work_13473,Undirected,MS_Lat_misc_f_40
work_3201,work_13629,Undirected,MS_Lat_misc_f_40
work_3203,work_3201,Undirected,MS_Canon_Misc_555
work_3211,work_14583,Undirected,MS_e_Mus_82-part2
work_322,work_2085,Undirected,Exeter_College_MS_50
work_3225,work_15053,Undirected,MS_Rawl_C_671
work_3226,work_1355,Undirected,MS_Holkham_Gr_107
work_3226,work_6417,Undirected,MS_Holkham_Gr_107
work_3227,work_4073,Undirected,MS_Bodl_163-part2
work_3227,work_1190,Undirected,MS_Bodl_163-part2
work_323,work_322,Undirected,MS_Lat_th_b_2-part39
work_3232,work_561,Undirected,MS_Add_A_5
work_3232,work_15305,Undirected,MS_Canon_Ital_182
work_3233,work_12480,Undirected,MS_Canon_Ital_40
work_3235,work_12007,Undirected,MS_Laud_Gr_52
work_3235,work_4149,Undirected,MS_Laud_Gr_52
work_3236,work_3789,Undirected,MS_Barocci_212
work_3236,work_2674,Undirected,MS_Barocci_212
work_3237,work_1124,Undirected,MS_Barocci_106
work_3238,work_1124,Undirected,MS_Barocci_83
work_324,work_323,Undirected,MS_Rawl_C_465
work_324,work_323,Undirected,MS_Canon_Misc_133
work_324,work_322,Undirected,MS_Canon_Misc_133
work_3240,work_69,Undirected,MS_Barocci_133-part6
work_3240,work_6237,Undirected,MS_Holkham_Gr_71
work_3240,work_43,Undirected,MS_Holkham_Gr_71
work_3240,work_643,Undirected,MS_Holkham_Gr_71
work_3240,work_3763,Undirected,MS_Holkham_Gr_71
work_3240,work_6238,Undirected,MS_Holkham_Gr_71
work_3240,work_3348,Undirected,MS_Holkham_Gr_71
work_3240,work_69,Undirected,MS_Holkham_Gr_71
work_3240,work_6233,Undirected,MS_Holkham_Gr_71
work_3240,work_6234,Undirected,MS_Holkham_Gr_71
work_3240,work_3241,Undirected,MS_Holkham_Gr_71
work_3240,work_6235,Undirected,MS_Holkham_Gr_71
work_3240,work_6236,Undirected,MS_Holkham_Gr_71
work_3240,work_6235,Undirected,MS_Holkham_Gr_71
work_3240,work_29,Undirected,MS_Holkham_Gr_71
work_3248,work_14415,Undirected,MS_Barocci_48
work_3248,work_3128,Undirected,MS_Barocci_48
work_3248,work_2478,Undirected,MS_Barocci_48
work_3248,work_1839,Undirected,MS_Barocci_48
work_325,work_13494,Undirected,MS_Canon_Class_Lat_110
work_3251,work_13739,Undirected,MS_Auct_E_1_16
work_3252,work_2674,Undirected,MS_Barocci_98
work_3252,work_3654,Undirected,MS_Barocci_98
work_3252,work_15303,Undirected,MS_Barocci_98
work_3257,work_2216,Undirected,MS_Barocci_157
work_3260,work_5457,Undirected,MS_Rawl_poet_241
work_3260,work_5458,Undirected,MS_Rawl_poet_241
work_3260,work_5456,Undirected,MS_Rawl_poet_241
work_3260,work_5460,Undirected,MS_Rawl_poet_241
work_3260,work_5455,Undirected,MS_Rawl_poet_241
work_3260,work_4073,Undirected,MS_Rawl_poet_241
work_3260,work_5454,Undirected,MS_Rawl_poet_241
work_3260,work_5104,Undirected,MS_Rawl_poet_241
work_3260,work_5459,Undirected,MS_Rawl_poet_241
work_3260,work_1446,Undirected,MS_Rawl_poet_241
work_3262,work_15122,Undirected,MS_Canon_Gr_115
work_3263,work_3294,Undirected,MS_Bodl_799
work_3264,work_2791,Undirected,MS_Lat_misc_b_201-2-part1
work_3264,work_5124,Undirected,MS_Lat_misc_b_201-2-part1
work_3264,work_3474,Undirected,MS_Lat_misc_b_201-2-part1
work_3269,work_6279,Undirected,MS_Bodl_131
work_3269,work_2837,Undirected,MS_Eng_th_c_58
work_3269,work_11854,Undirected,MS_Bodl_131
work_3269,work_14407,Undirected,MS_Eng_th_c_58
work_3269,work_16293,Undirected,MS_Bodl_131
work_3269,work_13330,Undirected,MS_e_Mus_35
work_3269,work_5006,Undirected,MS_Bodl_131
work_3269,work_3962,Undirected,MS_Bodl_131
work_3269,work_11735,Undirected,MS_Bodl_207
work_3271,work_4433,Undirected,MS_Savile_16-part1
work_3271,work_10277,Undirected,MS_Savile_16-part1
work_3271,work_15190,Undirected,MS_Savile_16-part1
work_3276,work_4827,Undirected,Merton_College_MS_256B
work_3277,work_3276,Undirected,MS_Bodl_292-part1
work_328,work_2222,Undirected,MS_Canon_Misc_402
work_328,work_2585,Undirected,MS_Canon_Misc_402
work_328,work_337,Undirected,MS_Canon_Misc_402
work_328,work_332,Undirected,MS_Canon_Misc_402
work_328,work_340,Undirected,MS_Canon_Misc_402
work_3280,work_3861,Undirected,MS_Ashmole_806
work_3283,work_3882,Undirected,Christ_Church_MS_91-part1
work_3283,work_14583,Undirected,MS_Bodl_857
work_3283,work_12023,Undirected,MS_Bodl_857
work_3283,work_2734,Undirected,University_College_MS_60
work_3283,work_1149,Undirected,University_College_MS_60
work_3283,work_14583,Undirected,Christ_Church_MS_91-part1
work_3283,work_15484,Undirected,Christ_Church_MS_91-part1
work_3283,work_14583,Undirected,Christ_Church_MS_91-part1
work_3283,work_15308,Undirected,MS_Bodl_857
work_3283,work_5613,Undirected,Christ_Church_MS_91-part1
work_3283,work_5612,Undirected,Christ_Church_MS_91-part1
work_3283,work_14583,Undirected,MS_Bodl_857
work_3283,work_14583,Undirected,Christ_Church_MS_91-part1
work_3287,work_2816,Undirected,Merton_College_MS_67
work_3287,work_1917,Undirected,Merton_College_MS_67
work_3287,work_3930,Undirected,Merton_College_MS_67
work_3287,work_4989,Undirected,Merton_College_MS_67
work_3287,work_4286,Undirected,Merton_College_MS_67
work_3288,work_16274,Undirected,MS_Bodl_542
work_3288,work_17009,Undirected,Merton_College_MS_144
work_3288,work_2781,Undirected,MS_Rawl_C_899
work_329,work_327,Undirected,MS_Canon_Misc_239
work_329,work_7192,Undirected,Merton_College_MS_253
work_329,work_7193,Undirected,Merton_College_MS_253
work_329,work_7191,Undirected,Merton_College_MS_253
work_329,work_327,Undirected,Merton_College_MS_253
work_3290,work_3328,Undirected,MS_Laud_Misc_434
work_3291,work_3290,Undirected,Merton_College_MS_172
work_3291,work_2117,Undirected,Merton_College_MS_172
work_3291,work_7086,Undirected,Merton_College_MS_172
work_3294,work_2310,Undirected,MS_Laud_Misc_555
work_3294,work_13209,Undirected,MS_Bodl_427
work_3294,work_14567,Undirected,Merton_College_MS_147
work_3294,work_11564,Undirected,Merton_College_MS_147
work_3294,work_14567,Undirected,Merton_College_MS_147
work_3301,work_4050,Undirected,MS_Rawl_A_364
work_3301,work_3302,Undirected,MS_Rawl_A_364
work_3301,work_3345,Undirected,MS_Rawl_A_364
work_3309,work_10396,Undirected,MS_Ashmole_5
work_3309,work_13203,Undirected,MS_Ashmole_370
work_3309,work_10382,Undirected,MS_Ashmole_370
work_3309,work_5626,Undirected,MS_Rawl_D_1218
work_3309,work_10409,Undirected,MS_Rawl_D_1218
work_3311,work_347,Undirected,MS_Broxb_833
work_3311,work_5648,Undirected,MS_Broxb_833
work_3313,work_14583,Undirected,MS_Hamilton_21-partB
work_3313,work_16373,Undirected,MS_Hamilton_21-partB
work_3313,work_4915,Undirected,MS_Hamilton_21-partB
work_3313,work_14583,Undirected,MS_Hamilton_21-partB
work_3313,work_16374,Undirected,MS_Hamilton_21-partB
work_3313,work_16366,Undirected,MS_Hamilton_21-partB
work_3313,work_5924,Undirected,MS_Hamilton_21-partB
work_3313,work_6423,Undirected,MS_Hamilton_21-partB
work_3313,work_6421,Undirected,MS_Hamilton_21-partB
work_3313,work_2268,Undirected,MS_Hamilton_21-partB
work_3313,work_3533,Undirected,MS_Hamilton_21-partB
work_3313,work_14583,Undirected,MS_Hamilton_21-partB
work_3313,work_527,Undirected,MS_Hamilton_21-partB
work_3313,work_2403,Undirected,MS_Hamilton_21-partB
work_3313,work_2355,Undirected,MS_Hamilton_21-partB
work_3313,work_6420,Undirected,MS_Hamilton_21-partB
work_3313,work_538,Undirected,MS_Hamilton_21-partB
work_3313,work_6422,Undirected,MS_Hamilton_21-partB
work_3313,work_6170,Undirected,MS_Hamilton_21-partB
work_3318,work_13481,Undirected,MS_Lat_misc_f_34
work_3324,work_11354,Undirected,MS_Rawl_C_100-part3
work_3331,work_3332,Undirected,MS_Lat_misc_f_51
work_3339,work_1528,Undirected,MS_Laud_Misc_535
work_3343,work_3341,Undirected,MS_Laud_Misc_420
work_3353,work_1427,Undirected,MS_Cromwell_25
work_3354,work_4155,Undirected,MS_Laud_Gr_17
work_3354,work_926,Undirected,MS_Laud_Gr_17
work_3354,work_1858,Undirected,MS_Laud_Gr_17
work_3354,work_2680,Undirected,MS_Laud_Gr_17
work_3356,work_10383,Undirected,MS_Canon_Class_Lat_279
work_3356,work_4951,Undirected,MS_Canon_Misc_385
work_3356,work_12151,Undirected,MS_Canon_Class_Lat_279
work_3356,work_4501,Undirected,MS_Canon_Class_Lat_279
work_3356,work_674,Undirected,MS_Canon_Misc_385
work_3365,work_5833,Undirected,MS_Bodl_420
work_3366,work_4068,Undirected,MS_Bodl_398-part2
work_3366,work_489,Undirected,MS_Bodl_398-part2
work_3366,work_6815,Undirected,MS_Bodl_398-part2
work_3366,work_15308,Undirected,MS_Bodl_398-part2
work_3366,work_6368,Undirected,MS_Bodl_398-part2
work_3366,work_5812,Undirected,MS_Bodl_398-part2
work_3366,work_6313,Undirected,MS_Laud_Misc_83
work_3366,work_15480,Undirected,MS_Laud_Misc_83
work_3366,work_6313,Undirected,MS_Laud_Misc_83
work_3366,work_15481,Undirected,MS_Laud_Misc_83
work_3366,work_6345,Undirected,MS_Laud_Misc_83
work_3366,work_3366,Undirected,MS_Laud_Misc_83
work_3366,work_6313,Undirected,MS_Laud_Misc_83
work_3366,work_15484,Undirected,MS_Laud_Misc_83
work_3368,work_3519,Undirected,MS_Bodl_331
work_3375,work_495,Undirected,MS_Douce_168
work_3382,work_3742,Undirected,MS_Auct_T_1_21-part2
work_3385,work_1477,Undirected,MS_DOrville_3
work_3385,work_1616,Undirected,MS_DOrville_3
work_3385,work_1617,Undirected,MS_DOrville_3
work_3385,work_1618,Undirected,MS_DOrville_3
work_3390,work_3394,Undirected,MS_Laud_Misc_98-part4
work_3390,work_3393,Undirected,MS_Laud_Misc_98-part4
work_3390,work_3399,Undirected,MS_Laud_Misc_98-part4
work_3392,work_3391,Undirected,MS_Laud_Misc_445
work_3392,work_3391,Undirected,Merton_College_MS_5
work_3392,work_3396,Undirected,Merton_College_MS_5
work_3392,work_3396,Undirected,MS_Bodl_422
work_3392,work_3391,Undirected,MS_Bodl_422
work_3392,work_3396,Undirected,MS_Laud_Misc_445
work_3395,work_5753,Undirected,MS_Bodl_387
work_3395,work_5779,Undirected,MS_Bodl_387
work_3395,work_772,Undirected,MS_Bodl_387
work_3395,work_745,Undirected,MS_Bodl_387
work_3395,work_770,Undirected,MS_Bodl_387
work_3395,work_6077,Undirected,MS_Bodl_387
work_3395,work_3393,Undirected,Merton_College_MS_4
work_3395,work_3399,Undirected,Merton_College_MS_4
work_3395,work_5750,Undirected,Merton_College_MS_9
work_3395,work_3394,Undirected,Merton_College_MS_9
work_3395,work_3393,Undirected,Merton_College_MS_9
work_3395,work_3390,Undirected,Merton_College_MS_9
work_3395,work_5749,Undirected,Merton_College_MS_29-part2
work_3395,work_3390,Undirected,Merton_College_MS_29-part2
work_3395,work_3399,Undirected,Merton_College_MS_29-part2
work_3395,work_3399,Undirected,Merton_College_MS_9
work_3395,work_3394,Undirected,Merton_College_MS_29-part2
work_3395,work_3393,Undirected,Merton_College_MS_29-part2
work_3395,work_3394,Undirected,Merton_College_MS_4
work_3395,work_5749,Undirected,Merton_College_MS_9
work_3395,work_5750,Undirected,Merton_College_MS_4
work_3395,work_3390,Undirected,Merton_College_MS_4
work_3395,work_5749,Undirected,Merton_College_MS_4
work_3395,work_5750,Undirected,Merton_College_MS_29-part2
work_3396,work_7349,Undirected,Merton_College_2_f_10
work_3397,work_14541,Undirected,MS_Canon_Pat_Lat_172
work_3401,work_3438,Undirected,MS_Canon_Pat_Lat_199
work_3402,work_5774,Undirected,MS_Laud_Misc_522
work_3402,work_265,Undirected,MS_Laud_Misc_522
work_3402,work_5808,Undirected,MS_Laud_Misc_522
work_3402,work_478,Undirected,MS_Laud_Misc_522
work_3402,work_4027,Undirected,MS_Laud_Misc_522
work_3402,work_790,Undirected,MS_Laud_Misc_522
work_3402,work_452,Undirected,MS_Laud_Misc_522
work_3408,work_3407,Undirected,MS_Digby_110
work_3411,work_3414,Undirected,MS_Bodl_794-part1
work_3412,work_15014,Undirected,MS_Laud_Misc_80-part1
work_3412,work_5917,Undirected,MS_Laud_Misc_80-part1
work_3412,work_2150,Undirected,MS_Laud_Misc_80-part1
work_3417,work_3426,Undirected,MS_Canon_Class_Lat_18
work_3417,work_3423,Undirected,MS_Canon_Class_Lat_19-part1
work_3417,work_3426,Undirected,MS_Canon_Class_Lat_19-part1
work_3417,work_3426,Undirected,MS_Canon_Class_Lat_20
work_3417,work_3415,Undirected,MS_Canon_Class_Lat_20
work_3417,work_3422,Undirected,MS_Canon_Class_Lat_20
work_3417,work_3426,Undirected,MS_DOrville_169
work_3417,work_15308,Undirected,MS_Rawl_G_108
work_3417,work_3426,Undirected,MS_Canon_Class_Lat_12
work_3417,work_3421,Undirected,MS_DOrville_168
work_3417,work_542,Undirected,MS_DOrville_168
work_3417,work_4081,Undirected,MS_DOrville_168
work_3417,work_4078,Undirected,MS_DOrville_168
work_3417,work_3426,Undirected,MS_DOrville_168
work_3418,work_3415,Undirected,MS_Add_A_168
work_3418,work_4867,Undirected,MS_Add_A_168
work_3418,work_2094,Undirected,MS_Add_A_168
work_3419,work_3426,Undirected,MS_Auct_F_4_24
work_3419,work_3423,Undirected,MS_Auct_F_4_24
work_3419,work_1282,Undirected,MS_Auct_F_2_2
work_3419,work_2907,Undirected,MS_Auct_F_4_24
work_3419,work_3421 work_3421,Undirected,MS_Auct_F_4_24
work_3419,work_13163,Undirected,MS_Auct_F_4_28
work_3419,work_4078,Undirected,MS_DOrville_172
work_3419,work_3422,Undirected,MS_Auct_F_4_24
work_3419,work_4079,Undirected,MS_Canon_Class_Lat_11
work_3419,work_4078,Undirected,MS_Auct_F_4_29
work_3419,work_13839,Undirected,MS_Auct_F_4_29
work_3421,work_4079,Undirected,MS_Auct_F_1_18
work_3421,work_4081,Undirected,MS_Auct_F_1_18
work_3421,work_4080,Undirected,MS_Auct_F_1_18
work_3421,work_3417,Undirected,MS_Auct_F_1_18
work_3421,work_3415,Undirected,MS_Auct_F_1_18
work_3421,work_3426,Undirected,MS_Auct_F_1_18
work_3421,work_3419,Undirected,MS_Auct_F_1_18
work_3421,work_3427,Undirected,MS_Auct_F_1_18
work_3421,work_3418,Undirected,MS_Auct_F_1_18
work_3421,work_3422,Undirected,MS_Auct_F_1_18
work_3421,work_4077,Undirected,MS_Auct_F_1_18
work_3422,work_2094,Undirected,MS_Sparrow_2
work_3422,work_4867,Undirected,MS_Sparrow_2
work_3422,work_5736,Undirected,MS_Sparrow_2
work_3425,work_2831,Undirected,MS_Canon_Class_Lat_9
work_3426,work_3418,Undirected,MS_Rawl_G_109-part7
work_3427,work_3418,Undirected,MS_Rawl_G_101
work_3427,work_3418,Undirected,MS_Douce_146
work_3427,work_4080,Undirected,MS_Douce_146
work_3427,work_4077,Undirected,MS_Douce_146
work_3427,work_3418,Undirected,MS_Canon_Class_Lat_16
work_3428,work_17062,Undirected,MS_Rawl_G_104
work_3428,work_3421,Undirected,MS_Rawl_G_104
work_3428,work_3423,Undirected,MS_Rawl_G_104
work_3428,work_3426,Undirected,MS_Rawl_G_104
work_3428,work_4079,Undirected,MS_Rawl_G_104
work_3428,work_4080,Undirected,MS_Rawl_G_104
work_3428,work_17062,Undirected,MS_Rawl_G_104
work_343,work_12208,Undirected,MS_Ashmole_1471
work_343,work_13166,Undirected,MS_Ashmole_1471
work_343,work_1319,Undirected,MS_Ashmole_1471
work_343,work_3856,Undirected,MS_Ashmole_1471
work_343,work_4108,Undirected,MS_Digby_183
work_343,work_4430,Undirected,MS_Digby_183
work_343,work_440,Undirected,MS_Digby_183
work_3430,work_17057,Undirected,Merton_College_MS_298
work_3434,work_4909,Undirected,MS_Rawl_G_62
work_3434,work_13232,Undirected,MS_Auct_F_5_23-part4
work_3434,work_10916,Undirected,MS_Rawl_G_62
work_3434,work_14950,Undirected,MS_Auct_F_5_23-part4
work_3434,work_3405,Undirected,MS_Auct_F_5_24
work_3434,work_5442,Undirected,MS_Auct_F_5_23-part4
work_3434,work_13209,Undirected,MS_Rawl_G_62
work_3434,work_5442,Undirected,MS_Rawl_G_62
work_3441,work_13950,Undirected,MS_Ital_e_16
work_3445,work_844,Undirected,MS_Savile_3
work_3445,work_4726,Undirected,MS_Savile_3
work_3445,work_4727,Undirected,MS_Savile_3
work_3446,work_290,Undirected,MS_Digby_103-part2
work_3446,work_652,Undirected,MS_Digby_103-part2
work_3447,work_1051,Undirected,MS_Rawl_C_279
work_3447,work_2425,Undirected,MS_Rawl_C_279
work_3447,work_3482,Undirected,MS_Rawl_C_279
work_3447,work_15308,Undirected,MS_Bodl_365-part3
work_3448,work_1869,Undirected,MS_Bodl_859-part3
work_3448,work_2747,Undirected,MS_Bodl_859-part3
work_3448,work_6147,Undirected,MS_Bodl_859-part3
work_3452,work_3451,Undirected,MS_Canon_Misc_452
work_3452,work_3451,Undirected,MS_Canon_Class_Lat_286
work_3455,work_2863,Undirected,MS_DOrville_97
work_3456,work_1517,Undirected,MS_Lat_class_e_14
work_3456,work_4900,Undirected,MS_Lat_class_e_14
work_3457,work_13066,Undirected,MS_DOrville_526
work_3457,work_4902,Undirected,MS_DOrville_526
work_3457,work_5424,Undirected,MS_DOrville_526
work_3459,work_3545,Undirected,Merton_College_MS_48
work_3459,work_16075,Undirected,Merton_College_MS_48
work_3459,work_5833,Undirected,Merton_College_MS_48
work_3465,work_13084,Undirected,MS_Canon_Misc_22
work_3465,work_3466,Undirected,MS_Add_A_6
work_3465,work_14998,Undirected,MS_Canon_Misc_98
work_3465,work_917,Undirected,MS_Canon_Misc_98
work_3465,work_3466,Undirected,MS_Canon_Misc_22
work_3465,work_3466,Undirected,MS_Canon_Misc_98
work_3465,work_3467,Undirected,MS_Canon_Misc_22
work_3467,work_3468,Undirected,MS_Canon_Misc_176
work_3477,work_3466,Undirected,MS_Canon_Misc_458
work_3485,work_2330,Undirected,MS_Hamilton_50-part2
work_3485,work_1308,Undirected,MS_Hamilton_36_Part_A
work_3485 work_16273,work_13934,Undirected,MS_Hamilton_29_partA
work_3485 work_16273,work_12513,Undirected,MS_Hamilton_29_partA
work_3489,work_2495,Undirected,MS_Bywater_15
work_3489,work_4137,Undirected,MS_Bywater_15
work_3489,work_2224,Undirected,MS_Bywater_15
work_3489,work_14496,Undirected,MS_Bywater_15
work_3489,work_13878,Undirected,MS_Bywater_15
work_3489,work_2182,Undirected,MS_Bywater_15
work_3489,work_1338,Undirected,MS_Bywater_15
work_3489,work_2094,Undirected,MS_Canon_Class_Lat_46
work_3489,work_2758,Undirected,MS_Bywater_15
work_3489,work_2097,Undirected,MS_Bywater_15
work_3489,work_2099,Undirected,MS_Bywater_15
work_3489,work_4471,Undirected,MS_Bywater_15
work_3489,work_15446,Undirected,MS_Bywater_15
work_3489,work_2896,Undirected,MS_Montagu_e_7
work_349,work_14583,Undirected,MS_Laud_Lat_14-part1
work_349,work_16240,Undirected,MS_Laud_Lat_14-part1
work_349,work_13932,Undirected,MS_Laud_Lat_14-part1
work_3491,work_3493,Undirected,MS_Laud_Misc_291
work_3495,work_2089,Undirected,MS_Rawl_C_46
work_3495,work_3495,Undirected,MS_Lat_th_c_23
work_3495,work_13530,Undirected,MS_Rawl_C_46
work_3495,work_4328,Undirected,MS_Bodl_777
work_3495,work_17006,Undirected,Merton_College_MS_120
work_3495,work_13523,Undirected,MS_Rawl_C_46
work_3495,work_4328,Undirected,MS_Bodl_723
work_3495,work_4328,Undirected,MS_Bodl_711
work_3495,work_4328,Undirected,MS_Bodl_173
work_3495,work_14583,Undirected,MS_Laud_Misc_518-part2
work_3495,work_12374,Undirected,Merton_College_MS_120
work_3501,work_1445,Undirected,MS_Bodl_159-part3
work_3504,work_1664,Undirected,MS_Laud_Misc_416
work_3504,work_2729,Undirected,MS_Laud_Misc_416
work_3504,work_2731,Undirected,MS_Laud_Misc_416
work_3504,work_4898,Undirected,MS_Laud_Misc_416
work_3504,work_11412,Undirected,MS_Laud_Misc_416
work_3507,work_11180,Undirected,MS_Laud_Misc_459
work_3509,work_3510,Undirected,MS_Lat_misc_b_25-part5
work_3509,work_1806,Undirected,MS_Lat_misc_b_25-part5
work_3509,work_6244,Undirected,MS_Laud_Misc_293
work_3509,work_17094,Undirected,MS_Laud_Misc_293
work_3509,work_12322,Undirected,MS_Laud_Misc_293
work_3509,work_6245,Undirected,MS_Laud_Misc_293
work_3510,work_14583,Undirected,MS_Laud_Misc_397-part1
work_3510,work_15129,Undirected,MS_Bodl_853
work_3510,work_14583,Undirected,MS_Bodl_651-part1
work_3510,work_13886,Undirected,MS_Digby_156
work_3510,work_14583,Undirected,MS_Bodl_746
work_3510,work_14369,Undirected,MS_Laud_Misc_397-part1
work_3510,work_15283,Undirected,MS_Hamilton_19
work_3510,work_742,Undirected,St_Johns_College_MS_49
work_3510,work_11861,Undirected,MS_Laud_Misc_397-part1
work_3510,work_4075,Undirected,MS_Laud_Misc_629-partB
work_3510,work_243,Undirected,MS_Bodl_651-part1
work_3511,work_1660,Undirected,MS_Laud_Misc_357-part3
work_3511,work_15250,Undirected,MS_Laud_Misc_357-part3
work_3511,work_11104,Undirected,MS_Laud_Misc_357-part3
work_3511,work_3919,Undirected,MS_Laud_Misc_357-part3
work_3511,work_15308,Undirected,MS_Laud_Misc_357-part3
work_3514,work_5674,Undirected,MS_Rawl_C_323
work_3514,work_5674,Undirected,MS_Rawl_C_314
work_3514,work_14999,Undirected,MS_Rawl_C_565
work_3514,work_5674,Undirected,MS_Digby_35
work_3514,work_13767,Undirected,MS_Rawl_C_565
work_3515,work_4188,Undirected,MS_Bodl_399
work_3515,work_15283,Undirected,MS_Bodl_399
work_3515,work_4353,Undirected,MS_Bodl_399
work_3519,work_11043,Undirected,MS_Canon_Pat_Lat_223
work_3519,work_1862,Undirected,MS_Bodl_167
work_3519,work_12751,Undirected,MS_Canon_Pat_Lat_223
work_3519,work_1871,Undirected,MS_Bodl_167
work_3519,work_4543,Undirected,MS_Canon_Pat_Lat_223
work_3519,work_2920,Undirected,MS_Canon_Pat_Lat_223
work_3519,work_3949,Undirected,MS_Canon_Pat_Lat_223
work_3519,work_790,Undirected,MS_Canon_Pat_Lat_223
work_3519,work_13886,Undirected,MS_Canon_Pat_Lat_223
work_3519,work_13731,Undirected,MS_Canon_Pat_Lat_223
work_352,work_2362,Undirected,MS_Canon_Misc_462
work_3520,work_15091,Undirected,MS_Laud_Misc_368-part1
work_3520,work_4387,Undirected,MS_Laud_Misc_368-part1
work_3520,work_3520,Undirected,MS_Laud_Misc_368-part1
work_3520,work_5065,Undirected,MS_Laud_Misc_368-part1
work_3520,work_5094,Undirected,MS_Laud_Misc_368-part1
work_3525,work_6371,Undirected,MS_Laud_Misc_650
work_3525,work_11086,Undirected,MS_Hamilton_1-part2
work_3525,work_14583,Undirected,MS_Hamilton_1-part2
work_3525,work_4084,Undirected,MS_Bodl_426-part2
work_3525,work_3523,Undirected,MS_Bodl_759
work_3525,work_3519,Undirected,MS_Bodl_426-part2
work_3525,work_3519,Undirected,MS_Laud_Misc_650
work_3525,work_3519,Undirected,MS_Bodl_759
work_3525,work_3521,Undirected,MS_Bodl_759
work_3525,work_4984,Undirected,MS_Hamilton_1-part2
work_3525,work_3522,Undirected,MS_Add_A_9
work_3525,work_6371,Undirected,MS_Hamilton_1-part2
work_3525,work_3521,Undirected,MS_Laud_Misc_650
work_3525,work_3523,Undirected,MS_Laud_Misc_650
work_3525,work_3523,Undirected,MS_Bodl_426-part2
work_3525,work_13730,Undirected,MS_Laud_Misc_650
work_3530,work_3522,Undirected,MS_Lat_misc_f_14-part1
work_3530,work_3527,Undirected,MS_Lat_misc_f_14-part1
work_3532,work_4188,Undirected,MS_Fairfax_24-part1
work_3533,work_2192,Undirected,Merton_College_MS_43-part2
work_3533,work_7042,Undirected,Merton_College_MS_82-part2
work_3533,work_5817,Undirected,Merton_College_MS_43-part2
work_3536,work_3495,Undirected,MS_Bodl_164
work_3536,work_3495,Undirected,MS_Laud_Misc_270-part1
work_3536,work_4328,Undirected,MS_Laud_Misc_270-part1
work_3536,work_4073,Undirected,MS_Laud_Misc_270-part1
work_3536,work_11677,Undirected,MS_Rawl_C_563-part1
work_3536,work_16300,Undirected,MS_Bodl_164
work_3536,work_3495,Undirected,MS_Laud_Misc_151
work_3539,work_7048,Undirected,Merton_College_MS_132
work_3539,work_3550,Undirected,MS_Rawl_C_161
work_3539,work_7049,Undirected,Merton_College_MS_132
work_3540,work_11232,Undirected,MS_Laud_Misc_269
work_3540,work_15129,Undirected,MS_Laud_Misc_269
work_3540,work_12322,Undirected,MS_Laud_Misc_269
work_3540,work_10964,Undirected,MS_Laud_Misc_269
work_3541,work_17154,Undirected,MS_Laud_Misc_375-partA
work_3542,work_3291,Undirected,MS_Laud_Misc_467
work_3545,work_3835,Undirected,MS_Laud_Misc_6
work_3547,work_3546,Undirected,MS_Bodl_371
work_3552,work_3553,Undirected,MS_Canon_Misc_62-part1
work_3553,work_3728,Undirected,MS_DOrville_513
work_3553,work_3563,Undirected,MS_DOrville_513
work_3553,work_1559,Undirected,MS_DOrville_513
work_3553,work_13866,Undirected,MS_DOrville_513
work_3553,work_3814,Undirected,MS_DOrville_513
work_3553,work_3570,Undirected,MS_DOrville_513
work_3553,work_3563,Undirected,MS_DOrville_513
work_3559,work_3557,Undirected,MS_Canon_Misc_101
work_3559,work_1632,Undirected,MS_Canon_Misc_101
work_3559,work_3563,Undirected,MS_Canon_Misc_101
work_3559,work_606,Undirected,MS_Canon_Misc_101
work_3559,work_1257,Undirected,MS_Canon_Misc_101
work_3559,work_3470,Undirected,MS_Canon_Misc_101
work_3561,work_3568,Undirected,MS_Canon_Ital_78
work_3561,work_3568,Undirected,MS_Digby_141
work_3561,work_7415,Undirected,Exeter_College_MS_187
work_3561,work_3568,Undirected,Exeter_College_MS_187
work_3561,work_4526,Undirected,MS_Canon_Ital_73
work_3561,work_3568,Undirected,MS_Canon_Ital_70
work_3561,work_3568,Undirected,MS_DOrville_514
work_3561,work_13881,Undirected,MS_Canon_Ital_65
work_3561,work_1370,Undirected,MS_Canon_Ital_70
work_3561,work_3568,Undirected,MS_Bodl_1027
work_3561,work_3561,Undirected,Exeter_College_MS_187
work_3561,work_4526,Undirected,MS_Canon_Ital_70
work_3561,work_3568,Undirected,MS_Canon_Ital_62
work_3561,work_3563,Undirected,MS_Canon_Ital_73
work_3561,work_3561,Undirected,MS_Canon_Ital_70
work_3561,work_3568,Undirected,MS_Montagu_d_33
work_3561,work_3568,Undirected,MS_Canon_Ital_67
work_3561,work_1370,Undirected,MS_Canon_Ital_81
work_3561,work_3568,Undirected,MS_Canon_Ital_73
work_3561,work_3552,Undirected,MS_Canon_Ital_70
work_3561,work_4562,Undirected,MS_Canon_Ital_81
work_3561,work_3568,Undirected,MS_Canon_Ital_61
work_3561,work_2342,Undirected,MS_Canon_Ital_81
work_3561,work_3568,Undirected,MS_Canon_Ital_79
work_3561,work_3568,Undirected,MS_Canon_Ital_71
work_3561,work_3568,Undirected,MS_Canon_Ital_75
work_3562,work_2962,Undirected,MS_Montagu_e_4
work_3562,work_321,Undirected,MS_Montagu_e_4
work_3562,work_12818,Undirected,MS_Montagu_e_4
work_3563,work_3567,Undirected,MS_Laud_Misc_503
work_3563,work_3563,Undirected,MS_Laud_Misc_503
work_3563,work_3563,Undirected,MS_Laud_Misc_503
work_3563,work_3563,Undirected,MS_Laud_Misc_503
work_3563,work_3563,Undirected,MS_Laud_Misc_503
work_3563,work_3563,Undirected,MS_Laud_Misc_503
work_3563,work_3563,Undirected,MS_Laud_Misc_503
work_3563,work_3563,Undirected,MS_Laud_Misc_503
work_3563,work_3563,Undirected,MS_Laud_Misc_503
work_3568,work_3561,Undirected,MS_Canon_Ital_80
work_3568,work_12504,Undirected,MS_Canon_Ital_263
work_3568,work_14032,Undirected,MS_Canon_Ital_263
work_3568,work_13548,Undirected,MS_Canon_Ital_263
work_3568,work_13881,Undirected,MS_Canon_Ital_263
work_3568,work_12237,Undirected,MS_Add_A_12
work_3568,work_3561,Undirected,Merton_College_MS_326
work_3568,work_14669,Undirected,MS_Add_A_12
work_3568,work_1533,Undirected,MS_Canon_Ital_74
work_3568,work_12430,Undirected,MS_Canon_Ital_263
work_3568,work_13947,Undirected,MS_Canon_Ital_263
work_3568,work_3216,Undirected,MS_Canon_Ital_263
work_357,work_367,Undirected,MS_Auct_F_5_29-part1
work_357,work_2591,Undirected,MS_Auct_F_5_29-part1
work_357,work_10409,Undirected,MS_Auct_F_5_29-part1
work_357,work_409,Undirected,MS_Auct_F_5_29-part1
work_357,work_2592,Undirected,MS_Auct_F_5_29-part1
work_357,work_411,Undirected,MS_Auct_F_5_29-part1
work_3570,work_15014,Undirected,MS_Canon_Misc_12
work_3570,work_1636,Undirected,MS_Canon_Misc_12
work_3571,work_3301,Undirected,MS_Laud_Misc_356
work_3574,work_14567,Undirected,MS_Bodl_400
work_3574,work_14816,Undirected,MS_Bodl_400
work_3574,work_3288,Undirected,MS_Bodl_400
work_3574,work_5036,Undirected,MS_Bodl_400
work_3574,work_15308,Undirected,MS_Bodl_400
work_3574,work_3881,Undirected,MS_Bodl_400
work_3577,work_4938,Undirected,MS_Digby_206
work_3577,work_2335,Undirected,MS_Digby_206
work_3577,work_14863,Undirected,MS_Digby_206
work_3577,work_4888,Undirected,MS_Digby_206
work_3583,work_3444,Undirected,MS_Canon_Misc_189
work_3584,work_1655,Undirected,MS_Canon_Misc_156
work_3584,work_13250,Undirected,MS_Canon_Misc_156
work_3584,work_2338,Undirected,MS_Canon_Misc_156
work_3584,work_2590,Undirected,MS_Canon_Misc_156
work_3584,work_894,Undirected,MS_Canon_Misc_156
work_3584,work_7406,Undirected,MS_Canon_Misc_156
work_3584,work_2607,Undirected,MS_Canon_Misc_156
work_3584,work_1656,Undirected,MS_Canon_Misc_156
work_3586,work_13084,Undirected,MS_Lat_misc_e_100
work_3586,work_15186,Undirected,MS_Lat_misc_e_100
work_3586,work_13084,Undirected,MS_Lat_misc_e_100
work_3586,work_15178,Undirected,MS_Lat_misc_e_100
work_3586,work_14923,Undirected,MS_Lat_misc_e_100
work_3589,work_13209,Undirected,MS_Laud_Misc_676
work_3589,work_3132,Undirected,MS_Bodl_761
work_3589,work_4464,Undirected,MS_Bodl_761
work_3589,work_1748,Undirected,MS_Laud_Misc_676
work_3589,work_11484,Undirected,MS_Bodl_761
work_3589,work_3260,Undirected,MS_Bodl_761
work_3589,work_16414,Undirected,MS_Laud_Misc_676
work_3589,work_1672,Undirected,MS_Bodl_761
work_3589,work_1751,Undirected,MS_Laud_Misc_676
work_3589,work_3349,Undirected,MS_Bodl_761
work_3589,work_14033,Undirected,MS_Bodl_761
work_3589,work_15078,Undirected,MS_Bodl_761
work_3589,work_16413,Undirected,MS_Laud_Misc_676
work_3589,work_12041,Undirected,MS_Bodl_761
work_3589,work_3081,Undirected,MS_Bodl_761
work_3589,work_1941,Undirected,MS_Bodl_761
work_3589,work_10182,Undirected,MS_Bodl_761
work_3589,work_13229,Undirected,MS_Ashmole_1432-part6
work_3589,work_2791,Undirected,MS_Bodl_761
work_3589,work_3980,Undirected,MS_Ashmole_1432-part6
work_3589,work_13222,Undirected,MS_Bodl_761
work_3589,work_2846,Undirected,MS_Bodl_761
work_3589,work_2388,Undirected,MS_Bodl_761
work_359,work_4464,Undirected,MS_Laud_Misc_724
work_359,work_1620,Undirected,MS_Bodl_360
work_359,work_209,Undirected,MS_Laud_Misc_724
work_359,work_12948,Undirected,MS_Bodl_360
work_359,work_1318,Undirected,MS_Laud_Misc_724
work_359,work_4509,Undirected,MS_Bodl_360
work_3592,work_3709,Undirected,MS_Canon_Misc_87
work_3592,work_917,Undirected,MS_Canon_Misc_87
work_3592,work_1254,Undirected,MS_Rawl_G_37
work_3594,work_3593,Undirected,MS_Canon_Misc_166
work_3594,work_3596,Undirected,MS_Canon_Misc_166
work_3594,work_3595,Undirected,MS_Canon_Misc_166
work_3594,work_3592,Undirected,MS_Canon_Misc_166
work_3594,work_3597,Undirected,MS_Canon_Misc_166
work_360,work_5120,Undirected,Merton_College_MS_281-part4
work_3602,work_13886,Undirected,MS_Bodl_656
work_3602,work_14950,Undirected,MS_Holkham_misc_8
work_3602,work_4326,Undirected,MS_Rawl_C_315
work_3602,work_3140,Undirected,MS_Laud_Misc_242
work_3602,work_15091,Undirected,MS_Laud_Misc_242
work_3602,work_3140,Undirected,MS_Bodl_656
work_3602,work_4328,Undirected,MS_Rawl_C_132
work_3602,work_1759,Undirected,MS_Laud_Misc_576
work_3603,work_14583,Undirected,MS_Lyell_16
work_3604,work_624,Undirected,MS_Canon_Misc_46
work_3604,work_3323,Undirected,MS_Canon_Misc_46
work_3604,work_10409,Undirected,MS_Canon_Misc_46
work_3604,work_13232,Undirected,MS_Canon_Misc_46
work_3604,work_5106,Undirected,MS_Canon_Misc_46
work_3604,work_3605,Undirected,MS_Canon_Misc_46
work_3604,work_2180,Undirected,MS_Canon_Misc_46
work_3604,work_12010,Undirected,MS_Canon_Misc_46
work_3605,work_6319,Undirected,MS_Bodl_484-part8
work_3611,work_3608,Undirected,MS_Bodl_42-part1
work_3611,work_5024,Undirected,MS_Bodl_42-part1
work_3621,work_4301,Undirected,MS_Lyell_20
work_3623,work_14896,Undirected,MS_Ashmole_357-part2
work_3624,work_12993,Undirected,MS_Holkham_misc_10
work_3626,work_367,Undirected,MS_Ashmole_360-part4
work_3626,work_15343,Undirected,MS_Ashmole_360-part4
work_3626,work_3797,Undirected,MS_Ashmole_360-part4
work_3626,work_10409,Undirected,MS_Ashmole_360-part4
work_3629,work_12732,Undirected,MS_Bodl_816
work_363,work_362,Undirected,MS_Ashmole_369-part6
work_363,work_357,Undirected,MS_Ashmole_369-part6
work_3631,work_2864,Undirected,MS_Laud_Misc_249-part1
work_3635,work_3634,Undirected,MS_Canon_Misc_192
work_3637,work_1973,Undirected,MS_Douce_114
work_3637,work_4604,Undirected,MS_Douce_114
work_3637,work_12848,Undirected,MS_Douce_114
work_3637,work_12897,Undirected,MS_Douce_114
work_3642,work_3644,Undirected,MS_Gr_th_d_6
work_3644,work_1706,Undirected,MS_E_D_Clarke_1
work_365,work_10409,Undirected,MS_Bodl_790-part3
work_3651,work_3650,Undirected,MS_Gr_class_c_74_P1-4
work_3651,work_3647,Undirected,MS_Gr_class_c_74_P1-4
work_3651,work_3648,Undirected,MS_Gr_class_c_74_P1-4
work_3652,work_11258,Undirected,MS_Selden_Supra_12
work_3653,work_437,Undirected,MS_Digby_40-part2
work_3653,work_4001,Undirected,MS_Digby_40-part2
work_3655,work_3654,Undirected,MS_Laud_Gr_12
work_3656,work_3657,Undirected,MS_Laud_Gr_72
work_3662,work_3380,Undirected,MS_Canon_Class_Lat_152
work_3662,work_1710,Undirected,MS_Canon_Class_Lat_152
work_3668,work_3667,Undirected,MS_DOrville_536
work_3668,work_3667,Undirected,MS_Canon_Misc_320
work_3673,work_3888,Undirected,MS_Laud_Misc_630
work_3679,work_1133,Undirected,MS_Canon_Misc_19
work_3679,work_2911,Undirected,MS_Canon_Misc_19
work_3679,work_3680,Undirected,MS_Canon_Misc_19
work_368,work_15343,Undirected,MS_Digby_93-part1
work_3683,work_5114,Undirected,MS_Auct_F_5_26
work_3683,work_2961,Undirected,MS_Auct_F_5_26
work_3683,work_2919,Undirected,MS_Auct_F_5_26
work_3683,work_917,Undirected,MS_Auct_F_5_26
work_3683,work_2279,Undirected,MS_Auct_F_5_26
work_3683,work_3707,Undirected,MS_Auct_F_5_26
work_3683,work_12037,Undirected,MS_Auct_F_5_26
work_3685,work_931,Undirected,MS_DOrville_119
work_3685,work_1838,Undirected,MS_DOrville_119
work_3685,work_3686,Undirected,MS_Laud_Gr_13
work_3688,work_4928,Undirected,MS_Canon_Ital_138
work_3688,work_3689,Undirected,MS_Canon_Ital_138
work_369,work_4672,Undirected,MS_Digby_194
work_369,work_5221,Undirected,MS_Digby_194
work_369,work_1426,Undirected,MS_Digby_194
work_369,work_3180,Undirected,MS_Digby_194
work_369,work_3177,Undirected,MS_Digby_194
work_369,work_3175,Undirected,MS_Digby_194
work_369,work_3378,Undirected,MS_Digby_194
work_369,work_14643,Undirected,MS_Digby_194
work_369,work_367,Undirected,MS_Digby_194
work_369,work_10884,Undirected,MS_Digby_194
work_369,work_4335,Undirected,MS_Digby_194
work_369,work_10409,Undirected,MS_Digby_194
work_3695,work_5110,Undirected,MS_Canon_Class_Lat_163
work_3695,work_4154,Undirected,MS_Canon_Class_Lat_163
work_3695,work_4589,Undirected,MS_Canon_Class_Lat_163
work_3695,work_3827,Undirected,MS_Canon_Class_Lat_163
work_3696,work_3697,Undirected,MS_Canon_Gr_4
work_3703,work_801,Undirected,MS_Canon_Class_Lat_150
work_3703,work_1890,Undirected,MS_Canon_Class_Lat_150
work_3703,work_443,Undirected,MS_Laud_Lat_52
work_3703,work_14689,Undirected,MS_Canon_Class_Lat_150
work_3703,work_279,Undirected,MS_Laud_Lat_52
work_3703,work_11042,Undirected,MS_Laud_Lat_52
work_3703,work_15398,Undirected,MS_Canon_Class_Lat_150
work_3703,work_272,Undirected,MS_Canon_Class_Lat_150
work_3706,work_1890,Undirected,MS_Bywater_38-part3
work_3707,work_1883,Undirected,MS_Laud_Misc_672
work_3708,work_1222,Undirected,MS_Canon_Class_Lat_167
work_3719,work_704,Undirected,MS_Barocci_137
work_3720,work_5114,Undirected,MS_Douce_214
work_3720,work_2949,Undirected,MS_Douce_214
work_3720,work_917,Undirected,MS_Douce_214
work_3724,work_3480,Undirected,MS_Canon_Misc_217
work_3724,work_3977,Undirected,MS_Canon_Misc_217
work_3724,work_1635,Undirected,MS_Canon_Misc_217
work_3724,work_2949,Undirected,MS_Canon_Misc_217
work_3724,work_1242,Undirected,MS_Canon_Misc_217
work_3724,work_1632,Undirected,MS_Canon_Misc_217
work_3727,work_3739,Undirected,MS_Bodl_915
work_3727,work_3729,Undirected,MS_Bodl_915
work_3727,work_3730,Undirected,MS_Bodl_915
work_373,work_5221,Undirected,MS_Ashmole_369-part3
work_373,work_5120,Undirected,MS_Ashmole_369-part3
work_373,work_427,Undirected,MS_Bodl_463-part1
work_373,work_4096,Undirected,MS_Bodl_463-part1
work_373,work_10409,Undirected,MS_Ashmole_369-part3
work_373,work_4672,Undirected,MS_Bodl_463-part1
work_373,work_12505,Undirected,MS_Bodl_463-part1
work_373,work_3857,Undirected,MS_Bodl_463-part1
work_373,work_2360,Undirected,MS_Bodl_463-part1
work_373,work_14933,Undirected,MS_Ashmole_360-part5
work_373,work_4671,Undirected,MS_Bodl_463-part1
work_373,work_10409,Undirected,MS_Bodl_463-part1
work_373,work_10404,Undirected,MS_Ashmole_360-part5
work_3731,work_3727,Undirected,MS_Canon_Misc_557
work_3731,work_3730,Undirected,MS_Canon_Misc_557
work_3731,work_3729,Undirected,MS_Canon_Misc_557
work_3731,work_3752,Undirected,MS_Canon_Misc_280-part3
work_3733,work_3726,Undirected,MS_Canon_Misc_3
work_3740,work_3114,Undirected,MS_Bywater_38-part4
work_3740,work_2928,Undirected,MS_Bywater_38-part4
work_3740,work_4872,Undirected,MS_Bywater_38-part4
work_3746,work_13853,Undirected,MS_Bodl_126
work_3746,work_464,Undirected,MS_Laud_Misc_577
work_3749,work_1891,Undirected,MS_Canon_Class_Lat_169
work_3752,work_1202,Undirected,MS_Canon_Class_Lat_192
work_3758,work_12794,Undirected,MS_Auct_F_4_6
work_3758,work_3760,Undirected,MS_Auct_F_3_17
work_3758,work_3766,Undirected,MS_Auct_F_4_6
work_3758,work_1847,Undirected,MS_Auct_F_4_6
work_3759,work_2506,Undirected,MS_Auct_T_3_8
work_3759,work_633,Undirected,MS_Auct_T_3_8
work_3763,work_13814,Undirected,MS_Barocci_117
work_3763,work_13,Undirected,MS_Barocci_177
work_3763,work_43,Undirected,MS_Barocci_177
work_3763,work_643,Undirected,MS_Barocci_177
work_3763,work_12,Undirected,MS_Barocci_177
work_3763,work_139,Undirected,MS_Barocci_177
work_3763,work_643,Undirected,MS_Arch_Selden_B_40
work_3763,work_132,Undirected,MS_Barocci_177
work_3764,work_4908,Undirected,MS_Laud_Lat_49-part1
work_3764,work_6426,Undirected,MS_Laud_Lat_49-part1
work_3764,work_377,Undirected,MS_Laud_Lat_49-part1
work_3764,work_6426,Undirected,MS_Laud_Lat_49-part1
work_3764,work_6427,Undirected,MS_Laud_Lat_49-part1
work_3764,work_16367,Undirected,MS_Laud_Lat_49-part1
work_3764,work_6428,Undirected,MS_Laud_Lat_49-part1
work_3764,work_650,Undirected,MS_Laud_Lat_49-part1
work_3764,work_6429,Undirected,MS_Laud_Lat_49-part1
work_3764,work_1274,Undirected,MS_Laud_Lat_49-part1
work_3764,work_7323,Undirected,MS_Laud_Lat_49-part1
work_3764,work_1244,Undirected,MS_Laud_Lat_49-part1
work_3764,work_16368,Undirected,MS_Laud_Lat_49-part1
work_3764,work_6427,Undirected,Trinity_College_MS_47-part1
work_3764,work_6429,Undirected,MS_Laud_Lat_49-part1
work_3770,work_17001,Undirected,MS_Laud_Misc_80-part2
work_3774,work_12334,Undirected,MS_Rawl_G_55
work_3774,work_12151,Undirected,MS_Rawl_G_55
work_3781,work_14034,Undirected,St_Johns_College_MS_98-part2
work_3789,work_3792,Undirected,MS_Laud_Gr_18
work_379,work_3885,Undirected,MS_Bodl_1
work_379,work_5917,Undirected,MS_Bodl_1
work_379,work_779,Undirected,MS_Bodl_1
work_379,work_15308 work_14583,Undirected,MS_Bodl_1
work_3796,work_3797,Undirected,MS_Digby_114-part2
work_3796,work_10399,Undirected,MS_Digby_114-part2
work_3796,work_360,Undirected,MS_Digby_114-part2
work_3797,work_6099,Undirected,MS_Bodl_464
work_3797,work_17514,Undirected,MS_Bodl_464
work_3797,work_3599,Undirected,MS_Bodl_464
work_3797,work_4371,Undirected,MS_Bodl_464
work_3797,work_6098,Undirected,MS_Bodl_464
work_3797,work_10376,Undirected,MS_Bodl_464
work_3797,work_182,Undirected,MS_Bodl_464
work_3797,work_3620,Undirected,MS_Bodl_464
work_3797,work_2360,Undirected,MS_Bodl_464
work_3797,work_1200,Undirected,MS_Bodl_464
work_3797,work_2016,Undirected,MS_Bodl_464
work_3797,work_373,Undirected,MS_Bodl_464
work_3797,work_4674,Undirected,MS_Bodl_464
work_3797,work_1711,Undirected,MS_Bodl_464
work_3797,work_3174,Undirected,MS_Bodl_464
work_3797,work_368,Undirected,MS_Bodl_464
work_3798,work_4371,Undirected,MS_Savile_25-part3
work_3799,work_3559,Undirected,MS_Holkham_misc_36
work_3800,work_4096,Undirected,MS_Canon_Misc_554
work_3802,work_5994,Undirected,MS_Canon_Pat_Lat_59
work_3802,work_5993,Undirected,MS_Canon_Pat_Lat_59
work_3802,work_3803,Undirected,MS_Canon_Pat_Lat_59
work_3806,work_4094,Undirected,MS_Laud_Misc_552
work_3806,work_3809,Undirected,MS_Bodl_527-part2
work_3806,work_415,Undirected,MS_Bodl_527-part2
work_3810,work_3811,Undirected,MS_Auct_F_3_6
work_3810,work_3812,Undirected,MS_Auct_F_3_6
work_3810,work_3814,Undirected,MS_Auct_F_3_6
work_3810,work_5737,Undirected,MS_Auct_F_3_6
work_3810,work_5738,Undirected,MS_Auct_F_3_6
work_3810,work_5739,Undirected,MS_Auct_F_3_6
work_3810,work_3812,Undirected,MS_Auct_F_3_6
work_3810,work_3810,Undirected,MS_Auct_T_2_22
work_3810,work_3812,Undirected,MS_Auct_T_2_22
work_3811,work_2007,Undirected,MS_Canon_Class_Lat_311
work_3811,work_3520,Undirected,MS_Canon_Class_Lat_311
work_3811,work_5067,Undirected,MS_Canon_Class_Lat_311
work_3811,work_13084,Undirected,MS_Canon_Class_Lat_311
work_3811,work_410,Undirected,MS_Canon_Class_Lat_311
work_3811,work_14583,Undirected,MS_Canon_Class_Lat_311
work_3811,work_3597,Undirected,MS_Canon_Class_Lat_311
work_3814,work_13886,Undirected,MS_Bodl_38-part4
work_3826,work_336,Undirected,MS_Digby_150
work_3826,work_339,Undirected,MS_Digby_150
work_3826,work_2305,Undirected,MS_Digby_150
work_3826,work_1754,Undirected,MS_Digby_150
work_3826,work_1753,Undirected,MS_Digby_150
work_3826,work_1756,Undirected,MS_Digby_150
work_3826,work_1755,Undirected,MS_Digby_150
work_3826,work_15092,Undirected,MS_Digby_150
work_3826,work_14512,Undirected,MS_Digby_153
work_3826,work_14524,Undirected,MS_Digby_153
work_3826,work_3606,Undirected,MS_Digby_153
work_3826,work_4888,Undirected,MS_Digby_153
work_3826,work_4556,Undirected,MS_Digby_153
work_3826,work_338,Undirected,MS_Digby_150
work_383,work_4038,Undirected,MS_Junius_25-part3
work_383,work_380,Undirected,MS_Junius_25-part3
work_383,work_6200,Undirected,MS_Junius_25-part3
work_3830,work_467,Undirected,St_Johns_College_MS_163
work_3830,work_16474,Undirected,St_Johns_College_MS_163
work_3830,work_898,Undirected,St_Johns_College_MS_163
work_3832,work_2249,Undirected,MS_Canon_Pat_Lat_39
work_3832,work_815,Undirected,MS_Canon_Pat_Lat_39
work_3832,work_13741,Undirected,MS_Canon_Pat_Lat_39
work_3832,work_760,Undirected,MS_Canon_Pat_Lat_39
work_3838,work_4384,Undirected,MS_Digby_191-part4
work_3839,work_1190,Undirected,MS_Bodl_641-part2
work_384,work_386,Undirected,MS_Bodl_49
work_3841,work_14583,Undirected,MS_Laud_Misc_190-part1
work_3843,work_2439,Undirected,MS_Barocci_25-part1
work_3844,work_3719,Undirected,MS_Laud_Gr_55
work_3844,work_3705,Undirected,MS_Laud_Gr_55
work_3846,work_3994,Undirected,MS_Bodl_130-part1
work_3847,work_1361,Undirected,MS_Hatton_76-part3
work_3851,work_3709,Undirected,MS_DOrville_525-part2
work_3856,work_11853,Undirected,MS_Digby_11-part2
work_3859,work_14671,Undirected,MS_Laud_Misc_685
work_3859,work_13221,Undirected,MS_Laud_Misc_685
work_3859,work_4959,Undirected,MS_Laud_Misc_685
work_3861,work_693,Undirected,MS_Douce_2
work_3861,work_13322,Undirected,Christ_Church_MS_99-part4
work_3861,work_13232,Undirected,MS_Douce_2
work_3861,work_3115,Undirected,Christ_Church_MS_99-part4
work_3861,work_5063,Undirected,Christ_Church_MS_99-part4
work_3861,work_13232,Undirected,Exeter_College_MS_35-partG
work_3861,work_334,Undirected,Exeter_College_MS_35-partG
work_3861,work_14022,Undirected,MS_Douce_2
work_3861,work_13205,Undirected,MS_Bodl_495
work_3861,work_7389,Undirected,Exeter_College_MS_35-partG
work_3861,work_5630,Undirected,Christ_Church_MS_99-part4
work_3861,work_7390,Undirected,Exeter_College_MS_35-partG
work_3861,work_7388,Undirected,Exeter_College_MS_35-partG
work_3861,work_15110,Undirected,MS_Rawl_A_273
work_3861,work_7160,Undirected,Exeter_College_MS_35-partG
work_3861,work_3849,Undirected,MS_Rawl_A_273
work_3861,work_12226,Undirected,MS_Rawl_A_273
work_3861,work_12505,Undirected,MS_Rawl_A_273
work_3861,work_15248,Undirected,MS_Rawl_A_273
work_3861,work_15391,Undirected,Exeter_College_MS_35-partG
work_3861,work_14065,Undirected,MS_Rawl_A_273
work_3861,work_1791,Undirected,Exeter_College_MS_35-partG
work_3861,work_12733,Undirected,MS_Rawl_A_273
work_3861,work_12732,Undirected,MS_Rawl_A_273
work_3861,work_13232,Undirected,Exeter_College_MS_35-partG
work_3861,work_13950,Undirected,MS_Rawl_A_273
work_3861,work_10409,Undirected,MS_Auct_F_5_23-part3
work_3866,work_11203,Undirected,MS_Canon_Misc_451
work_3866,work_595,Undirected,MS_Canon_Misc_451
work_387,work_388,Undirected,MS_Digby_146
work_387,work_13714,Undirected,MS_Digby_146
work_3874,work_12250,Undirected,MS_Bodl_117
work_3874,work_4232,Undirected,MS_Bodl_117
work_3874,work_6278,Undirected,MS_Bodl_117
work_3874,work_1990,Undirected,MS_Bodl_117
work_3874,work_12250,Undirected,MS_Bodl_117
work_3876,work_2145,Undirected,MS_Rawl_A_424
work_3876,work_3909,Undirected,MS_Rawl_A_424
work_3876,work_13950,Undirected,MS_Rawl_A_424
work_3876,work_15248,Undirected,MS_Rawl_A_424
work_3878,work_7381,Undirected,Exeter_College_MS_28-partC
work_3878,work_4374,Undirected,Exeter_College_MS_28-partC
work_3878,work_7380,Undirected,Exeter_College_MS_28-partC
work_3878,work_7383,Undirected,Exeter_College_MS_28-partC
work_3878,work_7382,Undirected,Exeter_College_MS_28-partC
work_3878,work_5772,Undirected,Exeter_College_MS_28-partC
work_3880,work_1151,Undirected,MS_Laud_Misc_112
work_3880,work_15308,Undirected,MS_Laud_Misc_112
work_3880,work_3886,Undirected,MS_Laud_Misc_112
work_3880,work_11760,Undirected,MS_Laud_Misc_112
work_3880,work_3119,Undirected,MS_Laud_Misc_112
work_3880,work_3549,Undirected,MS_Laud_Misc_112
work_3880,work_2229,Undirected,MS_Laud_Misc_112
work_3880,work_4387,Undirected,MS_Laud_Misc_112
work_3880,work_1376,Undirected,MS_Laud_Misc_112
work_3880,work_1024,Undirected,MS_Laud_Misc_112
work_3880,work_919,Undirected,MS_Canon_Pat_Lat_80
work_3880,work_4164,Undirected,MS_Canon_Pat_Lat_80
work_3880,work_4219,Undirected,MS_Laud_Misc_112
work_3880,work_2191,Undirected,MS_Laud_Misc_112
work_3880,work_12400,Undirected,MS_Laud_Misc_112
work_3880,work_10471,Undirected,MS_Laud_Misc_112
work_3880,work_3952,Undirected,MS_Laud_Misc_112
work_3880,work_2585,Undirected,MS_Rawl_C_241
work_3880,work_401,Undirected,MS_Laud_Misc_112
work_3880,work_2861,Undirected,MS_Rawl_C_241
work_3880,work_11250,Undirected,MS_Rawl_C_241
work_3880,work_2081,Undirected,MS_Rawl_C_241
work_3880,work_2752,Undirected,MS_Laud_Misc_185
work_3880,work_3952,Undirected,MS_Bodl_534-part4
work_3880,work_2125,Undirected,MS_Laud_Misc_185
work_3880,work_14306,Undirected,MS_Laud_Misc_112
work_3880,work_809,Undirected,MS_Bodl_534-part4
work_3881,work_3746,Undirected,MS_Laud_Lat_31-part1
work_3881,work_12869,Undirected,MS_Laud_Lat_31-part1
work_3885,work_3409,Undirected,Christ_Church_MS_91-part4
work_3885,work_3874,Undirected,Christ_Church_MS_91-part4
work_3885,work_3907,Undirected,Christ_Church_MS_91-part4
work_3885,work_805,Undirected,Christ_Church_MS_91-part4
work_3885,work_745,Undirected,Christ_Church_MS_91-part4
work_3885,work_770,Undirected,Christ_Church_MS_91-part4
work_3885,work_2191,Undirected,Christ_Church_MS_91-part4
work_3885,work_2081,Undirected,Christ_Church_MS_91-part4
work_3888,work_3983,Undirected,MS_Laud_Misc_173-part4
work_3889,work_5818,Undirected,Merton_College_MS_35-part1
work_3889,work_5753,Undirected,Merton_College_MS_35-part1
work_3889,work_5779,Undirected,Merton_College_MS_35-part1
work_3889,work_16071,Undirected,Merton_College_MS_35-part1
work_3889,work_5782,Undirected,Merton_College_MS_35-part1
work_3889,work_772,Undirected,Merton_College_MS_35-part1
work_3889,work_5781,Undirected,Merton_College_MS_35-part1
work_3889,work_4910,Undirected,Merton_College_MS_35-part1
work_3889,work_5752,Undirected,Merton_College_MS_35-part1
work_3889,work_815,Undirected,Merton_College_MS_35-part1
work_3889,work_833,Undirected,Merton_College_MS_35-part1
work_3889,work_771,Undirected,Merton_College_MS_35-part1
work_3889,work_2130,Undirected,Merton_College_MS_35-part1
work_3889,work_543,Undirected,Merton_College_MS_35-part1
work_3889,work_5780,Undirected,Merton_College_MS_35-part1
work_3889,work_3870,Undirected,Merton_College_MS_35-part1
work_389,work_3814,Undirected,MS_Rawl_C_697
work_3890,work_12832,Undirected,MS_Canon_Ital_218
work_3890,work_14583,Undirected,MS_Canon_Ital_218
work_3890,work_15064,Undirected,MS_Canon_Ital_218
work_3890,work_12832,Undirected,MS_Canon_Ital_161
work_3893,work_2317,Undirected,MS_Canon_Pat_Lat_40
work_3893,work_13741,Undirected,MS_Canon_Pat_Lat_40
work_3893,work_10285,Undirected,MS_Canon_Pat_Lat_40
work_3893,work_14583,Undirected,MS_Canon_Pat_Lat_40
work_3893,work_1041,Undirected,MS_Canon_Pat_Lat_40
work_3894,work_4765,Undirected,MS_Lawn_medieval_14
work_3894,work_15437,Undirected,MS_Lawn_medieval_14
work_3894,work_15375,Undirected,MS_Lawn_medieval_14
work_3894,work_1045,Undirected,MS_Lawn_medieval_14
work_3894,work_1043,Undirected,MS_Lawn_medieval_14
work_3894,work_2330,Undirected,MS_Lawn_medieval_14
work_3894,work_5044,Undirected,MS_Lawn_medieval_14
work_3894,work_4591,Undirected,MS_Lawn_medieval_14
work_3894,work_3834,Undirected,MS_Lawn_medieval_14
work_3894,work_1139,Undirected,MS_Lawn_medieval_14
work_3896,work_4023,Undirected,MS_Bodl_630
work_3896,work_820,Undirected,MS_Bodl_630
work_3896,work_3952,Undirected,MS_Bodl_630
work_3896,work_3831,Undirected,MS_Bodl_630
work_3896,work_790,Undirected,MS_Bodl_630
work_3896,work_790,Undirected,MS_Bodl_630
work_3896,work_820,Undirected,MS_Bodl_630
work_3896,work_455,Undirected,MS_Bodl_630
work_3896,work_5007,Undirected,MS_Bodl_630
work_3896,work_5755,Undirected,MS_Bodl_630
work_3896,work_4165,Undirected,MS_Bodl_630
work_3896,work_760,Undirected,MS_Bodl_630
work_3896,work_1648,Undirected,MS_Bodl_630
work_3896,work_3924,Undirected,MS_Bodl_630
work_3896,work_3837,Undirected,MS_Bodl_630
work_3896,work_820,Undirected,MS_Bodl_630
work_3896,work_543,Undirected,MS_Canon_Pat_Lat_225
work_3896,work_4075,Undirected,MS_Canon_Pat_Lat_225
work_3896,work_3881,Undirected,MS_Bodl_630
work_3896,work_3459,Undirected,MS_Bodl_630
work_3896,work_3450,Undirected,MS_Bodl_630
work_3896,work_3888,Undirected,MS_Bodl_630
work_3896,work_2125,Undirected,MS_Canon_Pat_Lat_225
work_3896,work_4075,Undirected,MS_Bodl_630
work_3896,work_1300,Undirected,MS_Canon_Pat_Lat_225
work_3896,work_4004,Undirected,MS_Bodl_630
work_3896,work_3909,Undirected,MS_Canon_Pat_Lat_225
work_3896,work_3983,Undirected,MS_Bodl_630
work_3896,work_2394,Undirected,MS_Canon_Pat_Lat_225
work_3896,work_3882,Undirected,MS_Bodl_630
work_3896,work_16290,Undirected,MS_Bodl_630
work_3896,work_2269,Undirected,MS_Canon_Pat_Lat_225
work_3896,work_758,Undirected,MS_Bodl_630
work_3896,work_3954,Undirected,MS_Bodl_630
work_3896,work_3912,Undirected,MS_Canon_Pat_Lat_225
work_390,work_1162,Undirected,St_Johns_College_MS_68
work_3902,work_12883,Undirected,MS_Lat_th_e_38
work_3902,work_3447,Undirected,MS_Lat_th_e_38
work_3902,work_820,Undirected,MS_Lat_th_e_38
work_3902,work_6569,Undirected,MS_Lat_th_e_38
work_3902,work_816,Undirected,MS_Lat_th_e_38
work_3902,work_4598,Undirected,MS_Lat_th_e_38
work_3902,work_820,Undirected,MS_Lat_th_e_38
work_3902,work_806,Undirected,MS_Lat_th_e_38
work_3903,work_463,Undirected,MS_Auct_T_2_23-part3
work_3903,work_14034,Undirected,MS_Auct_T_2_23-part3
work_3906,work_1876,Undirected,MS_Canon_Pat_Lat_23
work_3906,work_10428,Undirected,MS_Canon_Pat_Lat_84
work_3906,work_11846,Undirected,MS_Canon_Pat_Lat_84
work_3906,work_3459,Undirected,MS_Canon_Pat_Lat_84
work_3906,work_13262,Undirected,MS_Canon_Pat_Lat_4
work_3906,work_3909,Undirected,MS_Canon_Pat_Lat_4
work_3906,work_7406,Undirected,MS_Canon_Pat_Lat_4
work_3906,work_1075,Undirected,MS_Canon_Pat_Lat_4
work_3907,work_2154,Undirected,MS_Laud_Misc_375_fol1
work_3908,work_789,Undirected,MS_Lyell_73
work_3908,work_546,Undirected,MS_Canon_Ital_212
work_3908,work_893,Undirected,MS_Lyell_73
work_3908,work_2345,Undirected,MS_Canon_Ital_240-part1
work_3908,work_13950,Undirected,MS_Canon_Ital_240-part1
work_3908,work_13881,Undirected,MS_Canon_Ital_240-part1
work_3908,work_12888,Undirected,MS_Canon_Ital_240-part1
work_3909,work_3897,Undirected,Trinity_College_MS_89
work_3909,work_3876,Undirected,Trinity_College_MS_89
work_3909,work_815,Undirected,Trinity_College_MS_89
work_3909,work_3952,Undirected,Trinity_College_MS_89
work_3909,work_2125,Undirected,Trinity_College_MS_89
work_3909,work_3885,Undirected,MS_Canon_Pat_Lat_33
work_3909,work_1038,Undirected,MS_Canon_Pat_Lat_33
work_3909,work_3897,Undirected,MS_Canon_Pat_Lat_46
work_3909,work_3955,Undirected,MS_Canon_Pat_Lat_33
work_3909,work_547,Undirected,MS_Canon_Pat_Lat_11
work_3909,work_2115,Undirected,MS_Canon_Pat_Lat_33
work_3909,work_3962,Undirected,Trinity_College_MS_89
work_3909,work_3894,Undirected,MS_Canon_Pat_Lat_46
work_3909,work_3894,Undirected,MS_Canon_Pat_Lat_33
work_3909,work_544,Undirected,MS_Rawl_C_149
work_3909,work_13859,Undirected,MS_Rawl_C_149
work_3909,work_13957,Undirected,MS_Rawl_C_149
work_391,work_14583,Undirected,MS_Laud_Misc_41
work_391,work_3460,Undirected,MS_Canon_Misc_144
work_391,work_12885,Undirected,MS_Canon_Misc_144
work_391,work_14999,Undirected,MS_Canon_Misc_144
work_3915,work_824,Undirected,MS_Laud_Misc_523-part2
work_3919,work_1420,Undirected,MS_Digby_76-part2
work_3919,work_11176,Undirected,MS_Digby_76-part2
work_392,work_599,Undirected,MS_Canon_Misc_388
work_392,work_3846,Undirected,MS_Canon_Misc_388
work_392,work_691,Undirected,MS_Canon_Misc_388
work_392,work_15160,Undirected,MS_Canon_Misc_388
work_3926,work_4320,Undirected,MS_Canon_Misc_140
work_3926,work_4318,Undirected,MS_Canon_Misc_140
work_3926,work_409,Undirected,MS_Bodl_57-partI
work_3926,work_4319,Undirected,MS_Canon_Misc_140
work_3929,work_3936,Undirected,MS_Canon_Ital_82
work_393,work_1535,Undirected,MS_Selden_Supra_34
work_393,work_1536,Undirected,MS_Selden_Supra_34
work_3930,work_14583,Undirected,MS_Ashmole_1503-part7
work_3931,work_3931,Undirected,MS_Laud_Misc_170
work_3931,work_3894,Undirected,MS_Laud_Misc_170
work_3931,work_15441,Undirected,MS_Lat_th_e_35
work_3931,work_15445,Undirected,MS_Lat_th_e_35
work_3931,work_5612,Undirected,MS_Lat_th_e_35
work_3931,work_3875,Undirected,MS_Lat_th_e_35
work_3931,work_15185,Undirected,MS_Lat_th_e_35
work_3931,work_11188,Undirected,MS_Lat_th_e_35
work_3931,work_12991,Undirected,MS_Lat_th_e_35
work_3931,work_1917,Undirected,MS_Laud_Misc_170
work_3931,work_11227,Undirected,MS_Lat_th_e_35
work_3934,work_707,Undirected,MS_Lawn_medieval_8
work_3934,work_3814,Undirected,MS_Lawn_medieval_8
work_3934,work_13821,Undirected,MS_Lawn_medieval_8
work_3934,work_3811,Undirected,MS_Lawn_medieval_8
work_3934,work_1160,Undirected,MS_Lawn_medieval_8
work_3935,work_15301,Undirected,MS_Laud_Misc_517
work_394,work_3780,Undirected,MS_Auct_T_3_18
work_3944,work_14583,Undirected,Trinity_College_MS_71
work_3944,work_14363,Undirected,MS_Rawl_C_72
work_3944,work_3894,Undirected,MS_Rawl_C_72
work_3944,work_3930,Undirected,MS_Rawl_C_72
work_3944,work_3921,Undirected,MS_Rawl_C_72
work_3944,work_15484,Undirected,MS_Rawl_C_72
work_3944,work_1375,Undirected,MS_Rawl_C_72
work_3944,work_13265,Undirected,MS_Rawl_C_72
work_3944,work_1447,Undirected,MS_Rawl_C_72
work_3944,work_12023,Undirected,Trinity_College_MS_71
work_3944,work_3952,Undirected,MS_Rawl_C_72
work_3945,work_854,Undirected,MS_Auct_F_5_6
work_3945,work_3155,Undirected,MS_Auct_F_5_6
work_3945,work_2829,Undirected,MS_Auct_F_5_6
work_3945,work_3140,Undirected,MS_Auct_F_5_6
work_3945,work_4601,Undirected,MS_Auct_F_5_6
work_3945,work_1282,Undirected,MS_Auct_F_5_6
work_3945,work_314,Undirected,MS_Auct_F_5_6
work_3945,work_12052,Undirected,MS_Auct_F_5_6
work_3945,work_5042,Undirected,MS_Auct_F_5_6
work_3945,work_3426,Undirected,MS_Auct_F_5_6
work_3946,work_15272,Undirected,MS_Lawn_medieval_19
work_3946,work_15098,Undirected,MS_Lawn_medieval_19
work_3946,work_701,Undirected,MS_Lawn_medieval_19
work_3946,work_15069,Undirected,MS_Lawn_medieval_19
work_3946,work_14063,Undirected,MS_Lawn_medieval_19
work_3946,work_13884,Undirected,MS_Lawn_medieval_19
work_3946,work_4131,Undirected,MS_Lawn_medieval_19
work_3948,work_12505,Undirected,MS_Laud_Misc_203-part4
work_3948,work_12502,Undirected,MS_Laud_Misc_203-part4
work_3948,work_15437,Undirected,MS_Laud_Misc_203-part4
work_3948,work_15437,Undirected,MS_Laud_Misc_203-part4
work_3951,work_4048,Undirected,MS_Canon_Pat_Lat_82
work_3951,work_15308,Undirected,MS_Laud_Misc_512
work_3951,work_4028,Undirected,MS_Laud_Misc_512
work_3952,work_7202,Undirected,MS_Laud_Misc_493
work_3952,work_1290,Undirected,MS_Laud_Misc_493
work_3952,work_6671,Undirected,MS_Laud_Misc_493
work_3952,work_2357,Undirected,MS_Laud_Misc_493
work_3952,work_7627,Undirected,MS_Laud_Misc_493
work_3952,work_11760,Undirected,MS_Laud_Misc_493
work_3952,work_7428,Undirected,MS_Laud_Misc_493
work_3952,work_3837,Undirected,MS_Laud_Misc_493
work_3952,work_15266,Undirected,MS_Laud_Misc_493
work_3952,work_14348,Undirected,MS_Laud_Misc_493
work_3952,work_1374,Undirected,MS_Laud_Misc_493
work_3952,work_6488,Undirected,MS_Laud_Misc_493
work_3952,work_6837,Undirected,MS_Laud_Misc_493
work_3952,work_2426,Undirected,MS_Laud_Misc_493
work_3952,work_15124,Undirected,MS_Laud_Misc_493
work_3952,work_2426,Undirected,MS_Laud_Misc_493
work_3952,work_7626,Undirected,MS_Laud_Misc_493
work_3952,work_2121,Undirected,MS_Laud_Misc_493
work_3952,work_17520,Undirected,MS_Laud_Misc_493
work_3952,work_1869,Undirected,MS_Laud_Misc_493
work_3952,work_3954,Undirected,MS_Laud_Misc_493
work_3952,work_15437,Undirected,MS_Laud_Misc_493
work_3952,work_15132,Undirected,MS_Laud_Misc_493
work_3952,work_12263,Undirected,MS_Laud_Misc_493
work_3952,work_15135,Undirected,MS_Laud_Misc_493
work_3952,work_12231,Undirected,MS_Laud_Misc_493
work_3952,work_1374,Undirected,MS_Laud_Misc_493
work_3952,work_3949,Undirected,MS_Laud_Misc_493
work_3952,work_4574,Undirected,MS_e_Mus_214
work_3952,work_379,Undirected,MS_e_Mus_214
work_3952,work_2089,Undirected,MS_e_Mus_214
work_3952,work_1030,Undirected,Merton_College_MS_54
work_3952,work_1026,Undirected,Merton_College_MS_54
work_3952,work_1024,Undirected,Merton_College_MS_54
work_3952,work_1040,Undirected,Merton_College_MS_54
work_3952,work_1049,Undirected,Merton_College_MS_54
work_3954,work_1054,Undirected,MS_Canon_Misc_90
work_3954,work_13730,Undirected,MS_Canon_Misc_90
work_3954,work_3952,Undirected,MS_Canon_Misc_90
work_3954,work_1032,Undirected,MS_Canon_Misc_90
work_3954,work_14583,Undirected,MS_Canon_Misc_90
work_3954,work_14064,Undirected,MS_Canon_Misc_90
work_3957,work_1420,Undirected,MS_Auct_F_5_28-part2
work_3957,work_5671,Undirected,MS_Auct_F_5_28-part2
work_3957,work_5672,Undirected,MS_Auct_F_5_28-part2
work_3957,work_5063,Undirected,MS_Auct_F_5_28-part2
work_3957,work_1130,Undirected,MS_Auct_F_5_28-part2
work_3957,work_3880,Undirected,MS_Auct_F_5_28-part2
work_3957,work_849,Undirected,MS_Auct_F_5_28-part2
work_3957,work_3305,Undirected,MS_Auct_F_5_28-part2
work_3957,work_4248,Undirected,MS_Auct_F_5_28-part2
work_3957,work_5673,Undirected,MS_Auct_F_5_28-part2
work_3959,work_4846,Undirected,Merton_College_MS_68
work_3959,work_3571,Undirected,Merton_College_MS_68
work_3959,work_17101,Undirected,Merton_College_MS_68
work_3959,work_7087,Undirected,Merton_College_MS_68
work_3959,work_12374,Undirected,Merton_College_MS_68
work_3959,work_3050,Undirected,Merton_College_MS_68
work_3959,work_13982,Undirected,Merton_College_MS_68
work_3959,work_4286,Undirected,Merton_College_MS_68
work_3959,work_1757,Undirected,Merton_College_MS_68
work_3959,work_4295,Undirected,Merton_College_MS_68
work_3959,work_2860,Undirected,Merton_College_MS_68
work_3959,work_5953,Undirected,Merton_College_MS_68
work_3959,work_2804,Undirected,Merton_College_MS_68
work_3959,work_7361,Undirected,Merton_College_MS_68
work_3959,work_7362,Undirected,Merton_College_MS_68
work_3959,work_5952,Undirected,Merton_College_MS_68
work_3959,work_2803,Undirected,Merton_College_MS_68
work_3959,work_5955,Undirected,Merton_College_MS_68
work_3959,work_2805,Undirected,Merton_College_MS_68
work_3959,work_16197,Undirected,Merton_College_MS_68
work_3959,work_7036,Undirected,Merton_College_MS_68
work_3959,work_5954,Undirected,Merton_College_MS_68
work_396,work_11076,Undirected,MS_Holkham_misc_19
work_396,work_4010,Undirected,MS_Holkham_misc_19
work_396,work_1878,Undirected,MS_Holkham_misc_19
work_396,work_10731,Undirected,MS_Holkham_misc_19
work_396,work_2406,Undirected,MS_Holkham_misc_19
work_3961,work_11244,Undirected,MS_Bodl_789
work_3961,work_11370,Undirected,MS_Bodl_789
work_3961,work_11295,Undirected,MS_Bodl_789
work_3961,work_1973,Undirected,MS_Bodl_789
work_3961,work_11244,Undirected,MS_Bodl_789
work_3961,work_17163,Undirected,MS_Bodl_789
work_3961,work_3949,Undirected,MS_Bodl_789
work_3961,work_12524,Undirected,MS_Bodl_789
work_3961,work_3944,Undirected,MS_Bodl_789
work_3961,work_11170,Undirected,MS_Bodl_789
work_3962,work_3260,Undirected,MS_Bodl_16
work_3962,work_13060,Undirected,MS_Bodl_110-part2
work_3962,work_4288,Undirected,MS_Bodl_16
work_3962,work_16033,Undirected,MS_Bodl_16
work_3962,work_4286,Undirected,MS_Bodl_16
work_3962,work_3952,Undirected,MS_Bodl_16
work_3962,work_2269,Undirected,MS_Bodl_110-part2
work_3962,work_4281,Undirected,MS_Bodl_16
work_3962,work_3944,Undirected,MS_Bodl_16
work_3962,work_1447,Undirected,MS_Bodl_110-part2
work_3962,work_2426,Undirected,MS_Bodl_16
work_3962,work_14683,Undirected,MS_Bodl_110-part2
work_3962,work_11408,Undirected,MS_Bodl_110-part2
work_3962,work_3996,Undirected,MS_Bodl_110-part2
work_3962,work_13124,Undirected,MS_Bodl_110-part2
work_3962,work_4287,Undirected,MS_Bodl_110-part2
work_3962,work_4966,Undirected,MS_Bodl_110-part2
work_3962,work_14544,Undirected,MS_Bodl_110-part2
work_3965,work_14409,Undirected,MS_Canon_Misc_257
work_3965,work_14611,Undirected,MS_Bodl_162
work_3965,work_1136,Undirected,MS_Bodl_162
work_3969,work_3939,Undirected,MS_Holkham_misc_45
work_3969,work_13260,Undirected,MS_Holkham_misc_45
work_3969,work_10421,Undirected,MS_Holkham_misc_45
work_3972,work_4065,Undirected,MS_Canon_Gr_61
work_3976,work_1125,Undirected,MS_Canon_Class_Lat_228
work_3976,work_1244,Undirected,MS_Canon_Class_Lat_204
work_3976,work_2925,Undirected,MS_Laud_Lat_61
work_3977,work_1271,Undirected,MS_Canon_Class_Lat_196
work_3977,work_3819,Undirected,MS_Canon_Class_Lat_196
work_3977,work_1263,Undirected,MS_Canon_Class_Lat_196
work_3977,work_2711,Undirected,MS_Bodl_587-part2
work_3983,work_4048,Undirected,MS_Canon_Pat_Lat_45
work_3983,work_2167,Undirected,MS_Canon_Pat_Lat_45
work_3983,work_2125,Undirected,MS_Canon_Pat_Lat_45
work_3983,work_11760,Undirected,MS_Canon_Pat_Lat_45
work_3992,work_3991,Undirected,MS_Barocci_65
work_3992,work_4781,Undirected,MS_Barocci_65
work_3993,work_2816,Undirected,MS_Ashmole_1526
work_3993,work_2817,Undirected,MS_Ashmole_1526
work_3993,work_15308,Undirected,MS_Ashmole_1526
work_3995,work_2594,Undirected,MS_Canon_Misc_258
work_3995,work_14357,Undirected,MS_Canon_Misc_258
work_3995,work_11562,Undirected,MS_Canon_Misc_258
work_3995,work_410,Undirected,MS_Canon_Misc_258
work_3995,work_4608,Undirected,MS_Canon_Misc_258
work_3995,work_12151,Undirected,MS_Canon_Misc_258
work_3998,work_15001,Undirected,MS_Laud_Misc_482
work_3998,work_3997,Undirected,MS_Laud_Misc_482
work_3998,work_13593,Undirected,MS_Laud_Misc_482
work_3999,work_874,Undirected,MS_Canon_Pat_Lat_211
work_4003,work_3982,Undirected,MS_Rawl_C_38
work_4003,work_3887,Undirected,MS_Rawl_C_38
work_4004,work_3888,Undirected,MS_Canon_Pat_Lat_56
work_4004,work_13316,Undirected,MS_Canon_Pat_Lat_70
work_4004,work_3983,Undirected,MS_Canon_Pat_Lat_56
work_4004,work_3983,Undirected,MS_Canon_Pat_Lat_70
work_4004,work_3983,Undirected,MS_Add_C_109
work_4004,work_3888,Undirected,MS_Add_C_109
work_4004,work_3888,Undirected,MS_Canon_Misc_154
work_4004,work_3888,Undirected,MS_Canon_Pat_Lat_70
work_4004,work_3983,Undirected,MS_Canon_Misc_154
work_4006,work_12870,Undirected,MS_Digby_39-part3
work_4007,work_15200,Undirected,MS_Bodl_767
work_4007,work_6146,Undirected,MS_Bodl_655
work_4007,work_14973,Undirected,MS_Bodl_655
work_4007,work_1986,Undirected,MS_Bodl_655
work_4007,work_1153,Undirected,MS_Bodl_655
work_4007,work_1803,Undirected,MS_Bodl_655
work_4008,work_10154,Undirected,MS_Ashmole_1384
work_4009,work_3352,Undirected,MS_Canon_Gr_56
work_4009,work_11845,Undirected,MS_Canon_Gr_56
work_4009,work_718,Undirected,MS_Canon_Gr_56
work_4009,work_3226,Undirected,MS_Canon_Gr_56
work_401,work_3363,Undirected,MS_Bodl_550
work_401,work_309,Undirected,MS_Bodl_550
work_401,work_11288,Undirected,MS_Bodl_550
work_401,work_15091,Undirected,MS_Bodl_550
work_4015,work_411,Undirected,MS_Bodl_507
work_4015,work_409,Undirected,MS_Bodl_507
work_4015,work_14992,Undirected,MS_Bodl_507
work_4015,work_11334,Undirected,MS_Bodl_507
work_4015,work_14992,Undirected,MS_Bodl_507
work_402,work_231,Undirected,MS_Rawl_G_99-part4
work_402,work_2560,Undirected,MS_Rawl_G_99-part4
work_4021,work_13896,Undirected,MS_Barocci_64
work_4021,work_11559,Undirected,MS_Barocci_64
work_4022,work_1205,Undirected,MS_Rawl_A_402
work_4022,work_3042,Undirected,MS_Rawl_A_402
work_4023,work_4075,Undirected,MS_Rawl_C_61
work_4023,work_3954,Undirected,MS_Rawl_C_61
work_4023,work_15240,Undirected,MS_Rawl_C_61
work_4024,work_12374,Undirected,Merton_College_MS_190
work_4026,work_1054,Undirected,Merton_College_MS_180-part5
work_4026,work_1054,Undirected,Merton_College_MS_180-part5
work_4026,work_1054,Undirected,Merton_College_MS_180-part5
work_4027,work_1022,Undirected,MS_Laud_Misc_232
work_4027,work_1026,Undirected,MS_Laud_Misc_232
work_4027,work_16512,Undirected,MS_Laud_Misc_232
work_4027,work_2152,Undirected,MS_Laud_Misc_232
work_4027,work_2147,Undirected,MS_Laud_Misc_232
work_4027,work_2151,Undirected,MS_Laud_Misc_232
work_4027,work_1037,Undirected,MS_Laud_Misc_232
work_4031,work_10747,Undirected,MS_Hatton_6
work_4031,work_6155,Undirected,MS_Hatton_6
work_4032,work_867,Undirected,MS_Bodl_633-part4
work_4036,work_2421,Undirected,MS_Laud_Misc_481
work_4036,work_684,Undirected,MS_Laud_Misc_481
work_4040,work_5036,Undirected,Merton_College_MS_13-part3
work_4040,work_3803,Undirected,Merton_College_MS_13-part3
work_4040,work_11726,Undirected,Merton_College_MS_13-part3
work_4040,work_4073,Undirected,Merton_College_MS_13-part3
work_4040,work_4164,Undirected,Merton_College_MS_13-part3
work_4040,work_489,Undirected,Merton_College_MS_13-part3
work_4040,work_5774,Undirected,Merton_College_MS_13-part3
work_4040,work_1075,Undirected,Merton_College_MS_13-part3
work_4040,work_3983,Undirected,Merton_College_MS_13-part3
work_4040,work_3888,Undirected,Merton_College_MS_13-part3
work_4040,work_3886,Undirected,Merton_College_MS_13-part3
work_4040,work_16173,Undirected,Merton_College_MS_13-part3
work_4040,work_17099,Undirected,Merton_College_MS_13-part3
work_4040,work_2154,Undirected,Merton_College_MS_13-part3
work_4040,work_16174,Undirected,Merton_College_MS_13-part3
work_4040,work_12089,Undirected,Merton_College_MS_13-part3
work_4040,work_16172,Undirected,Merton_College_MS_13-part3
work_4040,work_16172,Undirected,Merton_College_MS_13-part3
work_4040,work_5915 work_5916,Undirected,Merton_College_MS_13-part3
work_4040,work_2147,Undirected,Merton_College_MS_13-part3
work_4040,work_2121,Undirected,Merton_College_MS_13-part3
work_4040,work_2125,Undirected,Merton_College_MS_13-part3
work_4040,work_5917,Undirected,Merton_College_MS_13-part3
work_4040,work_536,Undirected,Merton_College_MS_13-part3
work_4040,work_5917,Undirected,Merton_College_MS_13-part3
work_4040,work_5917,Undirected,Merton_College_MS_13-part3
work_4040,work_2131,Undirected,Merton_College_MS_13-part3
work_4040,work_5918,Undirected,Merton_College_MS_13-part3
work_4040,work_5917,Undirected,Merton_College_MS_13-part3
work_4040,work_5919,Undirected,Merton_College_MS_13-part3
work_4040,work_2150,Undirected,Merton_College_MS_13-part3
work_4040,work_5920,Undirected,Merton_College_MS_13-part3
work_4040,work_5921,Undirected,Merton_College_MS_13-part3
work_4040,work_2089,Undirected,Merton_College_MS_13-part3
work_4040,work_2144,Undirected,Merton_College_MS_13-part3
work_4040,work_2149,Undirected,Merton_College_MS_13-part3
work_4040,work_16172,Undirected,Merton_College_MS_13-part3
work_4040,work_2378,Undirected,Merton_College_MS_13-part3
work_4048,work_6632,Undirected,MS_Lyell_60
work_4048,work_2105,Undirected,MS_Lyell_60
work_4048,work_1982,Undirected,MS_Lyell_60
work_4048,work_1148,Undirected,MS_Lyell_60
work_4048,work_4794,Undirected,MS_Lyell_60
work_4048,work_6633,Undirected,MS_Lyell_60
work_4048,work_6634,Undirected,MS_Lyell_60
work_4048,work_6631,Undirected,MS_Lyell_60
work_4048,work_6630,Undirected,MS_Lyell_60
work_4048,work_16422,Undirected,MS_Lyell_60
work_4048,work_4066,Undirected,MS_Lyell_60
work_4048,work_4594,Undirected,MS_Lyell_60
work_4048,work_14299,Undirected,MS_Lyell_60
work_4052,work_4689,Undirected,MS_Canon_Gr_3
work_4052,work_12302,Undirected,MS_Barocci_21-part1
work_4052,work_10292,Undirected,MS_Canon_Gr_3
work_4056,work_2330,Undirected,St_Johns_College_MS_202-part2
work_4056,work_7367,Undirected,Exeter_College_MS_6
work_4056,work_1871,Undirected,Merton_College_MS_10-part3
work_4056,work_2330,Undirected,St_Johns_College_MS_202-part2
work_4056,work_2330,Undirected,St_Johns_College_MS_202-part2
work_4056,work_2330,Undirected,St_Johns_College_MS_202-part2
work_4056,work_2330,Undirected,St_Johns_College_MS_202-part2
work_4056,work_7367,Undirected,Exeter_College_MS_6
work_4056,work_2330,Undirected,St_Johns_College_MS_202-part2
work_4056,work_2330,Undirected,St_Johns_College_MS_202-part2
work_4056,work_2330,Undirected,St_Johns_College_MS_202-part2
work_4056,work_2330,Undirected,St_Johns_College_MS_202-part2
work_4056,work_243,Undirected,St_Johns_College_MS_202-part2
work_4056,work_780,Undirected,MS_Laud_Misc_444
work_4056,work_2330,Undirected,St_Johns_College_MS_202-part2
work_4056,work_2330,Undirected,St_Johns_College_MS_202-part2
work_4056,work_2330,Undirected,Exeter_College_MS_6
work_4056,work_2330,Undirected,St_Johns_College_MS_202-part2
work_4056,work_2330,Undirected,St_Johns_College_MS_202-part2
work_4056,work_2330,Undirected,St_Johns_College_MS_202-part2
work_4056,work_2330,Undirected,St_Johns_College_MS_202-part2
work_4056,work_2330,Undirected,St_Johns_College_MS_202-part2
work_4056,work_2330,Undirected,St_Johns_College_MS_202-part2
work_4056,work_2330,Undirected,St_Johns_College_MS_202-part2
work_4056,work_2330,Undirected,St_Johns_College_MS_202-part2
work_4056,work_2330,Undirected,St_Johns_College_MS_202-part2
work_4056,work_2330,Undirected,St_Johns_College_MS_202-part2
work_4056,work_3110,Undirected,St_Johns_College_MS_202-part2
work_4056,work_2330,Undirected,St_Johns_College_MS_202-part2
work_4056,work_2651,Undirected,Exeter_College_MS_6
work_4056,work_2330,Undirected,St_Johns_College_MS_202-part2
work_4056,work_12374,Undirected,Exeter_College_MS_6
work_4056,work_2330,Undirected,St_Johns_College_MS_202-part2
work_4056,work_2330,Undirected,St_Johns_College_MS_202-part2
work_4056,work_2330,Undirected,St_Johns_College_MS_202-part2
work_4056,work_3952,Undirected,St_Johns_College_MS_202-part2
work_4056,work_2330,Undirected,St_Johns_College_MS_202-part2
work_4056,work_2330,Undirected,St_Johns_College_MS_202-part2
work_4056,work_2670,Undirected,MS_Rawl_C_414
work_4056,work_489,Undirected,St_Johns_College_MS_202-part2
work_4056,work_2330,Undirected,St_Johns_College_MS_202-part2
work_4056,work_13730,Undirected,MS_Laud_Misc_444
work_4056,work_10829,Undirected,MS_Laud_Misc_444
work_4056,work_2330,Undirected,St_Johns_College_MS_202-part2
work_4056,work_1185,Undirected,MS_Laud_Misc_444
work_4056,work_3952,Undirected,MS_Laud_Misc_444
work_4056,work_2330,Undirected,St_Johns_College_MS_202-part2
work_4056,work_747,Undirected,MS_Laud_Misc_444
work_4056,work_1986,Undirected,MS_Bodl_784
work_4056,work_5087,Undirected,MS_Bodl_784
work_4056,work_10203,Undirected,MS_Bodl_784
work_4056,work_11343,Undirected,MS_Bodl_784
work_4056,work_3886,Undirected,MS_Laud_Misc_444
work_4057,work_1648,Undirected,Merton_College_MS_16-part1
work_4057,work_2144,Undirected,Merton_College_MS_16-part1
work_4057,work_4056,Undirected,Merton_College_MS_16-part1
work_4057,work_2633,Undirected,Merton_College_MS_16-part1
work_4057,work_5922,Undirected,Merton_College_MS_16-part1
work_4057,work_1871,Undirected,Merton_College_MS_16-part1
work_4057,work_4286,Undirected,Merton_College_MS_16-part1
work_4057,work_5774,Undirected,Merton_College_MS_16-part1
work_4057,work_2648,Undirected,Merton_College_MS_16-part1
work_4057,work_3932,Undirected,Merton_College_MS_16-part1
work_4057,work_527,Undirected,Merton_College_MS_16-part1
work_4057,work_2653,Undirected,Merton_College_MS_16-part1
work_4057,work_2670,Undirected,Merton_College_MS_16-part1
work_4057,work_805,Undirected,Merton_College_MS_16-part1
work_4057,work_5830,Undirected,Merton_College_MS_16-part1
work_4057,work_1588,Undirected,Merton_College_MS_16-part1
work_4057,work_2591,Undirected,Merton_College_MS_16-part1
work_4057,work_5923,Undirected,Merton_College_MS_16-part1
work_4057,work_1862,Undirected,Merton_College_MS_16-part1
work_4057,work_5924,Undirected,Merton_College_MS_16-part1
work_4058,work_1555,Undirected,MS_Digby_54
work_4063,work_4064,Undirected,MS_Digby_61-part1
work_4067,work_1917,Undirected,MS_Digby_33-part3
work_4067,work_14561,Undirected,MS_Digby_33-part3
work_4070,work_718,Undirected,MS_Auct_F_4_7
work_4070,work_278,Undirected,MS_Auct_F_4_7
work_4070,work_15303,Undirected,MS_Auct_F_4_7
work_4070,work_2473,Undirected,MS_Auct_F_4_7
work_4084,work_5773,Undirected,Merton_College_MS_43-part1
work_4084,work_3874,Undirected,Merton_College_MS_43-part1
work_4084,work_489,Undirected,Merton_College_MS_43-part1
work_4084,work_2154,Undirected,Merton_College_MS_43-part1
work_4084,work_5774,Undirected,Merton_College_MS_43-part1
work_4084,work_3050,Undirected,Merton_College_MS_43-part1
work_4086,work_12823,Undirected,MS_Laud_Gr_10
work_4086,work_4710,Undirected,MS_Laud_Gr_10
work_4086,work_278,Undirected,MS_Laud_Gr_10
work_4086,work_3034,Undirected,MS_Selden_Supra_16
work_4086,work_620,Undirected,MS_Selden_Supra_16
work_4086,work_3249,Undirected,MS_Laud_Gr_10
work_4086,work_4655,Undirected,MS_Laud_Gr_10
work_4086,work_2040,Undirected,MS_Laud_Gr_10
work_4087,work_3971,Undirected,MS_Canon_Class_Lat_155
work_4087,work_11714,Undirected,MS_Digby_130
work_4087,work_3592,Undirected,MS_Digby_130
work_4087,work_4125,Undirected,MS_Canon_Class_Lat_171
work_4087,work_3851,Undirected,MS_Digby_130
work_4087,work_5114,Undirected,MS_Canon_Class_Lat_155
work_4087,work_917,Undirected,MS_Canon_Class_Lat_155
work_4087,work_3987,Undirected,MS_Digby_130
work_409,work_15034,Undirected,MS_Ashmole_1522
work_409,work_4417,Undirected,MS_Ashmole_1522
work_409,work_3174,Undirected,MS_Ashmole_1522
work_409,work_3174,Undirected,MS_Ashmole_1522
work_409,work_2592,Undirected,MS_Ashmole_1522
work_409,work_14358,Undirected,MS_Rawl_A_384
work_409,work_2591,Undirected,MS_Ashmole_1522
work_409,work_13232,Undirected,MS_Fairfax_27-part3
work_409,work_629,Undirected,MS_Lawn_medieval_22
work_409,work_195,Undirected,MS_Lawn_medieval_22
work_409,work_14971,Undirected,MS_Fairfax_27-part3
work_409,work_3510,Undirected,MS_Rawl_A_384
work_409,work_15343,Undirected,MS_Ashmole_1522
work_409,work_13493,Undirected,MS_Lawn_medieval_22
work_409,work_3619,Undirected,MS_Ashmole_1522
work_409,work_2590,Undirected,MS_Ashmole_1522
work_409,work_411,Undirected,MS_Fairfax_27-part3
work_409,work_13232,Undirected,MS_Lawn_medieval_22
work_409,work_4673,Undirected,MS_Ashmole_1522
work_409,work_4671,Undirected,MS_Ashmole_1522
work_409,work_2592,Undirected,MS_Fairfax_27-part3
work_409,work_14692,Undirected,MS_Fairfax_27-part3
work_409,work_1711,Undirected,MS_Fairfax_27-part3
work_409,work_14170,Undirected,MS_Fairfax_27-part3
work_409,work_6336,Undirected,MS_Ashmole_1522
work_409,work_13156,Undirected,MS_Digby_22
work_409,work_15243,Undirected,MS_Digby_22
work_409,work_411,Undirected,MS_Digby_22
work_409,work_4343,Undirected,MS_Rawl_A_384
work_409,work_10718,Undirected,MS_Digby_22
work_409,work_4387,Undirected,MS_Rawl_A_384
work_409,work_411,Undirected,MS_Ashmole_1522
work_409,work_10409,Undirected,MS_Fairfax_27-part3
work_409,work_3599,Undirected,MS_Ashmole_1522
work_409,work_2485,Undirected,MS_Rawl_A_384
work_409,work_17514,Undirected,MS_Ashmole_1522
work_409,work_6836,Undirected,MS_Ashmole_1522
work_409,work_2753,Undirected,MS_Ashmole_1522
work_409,work_220,Undirected,MS_Ashmole_1522
work_409,work_6835,Undirected,MS_Ashmole_1522
work_409,work_6337,Undirected,MS_Ashmole_1522
work_4096,work_373,Undirected,MS_Bodl_472
work_4096,work_2573,Undirected,MS_Bodl_472
work_4096,work_7463,Undirected,MS_Bodl_472
work_4096,work_7462,Undirected,MS_Bodl_472
work_4096,work_15150,Undirected,MS_Bodl_472
work_4096,work_7460,Undirected,MS_Bodl_472
work_4096,work_3179,Undirected,MS_Bodl_472
work_4096,work_2480,Undirected,MS_Bodl_472
work_4096,work_4417,Undirected,MS_Bodl_472
work_4096,work_7461,Undirected,MS_Bodl_472
work_4096,work_183,Undirected,MS_Bodl_472
work_4096,work_10409,Undirected,MS_Bodl_472
work_4096,work_2592,Undirected,MS_Bodl_472
work_4096,work_211,Undirected,MS_Bodl_472
work_4096,work_358,Undirected,MS_Bodl_472
work_4096,work_7460,Undirected,MS_Bodl_472
work_4096,work_1711,Undirected,MS_Bodl_472
work_4096,work_7464,Undirected,MS_Bodl_472
work_4099,work_15194,Undirected,MS_Ashmole_1444-part1
work_4099,work_15066,Undirected,MS_Ashmole_1444-part1
work_4099,work_2808,Undirected,MS_Ashmole_1444-part1
work_4099,work_13203,Undirected,MS_Ashmole_1444-part1
work_4099,work_12206,Undirected,MS_Ashmole_1444-part1
work_4099,work_14021,Undirected,MS_Ashmole_1444-part1
work_4099,work_12208,Undirected,MS_Ashmole_1444-part1
work_410,work_16270,Undirected,MS_Hamilton_8-lower-pastedown-fragmentB
work_410,work_16270,Undirected,MS_Canon_Class_Lat_42-part2
work_4102,work_4101,Undirected,MS_Bodl_645
work_4105,work_2089,Undirected,MS_Laud_Misc_206
work_4105,work_3996,Undirected,MS_Laud_Misc_206
work_4105,work_15308,Undirected,MS_Laud_Misc_206
work_4105,work_14798,Undirected,MS_Laud_Misc_206
work_411,work_14555,Undirected,MS_Lat_th_e_15
work_411,work_10172,Undirected,MS_Lat_th_e_15
work_411,work_14968,Undirected,MS_Lat_th_e_15
work_411,work_14369,Undirected,MS_Ashmole_360-part8
work_411,work_2191,Undirected,MS_Ashmole_360-part8
work_411,work_10277,Undirected,MS_Digby_104-part3
work_411,work_2592,Undirected,MS_Ashmole_360-part8
work_411,work_10173,Undirected,MS_Lat_th_e_15
work_411,work_14583,Undirected,MS_Lat_th_e_15
work_411,work_3533,Undirected,MS_Lat_th_e_15
work_411,work_15267,Undirected,MS_Ashmole_360-part8
work_411,work_10170,Undirected,MS_Lat_th_e_15
work_411,work_409,Undirected,MS_Digby_104-part3
work_411,work_10171,Undirected,MS_Lat_th_e_15
work_4117,work_3110,Undirected,MS_Canon_Class_Lat_312
work_4118,work_4120,Undirected,MS_DOrville_143
work_4118,work_4379,Undirected,MS_Digby_204-part1
work_4118,work_4497,Undirected,MS_Digby_204-part1
work_4118,work_2903,Undirected,MS_DOrville_143
work_4118,work_3110,Undirected,MS_DOrville_143
work_4118,work_6557,Undirected,MS_DOrville_143
work_4118,work_4117,Undirected,MS_DOrville_143
work_4118,work_4120,Undirected,MS_Digby_204-part1
work_4120,work_7355,Undirected,MS_Laud_Lat_46-partC
work_4120,work_4501,Undirected,MS_Laud_Lat_46-partC
work_4120,work_5832,Undirected,MS_Laud_Lat_46-partC
work_4120,work_4501,Undirected,MS_Laud_Lat_46-partC
work_4120,work_3110,Undirected,MS_Laud_Lat_46-partC
work_4120,work_7022,Undirected,MS_Laud_Lat_46-partC
work_4121,work_4501,Undirected,MS_Rawl_G_29
work_4121,work_3110,Undirected,Merton_College_MS_297
work_4121,work_4496,Undirected,Merton_College_MS_297
work_4121,work_2905,Undirected,Merton_College_MS_297
work_4121,work_1246,Undirected,Merton_College_MS_297
work_4121,work_4499,Undirected,Merton_College_MS_297
work_4121,work_2903,Undirected,Merton_College_MS_297
work_4121,work_4118,Undirected,Merton_College_MS_297
work_4121,work_4120,Undirected,Merton_College_MS_297
work_4121,work_2904,Undirected,Merton_College_MS_297
work_4121,work_4123,Undirected,Merton_College_MS_297
work_4121,work_5222,Undirected,Merton_College_MS_297
work_4121,work_4499,Undirected,Merton_College_MS_297
work_4121,work_4499,Undirected,Merton_College_MS_297
work_4121,work_4497,Undirected,MS_Rawl_G_29
work_4121,work_4501,Undirected,MS_Canon_Class_Lat_284
work_4121,work_4496,Undirected,MS_Bodl_292-part2
work_4121,work_4497,Undirected,MS_Canon_Class_Lat_181
work_4121,work_11284,Undirected,MS_Bodl_292-part2
work_4121,work_4501,Undirected,MS_Canon_Class_Lat_181
work_4121,work_4501,Undirected,Merton_College_MS_297
work_4121,work_4499,Undirected,Merton_College_MS_297
work_4121,work_1250,Undirected,Merton_College_MS_297
work_4121,work_4123,Undirected,MS_Rawl_G_29
work_4121,work_1246,Undirected,MS_Rawl_G_29
work_4121,work_4499,Undirected,Merton_College_MS_297
work_4121,work_4497,Undirected,Merton_College_MS_297
work_4121,work_1263,Undirected,Merton_College_MS_297
work_4125,work_1002,Undirected,MS_Laud_Lat_66-part1
work_4126,work_15283,Undirected,MS_Laud_Misc_80-part4
work_4126,work_14583,Undirected,MS_Laud_Misc_80-part4
work_4126,work_15283,Undirected,MS_Laud_Misc_80-part4
work_4140,work_3909,Undirected,MS_Lat_misc_e_91
work_4140,work_13209,Undirected,MS_Lat_misc_e_91
work_4140,work_13932,Undirected,MS_Lat_misc_e_91
work_4143,work_13624,Undirected,MS_Barocci_17
work_4152,work_1957,Undirected,MS_Bodl_597-part1
work_4152,work_4096,Undirected,MS_Bodl_597-part1
work_4152,work_4152,Undirected,MS_Digby_179
work_4152,work_4152,Undirected,MS_Digby_179
work_4152,work_5489,Undirected,MS_Bodl_597-part1
work_4157,work_3681,Undirected,MS_Digby_129
work_4157,work_1751,Undirected,MS_Digby_129
work_4157,work_14682,Undirected,MS_Rawl_C_235
work_4157,work_13849,Undirected,MS_Digby_129
work_4157,work_1748,Undirected,MS_Digby_129
work_4157,work_3072,Undirected,MS_Digby_129
work_4158,work_4455,Undirected,MS_Bodl_496-part1
work_4158,work_4979,Undirected,MS_Bodl_496-part1
work_4158,work_12334,Undirected,MS_Bodl_496-part1
work_4158,work_2768,Undirected,MS_Bodl_496-part1
work_4158,work_13886,Undirected,MS_Bodl_496-part1
work_4158,work_3349,Undirected,MS_Bodl_496-part1
work_4158,work_10241,Undirected,MS_Bodl_496-part1
work_416,work_6589,Undirected,MS_Bodl_40
work_416,work_6588,Undirected,MS_Bodl_40
work_416,work_6587,Undirected,MS_Bodl_40
work_4161,work_13886,Undirected,MS_Canon_Class_Lat_125
work_4165,work_762,Undirected,St_Johns_College_MS_235_fragment_63
work_4167,work_14946,Undirected,MS_Laud_Misc_527-part5
work_4167,work_11760,Undirected,MS_Laud_Misc_527-part5
work_4167,work_14583,Undirected,MS_Laud_Misc_527-part5
work_4167,work_534,Undirected,MS_Laud_Misc_527-part5
work_4167,work_14583,Undirected,MS_Laud_Misc_527-part5
work_4167,work_2294,Undirected,MS_Laud_Misc_527-part5
work_4167,work_10448,Undirected,MS_Laud_Misc_527-part5
work_4167,work_1376,Undirected,MS_Laud_Misc_527-part5
work_4167,work_1026,Undirected,MS_Laud_Misc_527-part5
work_417,work_3957,Undirected,MS_Digby_92-part3
work_4172,work_5761,Undirected,Merton_College_MS_18-part3
work_4172,work_16032,Undirected,MS_Laud_Misc_297
work_4175,work_16410,Undirected,MS_Canon_Misc_353
work_4177,work_2085,Undirected,Trinity_College_MS_64-part1
work_4184,work_12584,Undirected,MS_Rawl_C_332
work_4184,work_12578,Undirected,MS_Rawl_C_332
work_4184,work_15568,Undirected,MS_Rawl_C_332
work_4192,work_13957,Undirected,MS_Laud_Misc_363
work_4192,work_4190,Undirected,MS_Laud_Misc_363
work_4192,work_2408,Undirected,MS_Laud_Misc_363
work_4192,work_4189,Undirected,MS_Laud_Misc_363
work_4192,work_4271,Undirected,MS_Laud_Misc_363
work_4192,work_15308,Undirected,MS_Laud_Misc_363
work_4192,work_3071,Undirected,MS_Laud_Misc_363
work_4192,work_4191,Undirected,MS_Laud_Misc_363
work_4197,work_4203,Undirected,MS_Canon_Misc_123
work_4197,work_4201,Undirected,MS_Canon_Misc_123
work_42,work_2027,Undirected,MS_Holkham_Gr_106
work_42,work_1643,Undirected,MS_Holkham_Gr_106
work_42,work_6093,Undirected,MS_Holkham_Gr_106
work_42,work_3033,Undirected,MS_Holkham_Gr_106
work_4205,work_4199,Undirected,MS_Canon_Misc_141
work_4205,work_4208,Undirected,MS_Canon_Misc_141
work_4206,work_4204,Undirected,MS_Canon_Misc_365-part1
work_4207,work_10347,Undirected,MS_Canon_Pat_Lat_195
work_421,work_11107,Undirected,MS_Barocci_221
work_4212,work_1227,Undirected,MS_Rawl_C_86-part2
work_4212,work_1227,Undirected,MS_Rawl_C_86-part2
work_4212,work_13203,Undirected,MS_Rawl_C_86-part2
work_4212,work_13203,Undirected,MS_Rawl_C_86-part2
work_4212,work_1227,Undirected,MS_Rawl_C_86-part2
work_4212,work_2728,Undirected,MS_Rawl_C_86-part2
work_4212,work_2728,Undirected,MS_Rawl_C_86-part2
work_4212,work_6595,Undirected,MS_Rawl_C_86-part2
work_4212,work_2728,Undirected,MS_Rawl_C_86-part2
work_4212,work_2722,Undirected,MS_Rawl_C_86-part2
work_4212,work_6712,Undirected,MS_Rawl_C_86-part2
work_4212,work_2728,Undirected,MS_Rawl_C_86-part2
work_4212,work_2728,Undirected,MS_Rawl_C_86-part2
work_4212,work_2728,Undirected,MS_Rawl_C_86-part2
work_4212,work_2728,Undirected,MS_Rawl_C_86-part2
work_4212,work_16492,Undirected,MS_Rawl_C_86-part2
work_4213,work_4828,Undirected,MS_Bodl_5
work_4214,work_12226,Undirected,MS_Bodl_341
work_4214,work_13518,Undirected,MS_Digby_82
work_4214,work_482,Undirected,Merton_College_MS_118
work_4214,work_15235,Undirected,MS_Digby_82
work_4214,work_13515,Undirected,MS_Digby_82
work_4214,work_2432,Undirected,Merton_College_MS_118
work_4214,work_10887,Undirected,MS_Tanner_170
work_4214,work_3219,Undirected,MS_Digby_201
work_4214,work_4832,Undirected,MS_Bodl_316
work_4214,work_2422,Undirected,Merton_College_MS_118
work_4214,work_4213,Undirected,MS_Bodl_316
work_4214,work_15484,Undirected,Merton_College_MS_118
work_4214,work_3219,Undirected,MS_Tanner_19
work_4214,work_2430,Undirected,Merton_College_MS_118
work_4214,work_482,Undirected,Merton_College_MS_118
work_4214,work_3831,Undirected,Merton_College_MS_118
work_4214,work_7038,Undirected,Merton_College_MS_118
work_4214,work_1040,Undirected,Merton_College_MS_118
work_4214,work_2085,Undirected,Merton_College_MS_118
work_4214,work_2647,Undirected,Merton_College_MS_118
work_4214,work_2350,Undirected,Merton_College_MS_118
work_4214,work_3115,Undirected,Merton_College_MS_121
work_4214,work_3219,Undirected,MS_Ashmole_796
work_4214,work_3219,Undirected,MS_Laud_Misc_529
work_4214,work_720,Undirected,Merton_College_MS_118
work_4215,work_12613,Undirected,MS_Douce_137-part2
work_4218,work_4751,Undirected,MS_Canon_Misc_205
work_4218,work_12896,Undirected,MS_Canon_Misc_205
work_4218,work_12875,Undirected,MS_Canon_Misc_205
work_4218,work_1214,Undirected,MS_Canon_Misc_205
work_4218,work_4752,Undirected,MS_Canon_Misc_205
work_4218,work_12890,Undirected,MS_Canon_Misc_205
work_4219,work_4007,Undirected,MS_Rawl_A_367
work_4219,work_2585,Undirected,MS_Canon_Misc_338
work_4219,work_4224,Undirected,MS_Digby_85
work_4219,work_3880,Undirected,MS_Laud_Misc_168
work_4219,work_4302,Undirected,MS_Bodl_64
work_4219,work_6148,Undirected,MS_Lyell_empt_3
work_4219,work_2816,Undirected,MS_Laud_Misc_168
work_4219,work_6148,Undirected,MS_Canon_Misc_185
work_422,work_2938,Undirected,MS_Laud_Gr_91
work_4222,work_3345,Undirected,MS_Laud_Misc_219
work_4222,work_3301,Undirected,MS_Laud_Misc_219
work_4235,work_4234,Undirected,MS_Laud_Misc_40-part1
work_4239,work_4237,Undirected,MS_Fairfax_6
work_4239,work_12837,Undirected,MS_Fairfax_6
work_4239,work_12855,Undirected,MS_Fairfax_6
work_4239,work_4240,Undirected,MS_Fairfax_6
work_4239,work_12866,Undirected,MS_Fairfax_6
work_4239,work_967,Undirected,MS_Fairfax_6
work_4239,work_1674,Undirected,MS_Fairfax_6
work_4239,work_4236,Undirected,MS_Fairfax_6
work_4239,work_4541,Undirected,MS_Fairfax_6
work_4239,work_4539,Undirected,MS_Fairfax_6
work_4239,work_12783,Undirected,MS_Fairfax_6
work_4239,work_976,Undirected,MS_Fairfax_6
work_4239,work_977,Undirected,MS_Fairfax_6
work_4239,work_1675,Undirected,MS_Fairfax_6
work_4239,work_12827,Undirected,MS_Fairfax_6
work_4239,work_4352,Undirected,MS_Fairfax_6
work_4245,work_11727,Undirected,MS_Cherry_4
work_4248,work_7165,Undirected,Merton_College_MS_227
work_4248,work_4249,Undirected,MS_Canon_Misc_412
work_4248,work_4247,Undirected,MS_Canon_Misc_412
work_4248,work_4249,Undirected,MS_Lat_misc_c_73-part3
work_4248,work_4249,Undirected,Merton_College_MS_227
work_4248,work_13209,Undirected,MS_Canon_Misc_566
work_4248,work_1656,Undirected,MS_Canon_Misc_566
work_4248,work_1719,Undirected,MS_Canon_Misc_566
work_4248,work_4247,Undirected,Merton_College_MS_227
work_4248,work_858,Undirected,Merton_College_MS_227
work_4249,work_4231,Undirected,MS_Lyell_empt_1
work_4249,work_4247,Undirected,St_Johns_College_MS_85-part2
work_4249,work_6711,Undirected,St_Johns_College_MS_85-part2
work_4249,work_7166,Undirected,St_Johns_College_MS_85-part2
work_4249,work_7165,Undirected,St_Johns_College_MS_85-part2
work_4249,work_16485,Undirected,St_Johns_College_MS_85-part2
work_4249,work_13493,Undirected,St_Johns_College_MS_85-part2
work_4249,work_16241,Undirected,St_Johns_College_MS_85-part2
work_4249,work_7166,Undirected,Merton_College_MS_228
work_4249,work_16241,Undirected,St_Johns_College_MS_85-part2
work_4249,work_4248,Undirected,Merton_College_MS_228
work_4249,work_4247,Undirected,St_Johns_College_MS_85-part2
work_4249,work_6710,Undirected,St_Johns_College_MS_85-part2
work_4256,work_4255,Undirected,St_Johns_College_MS_65
work_4256,work_6273,Undirected,St_Johns_College_MS_65
work_4256,work_4255,Undirected,St_Johns_College_MS_65
work_4256,work_4255,Undirected,St_Johns_College_MS_65
work_4256,work_6273,Undirected,MS_Bodl_144
work_4256,work_4255,Undirected,MS_Bodl_144
work_4258,work_2548,Undirected,MS_Canon_Misc_376
work_4258,work_4947,Undirected,MS_Lyell_79-part1
work_4258,work_5011,Undirected,MS_Canon_Misc_376
work_4258,work_4449,Undirected,MS_Lyell_79-part1
work_4258,work_5010,Undirected,MS_Lyell_79-part1
work_4261,work_11193,Undirected,MS_Rawl_C_288
work_4261,work_12524,Undirected,MS_Rawl_C_288
work_4261,work_1376,Undirected,MS_Rawl_C_288
work_4261,work_13507,Undirected,MS_Rawl_C_288
work_4261,work_11760,Undirected,MS_Rawl_C_288
work_4264,work_4263,Undirected,MS_e_Mus_94
work_4264,work_4260,Undirected,MS_e_Mus_94
work_4265,work_12914,Undirected,MS_Laud_Misc_174
work_4265,work_15236,Undirected,MS_Laud_Misc_174
work_4266,work_1228,Undirected,MS_Bodl_68-part1
work_427,work_10409,Undirected,MS_Digby_40-part5
work_4272,work_15224,Undirected,MS_Rawl_C_398
work_4272,work_4914,Undirected,MS_Rawl_C_398
work_4272,work_15382,Undirected,MS_Rawl_C_398
work_4272,work_13389,Undirected,MS_Rawl_C_398
work_4272,work_5047,Undirected,MS_Rawl_C_398
work_4272,work_5049,Undirected,MS_Rawl_C_398
work_4272,work_4911,Undirected,MS_Rawl_C_398
work_4272,work_750,Undirected,MS_Rawl_C_398
work_4279,work_16477,Undirected,St_Johns_College_MS_195-part2
work_4279,work_15420,Undirected,St_Johns_College_MS_195-part2
work_4279,work_14971,Undirected,St_Johns_College_MS_195-part2
work_4279,work_16476,Undirected,St_Johns_College_MS_195-part2
work_4279,work_6153,Undirected,MS_Bodl_861
work_4279,work_4274,Undirected,MS_Bodl_861
work_4279,work_4276,Undirected,MS_Bodl_861
work_4279,work_4286,Undirected,Merton_College_E_3_1
work_4279,work_4288,Undirected,MS_Bodl_861
work_4279,work_4290,Undirected,MS_Bodl_861
work_4279,work_7344,Undirected,Merton_College_E_3_1
work_4279,work_4281,Undirected,MS_Bodl_861
work_4279,work_4292,Undirected,MS_Bodl_861
work_4279,work_4278,Undirected,MS_Bodl_861
work_4279,work_4293,Undirected,Merton_College_E_3_1
work_4279,work_6152,Undirected,MS_Bodl_861
work_4279,work_4295,Undirected,MS_Bodl_861
work_4279,work_4103,Undirected,MS_Bodl_861
work_4279,work_3965,Undirected,MS_Bodl_861
work_4279,work_4286,Undirected,MS_Bodl_861
work_4279,work_4277,Undirected,MS_Bodl_861
work_428,work_3174,Undirected,MS_Savile_16-part2
work_4280,work_11166,Undirected,MS_Laud_Misc_448
work_4280,work_10419,Undirected,MS_Bodl_288
work_4280,work_4282,Undirected,MS_Hatton_12
work_4280,work_11231,Undirected,MS_Laud_Misc_448
work_4280,work_4279,Undirected,MS_Bodl_877
work_4280,work_14371,Undirected,MS_Hatton_12
work_4280,work_6153,Undirected,MS_Bodl_877
work_4286,work_4289,Undirected,MS_Laud_Misc_528
work_4286,work_14681,Undirected,MS_Douce_107
work_4286,work_379,Undirected,MS_Laud_Misc_202-part1
work_4286,work_4057,Undirected,MS_Laud_Misc_202-part1
work_4286,work_4295,Undirected,MS_Laud_Misc_528
work_4286,work_14676,Undirected,MS_Douce_107
work_4286,work_2164,Undirected,MS_Bodl_456
work_4286,work_4288,Undirected,MS_Laud_Misc_528
work_4286,work_14544,Undirected,MS_Douce_107
work_4286,work_4293,Undirected,MS_Laud_Misc_528
work_4286,work_4287,Undirected,MS_Rawl_A_389
work_4286,work_11832,Undirected,MS_Douce_107
work_4286,work_4859,Undirected,MS_Laud_Misc_202-part1
work_4286,work_2653,Undirected,MS_Laud_Misc_202-part1
work_4286,work_2648,Undirected,MS_Laud_Misc_202-part1
work_4286,work_4076,Undirected,MS_Laud_Misc_202-part1
work_4286,work_4288,Undirected,MS_Laud_Misc_202-part1
work_4286,work_4288,Undirected,MS_Laud_Misc_202-part1
work_4286,work_533,Undirected,MS_Laud_Misc_202-part1
work_4286,work_489,Undirected,MS_Douce_107
work_4286,work_4293,Undirected,MS_Laud_Misc_202-part1
work_4286,work_4293,Undirected,MS_Laud_Misc_202-part1
work_4286,work_4288,Undirected,MS_Laud_Misc_202-part1
work_4286,work_4288,Undirected,MS_Laud_Misc_202-part1
work_4286,work_3839,Undirected,MS_Laud_Misc_202-part1
work_4286,work_2052,Undirected,MS_Laud_Misc_202-part1
work_4286,work_3944,Undirected,MS_Laud_Misc_202-part1
work_4286,work_4289,Undirected,MS_Douce_107
work_4286,work_4293,Undirected,MS_Laud_Misc_202-part1
work_4286,work_3822,Undirected,MS_Bodl_48
work_4286,work_2734,Undirected,MS_Bodl_48
work_4286,work_815,Undirected,MS_Laud_Misc_524-part1
work_4286,work_4287,Undirected,MS_Laud_Misc_524-part1
work_4286,work_1951,Undirected,MS_Laud_Misc_524-part1
work_4286,work_4265,Undirected,MS_Rawl_A_389
work_4286,work_15300,Undirected,MS_Laud_Misc_524-part1
work_4286,work_2838,Undirected,MS_Rawl_A_389
work_4286,work_11129,Undirected,MS_Laud_Misc_524-part1
work_4286,work_14583,Undirected,MS_Laud_Misc_524-part1
work_4286,work_4835,Undirected,MS_Laud_Misc_524-part1
work_4286,work_3050,Undirected,MS_Bodl_122-part2
work_4286,work_536,Undirected,MS_Bodl_122-part2
work_4286,work_11832,Undirected,MS_Bodl_122-part2
work_4286,work_760,Undirected,MS_Bodl_122-part2
work_4286,work_4288,Undirected,MS_Rawl_A_389
work_4286,work_12236,Undirected,MS_Rawl_A_389
work_4286,work_14034,Undirected,MS_Rawl_A_389
work_4286,work_14332,Undirected,MS_Rawl_A_389
work_4286,work_13973,Undirected,MS_Rawl_A_389
work_4286,work_4278,Undirected,MS_Bodl_48
work_4286,work_4364,Undirected,MS_Laud_Misc_524-part1
work_4286,work_15129,Undirected,MS_Rawl_C_269
work_4286,work_4277,Undirected,MS_Bodl_48
work_4286,work_5080,Undirected,MS_Bodl_48
work_4286,work_14650,Undirected,MS_Bodl_48
work_4286,work_4284,Undirected,MS_Rawl_A_389
work_4286,work_6595,Undirected,MS_Bodl_48
work_4286,work_2191,Undirected,MS_Rawl_C_269
work_4286,work_14583,Undirected,MS_Rawl_C_269
work_4286,work_13084,Undirected,MS_Rawl_C_269
work_4286,work_2191,Undirected,Brasenose_College_MS_15
work_4286,work_2722,Undirected,MS_Bodl_48
work_4286,work_4295,Undirected,MS_Lyell_38
work_4286,work_3050,Undirected,MS_Laud_Misc_524-part1
work_4286,work_3952,Undirected,Brasenose_College_MS_15
work_4286,work_3944,Undirected,Brasenose_College_MS_15
work_4286,work_1004,Undirected,Brasenose_College_MS_15
work_4286,work_1447,Undirected,MS_Rawl_C_269
work_4287,work_10608,Undirected,MS_Laud_Misc_210-part1
work_4287,work_14353,Undirected,MS_Laud_Misc_210-part1
work_4287,work_16198,Undirected,MS_Laud_Misc_210-part1
work_4287,work_13875,Undirected,MS_Ashmole_1524-part6
work_4291,work_1449,Undirected,MS_e_Mus_232
work_4295,work_3996,Undirected,MS_Bodl_52
work_4295,work_2536,Undirected,MS_Bodl_52
work_4295,work_3952,Undirected,MS_Bodl_525
work_4295,work_2432,Undirected,MS_Bodl_525
work_4295,work_13831,Undirected,MS_Lat_th_d_15
work_4295,work_4599,Undirected,MS_Lat_th_d_15
work_4295,work_469,Undirected,MS_Bodl_52
work_4295,work_13259,Undirected,MS_Lat_th_d_15
work_4295,work_14818,Undirected,MS_Lat_th_d_15
work_4295,work_463,Undirected,MS_Bodl_52
work_4295,work_4274,Undirected,MS_Lat_th_d_15
work_4295,work_2847,Undirected,MS_Bodl_315
work_4295,work_4273,Undirected,MS_Lat_th_d_15
work_4295,work_4362,Undirected,MS_Bodl_52
work_4295,work_4852,Undirected,MS_Bodl_52
work_4295,work_4384,Undirected,MS_Bodl_52
work_4295,work_2198,Undirected,MS_Bodl_52
work_4295,work_14969,Undirected,MS_Bodl_52
work_4295,work_2790,Undirected,MS_Bodl_52
work_4295,work_4542,Undirected,MS_Bodl_52
work_4295,work_13831,Undirected,MS_Lat_th_d_15
work_4295,work_6277,Undirected,MS_Bodl_52
work_4295,work_14583,Undirected,MS_Lat_th_d_15
work_4295,work_14307,Undirected,MS_Bodl_52
work_4295,work_16475,Undirected,St_Johns_College_MS_195-part3
work_4295,work_10827,Undirected,MS_Lat_th_d_15
work_4295,work_13851,Undirected,MS_Lat_th_d_15
work_4295,work_3533,Undirected,MS_Bodl_315
work_4295,work_1343,Undirected,MS_Lat_th_d_15
work_4295,work_2848,Undirected,MS_Bodl_315
work_4295,work_13886,Undirected,MS_Lat_th_d_15
work_4295,work_2722,Undirected,MS_Lat_th_d_15
work_4295,work_10018,Undirected,MS_Lat_th_d_15
work_4295,work_11723,Undirected,MS_Lat_th_d_15
work_4298,work_13847,Undirected,MS_Bodl_Rolls_22
work_430,work_332,Undirected,Merton_College_MS_285
work_430,work_7264,Undirected,Merton_College_MS_285
work_430,work_336,Undirected,Merton_College_MS_285
work_430,work_339,Undirected,Merton_College_MS_285
work_430,work_7266,Undirected,Merton_College_MS_285
work_430,work_328,Undirected,Merton_College_MS_285
work_430,work_7262,Undirected,Merton_College_MS_285
work_430,work_7265,Undirected,Merton_College_MS_285
work_430,work_7261,Undirected,Merton_College_MS_285
work_430,work_7260,Undirected,Merton_College_MS_285
work_430,work_7259,Undirected,Merton_College_MS_285
work_430,work_432,Undirected,Merton_College_MS_285
work_430,work_338,Undirected,Merton_College_MS_285
work_430,work_7263,Undirected,Merton_College_MS_285
work_430,work_7267,Undirected,Merton_College_MS_285
work_430,work_337,Undirected,Merton_College_MS_285
work_430,work_5671,Undirected,Merton_College_MS_285
work_430,work_7268,Undirected,Merton_College_MS_285
work_430,work_334,Undirected,Merton_College_MS_285
work_430,work_7269,Undirected,Merton_College_MS_285
work_430,work_333,Undirected,Merton_College_MS_285
work_4300,work_13843,Undirected,MS_Ashmole_210-part1
work_4304,work_16917,Undirected,St_Johns_College_MS_172
work_4304,work_2930,Undirected,St_Johns_College_MS_172
work_4304,work_2230,Undirected,St_Johns_College_MS_172
work_4304,work_6821,Undirected,St_Johns_College_MS_172
work_4304,work_2841,Undirected,St_Johns_College_MS_172
work_4304,work_16916,Undirected,St_Johns_College_MS_172
work_4304,work_682,Undirected,St_Johns_College_MS_172
work_4304,work_312,Undirected,St_Johns_College_MS_172
work_4304,work_5744,Undirected,St_Johns_College_MS_172
work_4304,work_4816,Undirected,St_Johns_College_MS_172
work_4304,work_6824,Undirected,St_Johns_College_MS_172
work_4304,work_2810,Undirected,St_Johns_College_MS_172
work_4309,work_16516,Undirected,MS_Auct_F_5_23-part1
work_4309,work_13818,Undirected,MS_Auct_F_5_23-part1
work_4315,work_4313,Undirected,MS_Bodl_715
work_4316,work_2131,Undirected,MS_Laud_Misc_495
work_4316,work_15308,Undirected,MS_Laud_Misc_495
work_4322,work_1040,Undirected,MS_Laud_Misc_344
work_4322,work_10479,Undirected,MS_Laud_Misc_344
work_4322,work_1049,Undirected,MS_Laud_Misc_344
work_4322,work_1026,Undirected,MS_Laud_Misc_344
work_4322,work_1032,Undirected,MS_Laud_Misc_344
work_4322,work_2155,Undirected,MS_Laud_Misc_344
work_4322,work_2158,Undirected,MS_Laud_Misc_344
work_4322,work_533,Undirected,MS_Laud_Misc_344
work_4322,work_15308,Undirected,MS_Laud_Misc_344
work_4328,work_14583,Undirected,MS_Bodl_133-part1
work_4328,work_4343,Undirected,MS_Rawl_C_569
work_4328,work_2087,Undirected,MS_Bodl_133-part1
work_4328,work_2191,Undirected,MS_Bodl_133-part1
work_4328,work_310,Undirected,MS_Bodl_133-part1
work_4328,work_4328,Undirected,St_Johns_College_MS_114
work_4328,work_13864,Undirected,MS_Rawl_C_569
work_4329,work_2015,Undirected,MS_e_Mus_62
work_4330,work_930,Undirected,MS_Laud_Misc_367
work_4330,work_4316,Undirected,MS_Laud_Misc_367
work_4331,work_4473,Undirected,MS_Bodl_459
work_4331,work_2395,Undirected,MS_Bodl_459
work_4332,work_10468,Undirected,MS_Bodl_631
work_4332,work_4387,Undirected,MS_Bodl_631
work_4336,work_15046,Undirected,MS_Digby_190-part8
work_4336,work_4458,Undirected,MS_Digby_168-part1
work_4336,work_10409,Undirected,MS_Digby_168-part1
work_4336,work_4338,Undirected,MS_Digby_168-part1
work_4336,work_424,Undirected,MS_Digby_168-part1
work_4336,work_4546,Undirected,MS_Digby_178-part2
work_4336,work_15046,Undirected,MS_Digby_178-part2
work_4336,work_1202,Undirected,MS_Digby_168-part1
work_4336,work_12012,Undirected,MS_Digby_168-part1
work_4336,work_4546,Undirected,MS_Digby_168-part1
work_4337,work_4338,Undirected,MS_Laud_Misc_657
work_4343,work_14925,Undirected,MS_Lat_th_f_19
work_4343,work_3495,Undirected,MS_Lat_th_f_19
work_4343,work_14821,Undirected,MS_Lat_th_f_19
work_4343,work_14138,Undirected,MS_Lat_th_f_19
work_4343,work_1076,Undirected,MS_Lat_th_f_19
work_4343,work_14566,Undirected,MS_Lat_th_f_19
work_4343,work_11435,Undirected,MS_Lat_th_f_19
work_4349,work_4266,Undirected,MS_Digby_98-part1
work_4349,work_11153,Undirected,MS_Digby_98-part1
work_4349,work_411,Undirected,MS_Digby_98-part1
work_4349,work_12151,Undirected,MS_Digby_98-part1
work_4349,work_4949,Undirected,MS_Digby_98-part1
work_4349,work_409,Undirected,MS_Digby_98-part1
work_4349,work_13156,Undirected,MS_Digby_98-part1
work_4349,work_10409,Undirected,MS_Digby_98-part1
work_4353,work_3954,Undirected,MS_Laud_Misc_471-part2
work_4353,work_13711,Undirected,MS_Laud_Misc_471-part2
work_4353,work_3147,Undirected,MS_Laud_Misc_471-part2
work_4353,work_3148,Undirected,MS_Laud_Misc_471-part2
work_4353,work_11760,Undirected,MS_Laud_Misc_471-part2
work_4353,work_14581,Undirected,MS_Laud_Misc_471-part2
work_4355,work_11532,Undirected,MS_Lat_misc_d_83
work_4355,work_13083,Undirected,MS_Lat_misc_d_83
work_4355,work_11601,Undirected,MS_Lat_misc_d_83
work_4355,work_15013,Undirected,MS_Lat_misc_d_83
work_4355,work_13205,Undirected,MS_Lat_misc_d_83
work_4356,work_4373,Undirected,MS_Digby_191-part3
work_4356,work_442,Undirected,MS_Digby_191-part3
work_4358,work_12638,Undirected,St_Johns_College_MS_136-part3
work_4358,work_12378,Undirected,St_Johns_College_MS_136-part3
work_4358,work_14973,Undirected,St_Johns_College_MS_136-part3
work_4358,work_4376,Undirected,MS_Barlow_49-part1
work_4358,work_15420,Undirected,St_Johns_College_MS_136-part3
work_4358,work_11620,Undirected,St_Johns_College_MS_136-part3
work_4358,work_12638,Undirected,St_Johns_College_MS_136-part3
work_4359,work_4377,Undirected,MS_Lat_th_c_17-part2
work_4359,work_3533,Undirected,MS_Barlow_29
work_4367,work_12374,Undirected,Merton_College_MS_187-part1
work_4367,work_3345,Undirected,Merton_College_MS_187-part1
work_4367,work_3301,Undirected,Merton_College_MS_187-part1
work_4367,work_12374,Undirected,Merton_College_MS_187-part1
work_4367,work_7041,Undirected,Merton_College_MS_187-part1
work_4367,work_7102,Undirected,Merton_College_MS_187-part1
work_4367,work_3302,Undirected,Merton_College_MS_187-part1
work_4367,work_4364,Undirected,Jesus_College_MS_110
work_4369,work_4968,Undirected,MS_Bodl_828-part2
work_4369,work_5039,Undirected,MS_Bodl_828-part2
work_4369,work_14034,Undirected,MS_Bodl_828-part2
work_4369,work_5494,Undirected,MS_Bodl_828-part2
work_4369,work_4408,Undirected,MS_Bodl_828-part2
work_4375,work_4384,Undirected,MS_Bodl_830
work_4375,work_3050,Undirected,MS_Bodl_798
work_4375,work_4384,Undirected,MS_Bodl_798
work_4375,work_2191,Undirected,MS_Bodl_798
work_4375,work_3962,Undirected,MS_Bodl_798
work_4375,work_3952,Undirected,MS_Bodl_798
work_4375,work_14999,Undirected,MS_Bodl_798
work_4375,work_187,Undirected,MS_Bodl_798
work_4375,work_4376,Undirected,MS_Bodl_798
work_4375,work_4387,Undirected,MS_Laud_Misc_374
work_4375,work_4384,Undirected,Exeter_College_MS_21
work_4375,work_10758,Undirected,Exeter_College_MS_21
work_4375,work_14583,Undirected,Exeter_College_MS_21
work_4375,work_4384,Undirected,Exeter_College_MS_21
work_4375,work_7368,Undirected,Exeter_College_MS_21
work_4375,work_7369,Undirected,Exeter_College_MS_21
work_4375,work_4384,Undirected,Exeter_College_MS_21
work_4375,work_4364,Undirected,Exeter_College_MS_21
work_4375,work_14583,Undirected,Exeter_College_MS_21
work_4375,work_4384,Undirected,Exeter_College_MS_21
work_4375,work_14583,Undirected,Exeter_College_MS_21
work_4376,work_12372,Undirected,MS_Digby_218-part5
work_4384,work_2169,Undirected,MS_Bodl_57-partK
work_4384,work_15308,Undirected,MS_Laud_Misc_402-part8
work_4387,work_263,Undirected,MS_Bodl_36
work_4387,work_5094,Undirected,MS_Bodl_36
work_4387,work_4369,Undirected,MS_Lat_th_e_32
work_4387,work_13476,Undirected,MS_Lat_th_e_32
work_4387,work_4343,Undirected,MS_Bodl_157-part3
work_4387,work_1022,Undirected,MS_Bodl_36
work_4387,work_2116,Undirected,MS_Bodl_157-part3
work_4387,work_15091,Undirected,MS_Bodl_157-part3
work_4387,work_15129,Undirected,MS_Bodl_157-part3
work_4387,work_3459,Undirected,MS_Bodl_36
work_4387,work_13475,Undirected,MS_Lat_th_e_32
work_4387,work_1028,Undirected,MS_Bodl_36
work_4387,work_4316,Undirected,MS_Bodl_36
work_4387,work_6597,Undirected,MS_Bodl_36
work_4387,work_5771,Undirected,MS_Bodl_36
work_4387,work_3880,Undirected,MS_Bodl_36
work_4387,work_3450,Undirected,MS_Bodl_36
work_4387,work_701,Undirected,MS_Bodl_36
work_4387,work_2125,Undirected,MS_Bodl_36
work_4387,work_3885,Undirected,MS_Bodl_36
work_4387,work_3835,Undirected,MS_Bodl_36
work_4387,work_5813,Undirected,MS_Bodl_36
work_4387,work_4363,Undirected,MS_Bodl_36
work_4387,work_2121,Undirected,MS_Bodl_36
work_4387,work_14583,Undirected,MS_Bodl_36
work_4387,work_3926,Undirected,MS_Bodl_36
work_4387,work_14583,Undirected,MS_Bodl_157-part3
work_4387,work_1041,Undirected,MS_Bodl_36
work_4387,work_4219,Undirected,MS_Bodl_36
work_4388,work_330,Undirected,MS_Digby_220
work_4388,work_699,Undirected,MS_Digby_220
work_4391,work_12374,Undirected,MS_Laud_Misc_562-part1
work_4391,work_12374,Undirected,MS_Laud_Misc_562-part1
work_4391,work_3888,Undirected,MS_Hamilton_26
work_4391,work_3983,Undirected,MS_Hamilton_26
work_4391,work_3906,Undirected,MS_Hamilton_26
work_4391,work_13209,Undirected,MS_Hamilton_26
work_4391,work_14583,Undirected,Christ_Church_MS_91-part3
work_4391,work_4004,Undirected,MS_Hamilton_26
work_4393,work_7036,Undirected,Merton_College_MS_112
work_4393,work_5754,Undirected,Merton_College_MS_112
work_4393,work_3345,Undirected,Merton_College_MS_112
work_4393,work_7041,Undirected,Merton_College_MS_112
work_4393,work_14583,Undirected,Merton_College_MS_112
work_4395,work_837,Undirected,MS_Bodl_333-part1
work_4395,work_769,Undirected,MS_Bodl_333-part1
work_4395,work_753,Undirected,MS_Bodl_333-part1
work_4395,work_832,Undirected,MS_Bodl_333-part1
work_4395,work_784,Undirected,MS_Bodl_333-part1
work_4395,work_784,Undirected,MS_Bodl_333-part1
work_4395,work_837,Undirected,MS_Bodl_333-part1
work_4395,work_1576,Undirected,MS_Bodl_333-part1
work_4398,work_6816,Undirected,MS_Bodl_415
work_440,work_15044,Undirected,Hertford_College_MS_4
work_440,work_11220,Undirected,Hertford_College_MS_4
work_440,work_5106,Undirected,Hertford_College_MS_4
work_440,work_5026,Undirected,Hertford_College_MS_4
work_440,work_3176,Undirected,Hertford_College_MS_4
work_4401,work_6469,Undirected,MS_Bodl_523
work_4402,work_10719,Undirected,MS_Auct_F_5_19
work_4402,work_10409,Undirected,MS_Auct_F_3_14-part4
work_4402,work_12008,Undirected,MS_Auct_F_5_19
work_4402,work_1404,Undirected,MS_Auct_F_5_19
work_4402,work_1965,Undirected,MS_Auct_F_5_19
work_4409,work_12322,Undirected,MS_Lat_th_e_46
work_4409,work_15437,Undirected,MS_Lat_th_e_46
work_4409,work_16173,Undirected,MS_Lat_th_e_46
work_4409,work_13932,Undirected,MS_Lat_th_e_46
work_4409,work_2714,Undirected,MS_Lat_th_e_46
work_4409,work_4343,Undirected,MS_Lat_th_e_46
work_4409,work_15308,Undirected,MS_Lat_th_e_46
work_4409,work_15091,Undirected,MS_Lat_th_e_46
work_4409,work_15293,Undirected,MS_Lat_th_e_46
work_4409,work_11567,Undirected,MS_Lat_th_e_46
work_4409,work_13525,Undirected,MS_Lat_th_e_46
work_4409,work_11566,Undirected,MS_Lat_th_e_46
work_4409,work_3363,Undirected,MS_Lat_th_e_46
work_4409,work_4614,Undirected,MS_Lat_th_e_46
work_4409,work_4343,Undirected,MS_Lat_th_e_46
work_4409,work_12401,Undirected,MS_Lat_th_e_46
work_4409,work_2252,Undirected,MS_Lat_th_e_46
work_4417,work_12012,Undirected,MS_Canon_Ital_157-part1
work_4423,work_11992,Undirected,MS_Laud_Misc_670
work_4423,work_10965,Undirected,MS_Laud_Misc_670
work_4423,work_10053,Undirected,MS_Laud_Misc_670
work_4423,work_15349,Undirected,MS_Laud_Misc_670
work_4424,work_3861,Undirected,MS_Tanner_116
work_4424,work_4558,Undirected,MS_Tanner_116
work_4425,work_16031,Undirected,MS_Digby_76-part1
work_4425,work_5670,Undirected,MS_Digby_76-part1
work_4432,work_4109,Undirected,MS_e_Mus_155
work_4432,work_4430,Undirected,MS_e_Mus_155
work_4432,work_3599,Undirected,MS_e_Mus_155
work_4432,work_2587,Undirected,MS_e_Mus_155
work_4432,work_4107,Undirected,MS_e_Mus_155
work_4432,work_10154,Undirected,MS_e_Mus_155
work_4432,work_13232,Undirected,MS_e_Mus_155
work_4433,work_4228,Undirected,MS_Bodl_874
work_4433,work_4429,Undirected,MS_Bodl_874
work_4433,work_11267,Undirected,MS_Digby_77-part1
work_4435,work_4767,Undirected,MS_Digby_204-part3
work_4435,work_4841,Undirected,MS_Digby_204-part3
work_4436,work_13232,Undirected,MS_Canon_Misc_480
work_4436,work_695,Undirected,MS_Canon_Misc_480
work_4436,work_14518,Undirected,MS_Canon_Misc_334
work_4436,work_694,Undirected,MS_Canon_Misc_480
work_4439,work_10384,Undirected,MS_Digby_190-part7
work_444,work_10410,Undirected,MS_Canon_Misc_340
work_4444,work_5024,Undirected,MS_Rawl_G_40-part3
work_4444,work_17001,Undirected,MS_Rawl_G_40-part3
work_4447,work_13232,Undirected,MS_Ashmole_1398-part1
work_4447,work_4464,Undirected,MS_Ashmole_1398-part1
work_4447,work_14810,Undirected,MS_Radcliffe_Trust_f_1
work_4450,work_14253,Undirected,MS_Holkham_misc_22
work_4454,work_4452,Undirected,MS_Add_A_7-part3
work_4454,work_11320,Undirected,MS_e_Mus_223-part1
work_4455,work_15308,Undirected,MS_Digby_172-part6
work_4455,work_13886,Undirected,MS_Digby_172-part6
work_4455,work_3602,Undirected,MS_Digby_172-part6
work_4455,work_1942,Undirected,MS_Digby_172-part6
work_4455,work_200,Undirected,MS_Digby_172-part6
work_4455,work_4555,Undirected,MS_Digby_172-part6
work_4455,work_280,Undirected,MS_Digby_172-part6
work_4458,work_2753,Undirected,MS_Bodl_300
work_4458,work_4106,Undirected,MS_Bodl_300
work_4458,work_5468,Undirected,MS_Bodl_300
work_4458,work_4336,Undirected,MS_Bodl_300
work_4458,work_1202,Undirected,MS_Bodl_300
work_4458,work_2580,Undirected,MS_Bodl_300
work_4458,work_5474,Undirected,MS_Bodl_300
work_4458,work_5470,Undirected,MS_Bodl_300
work_4458,work_5467,Undirected,MS_Bodl_300
work_4458,work_5464,Undirected,MS_Bodl_300
work_4458,work_713,Undirected,MS_Bodl_300
work_4458,work_5465,Undirected,MS_Bodl_300
work_4458,work_5466,Undirected,MS_Bodl_300
work_4458,work_5469,Undirected,MS_Bodl_300
work_4458,work_10409,Undirected,MS_Bodl_300
work_4458,work_1711,Undirected,MS_Bodl_300
work_4461,work_4801,Undirected,MS_Fairfax_4
work_4462,work_1995,Undirected,MS_Douce_207
work_4462,work_11012,Undirected,MS_Douce_207
work_4462,work_4459,Undirected,MS_Douce_207
work_4466,work_4467,Undirected,MS_Canon_Misc_516
work_4466,work_4465,Undirected,MS_Canon_Misc_471
work_4469,work_3484,Undirected,MS_Holkham_misc_12
work_4469,work_3904,Undirected,MS_Holkham_misc_12
work_4469,work_3949,Undirected,MS_Holkham_misc_12
work_4469,work_5770,Undirected,MS_Holkham_misc_12
work_4469,work_701,Undirected,MS_Holkham_misc_12
work_4469,work_6670,Undirected,MS_Canon_Pat_Lat_52-part2
work_4469,work_4591,Undirected,MS_Holkham_misc_12
work_4469,work_3901,Undirected,MS_Holkham_misc_12
work_4469,work_5813,Undirected,MS_Holkham_misc_12
work_4469,work_1140,Undirected,MS_Holkham_misc_12
work_4469,work_3941,Undirected,MS_Holkham_misc_12
work_4469,work_3894,Undirected,MS_Holkham_misc_12
work_4469,work_1026,Undirected,MS_Holkham_misc_12
work_4469,work_3872,Undirected,MS_Holkham_misc_12
work_4469,work_12513,Undirected,MS_Canon_Pat_Lat_52-part2
work_4470,work_6361,Undirected,MS_Laud_Misc_248-part2
work_4475,work_16248,Undirected,MS_Laud_Misc_211
work_4475,work_1354,Undirected,MS_Laud_Misc_211
work_4475,work_2131,Undirected,MS_Laud_Misc_211
work_4475,work_6171,Undirected,MS_Laud_Misc_211
work_4477,work_3087,Undirected,MS_Laud_Lat_46-partB
work_4477,work_7419,Undirected,MS_Laud_Lat_46-partB
work_4477,work_2419,Undirected,MS_Laud_Lat_46-partB
work_4477,work_7417,Undirected,MS_Laud_Lat_46-partB
work_4477,work_7422,Undirected,MS_Laud_Lat_46-partB
work_4477,work_7420,Undirected,MS_Laud_Lat_46-partB
work_4477,work_3893,Undirected,MS_Laud_Lat_46-partB
work_4477,work_4042,Undirected,MS_Laud_Lat_46-partB
work_4477,work_7418,Undirected,MS_Laud_Lat_46-partB
work_4477,work_1008,Undirected,MS_Laud_Lat_46-partB
work_4477,work_519,Undirected,MS_Laud_Lat_46-partB
work_4477,work_7421,Undirected,MS_Laud_Lat_46-partB
work_4477,work_3893,Undirected,MS_Laud_Lat_46-partB
work_4477,work_2409,Undirected,MS_Laud_Lat_46-partB
work_4477,work_7416,Undirected,MS_Laud_Lat_46-partB
work_4477,work_3893,Undirected,MS_Laud_Lat_46-partB
work_4477,work_3893,Undirected,MS_Laud_Lat_46-partB
work_4480,work_2954,Undirected,MS_Canon_Class_Lat_134
work_4480,work_622,Undirected,MS_Canon_Class_Lat_134
work_4480,work_4482,Undirected,MS_Canon_Class_Lat_144
work_4480,work_4482,Undirected,MS_Digby_42
work_4480,work_1250,Undirected,MS_Canon_Class_Lat_144
work_4480,work_4482,Undirected,MS_Rawl_G_44
work_4480,work_4482,Undirected,MS_Canon_Class_Lat_193
work_4480,work_2950,Undirected,MS_Canon_Class_Lat_134
work_4480,work_4482,Undirected,MS_Canon_Class_Lat_134
work_4480,work_1553,Undirected,MS_Digby_42
work_4480,work_4482,Undirected,MS_Rawl_G_43
work_4480,work_4482,Undirected,MS_DOrville_89
work_4480,work_4482,Undirected,MS_Canon_Class_Lat_170
work_4480,work_4482,Undirected,MS_Rawl_G_140
work_4480,work_4482,Undirected,MS_Canon_Class_Lat_142
work_4480,work_4482,Undirected,MS_Rawl_G_42
work_4480,work_4482,Undirected,MS_Auct_F_5_8
work_4480,work_4482,Undirected,MS_Canon_Class_Lat_143
work_4480,work_1295,Undirected,MS_DOrville_90
work_4480,work_4482,Undirected,St_Johns_College_MS_84
work_4480,work_4482,Undirected,MS_DOrville_150
work_4480,work_4115,Undirected,MS_Rawl_G_43
work_4482,work_4115,Undirected,MS_Add_A_371
work_4482,work_4480,Undirected,MS_Laud_Lat_59
work_4482,work_4480,Undirected,MS_Add_A_371
work_4483,work_2954,Undirected,MS_Canon_Misc_214
work_4483,work_3712,Undirected,MS_Canon_Misc_214
work_4483,work_10409,Undirected,MS_Canon_Misc_214
work_4483,work_12261,Undirected,MS_Canon_Misc_214
work_4483,work_3129,Undirected,MS_Canon_Misc_214
work_4483,work_2949,Undirected,MS_Canon_Misc_214
work_4483,work_513,Undirected,MS_Canon_Misc_214
work_4484,work_15281,Undirected,MS_Canon_Ital_134-part1
work_4486,work_6673,Undirected,MS_Bodl_860-part3
work_4490,work_6275,Undirected,MS_Lat_th_c_4
work_4490,work_760,Undirected,MS_Add_B_119
work_4490,work_4491,Undirected,MS_Add_B_119
work_4490,work_4492,Undirected,MS_Add_B_119
work_4501,work_4121,Undirected,Brasenose_College_MS_13
work_4501,work_832,Undirected,Brasenose_College_MS_13
work_4501,work_5222,Undirected,Merton_College_MS_300-part1
work_4501,work_7189,Undirected,Merton_College_MS_300-part1
work_4501,work_4499,Undirected,Merton_College_MS_300-part1
work_4501,work_15036,Undirected,MS_Auct_F_5_17-part1
work_4501,work_11056,Undirected,Brasenose_College_MS_13
work_4501,work_784,Undirected,Brasenose_College_MS_13
work_4501,work_11846,Undirected,Merton_College_MS_300-part1
work_4501,work_4499,Undirected,Merton_College_MS_300-part1
work_4501,work_2905,Undirected,Merton_College_MS_300-part1
work_4501,work_4499,Undirected,Merton_College_MS_300-part1
work_4501,work_1250,Undirected,MS_Auct_F_5_17-part1
work_4501,work_11715,Undirected,MS_Auct_F_5_17-part1
work_4501,work_2905,Undirected,MS_Auct_F_5_17-part1
work_4501,work_4497,Undirected,Merton_College_MS_300-part1
work_4501,work_2904,Undirected,Merton_College_MS_300-part1
work_4501,work_4499,Undirected,Merton_College_MS_300-part1
work_4501,work_3110,Undirected,MS_Auct_F_5_17-part1
work_4501,work_10898,Undirected,MS_Laud_Misc_402-part3
work_4501,work_4121,Undirected,MS_Laud_Lat_70
work_4501,work_10883,Undirected,MS_Laud_Misc_402-part3
work_4501,work_4499,Undirected,Merton_College_MS_300-part1
work_4501,work_4121,Undirected,Merton_College_MS_300-part1
work_4501,work_4501,Undirected,Merton_College_MS_300-part1
work_4501,work_4120,Undirected,Merton_College_MS_300-part1
work_4501,work_797,Undirected,MS_Canon_Class_Lat_177
work_4501,work_3110,Undirected,Merton_College_MS_300-part1
work_4501,work_4499,Undirected,MS_Canon_Class_Lat_177
work_4505,work_4496,Undirected,Merton_College_MS_300-part2
work_4509,work_1619,Undirected,MS_Canon_Misc_504
work_4510,work_4509,Undirected,MS_Laud_Misc_651
work_4510,work_4508,Undirected,MS_Canon_Misc_250-part1
work_4510,work_4509,Undirected,MS_Canon_Misc_250-part1
work_4514,work_1680,Undirected,MS_Digby_53
work_4514,work_13887,Undirected,MS_Digby_53
work_4514,work_10432,Undirected,MS_Digby_53
work_4517,work_7079,Undirected,MS_Laud_Lat_117
work_4517,work_4519,Undirected,MS_Laud_Lat_117
work_4518,work_14420,Undirected,MS_Auct_T_2_18-part2
work_452,work_454,Undirected,MS_Bodl_694
work_452,work_482,Undirected,MS_Bodl_694
work_452,work_459,Undirected,MS_Canon_Pat_Lat_212
work_4520,work_2674,Undirected,MS_Canon_Gr_100-part1
work_4521,work_14578,Undirected,MS_Laud_Gr_64a-b
work_4525,work_4343,Undirected,MS_Laud_Misc_319-part1
work_4527,work_11726,Undirected,MS_Canon_Misc_308
work_4527,work_13891,Undirected,MS_Canon_Misc_308
work_4527,work_4022,Undirected,MS_Canon_Misc_308
work_4527,work_13632,Undirected,MS_Canon_Misc_308
work_4527,work_2964,Undirected,MS_Canon_Misc_308
work_4527,work_1103,Undirected,MS_Canon_Misc_308
work_4529,work_4651,Undirected,MS_Digby_61-part2
work_4529,work_4528,Undirected,MS_Rawl_G_45-part2
work_4529,work_4528,Undirected,MS_Digby_61-part2
work_453,work_475,Undirected,MS_Bodl_762-part1
work_453,work_456,Undirected,MS_Bodl_762-part1
work_453,work_466,Undirected,MS_Bodl_762-part1
work_453,work_460,Undirected,MS_Bodl_762-part1
work_4530,work_1495,Undirected,MS_Bodl_212
work_4530,work_3807,Undirected,MS_Bodl_212
work_4530,work_6310,Undirected,MS_Bodl_212
work_4530,work_6311,Undirected,MS_Bodl_212
work_4530,work_4404,Undirected,MS_Bodl_212
work_4539,work_1674,Undirected,MS_Holkham_misc_25
work_4539,work_1674,Undirected,MS_Laud_Misc_700
work_4539,work_4352,Undirected,MS_Laud_Misc_700
work_4539,work_12264,Undirected,MS_Laud_Misc_700
work_4539,work_13148,Undirected,MS_Laud_Misc_700
work_454,work_466,Undirected,MS_Bodl_137
work_454,work_456,Undirected,MS_Bodl_137
work_454,work_482,Undirected,MS_Bodl_137
work_454,work_467,Undirected,MS_Bodl_137
work_454,work_460,Undirected,MS_Bodl_137
work_4544,work_12374,Undirected,Merton_College_MS_101
work_4545,work_4548,Undirected,MS_Bodl_465-part1
work_455,work_5810,Undirected,MS_Bodl_238
work_455,work_472,Undirected,MS_Bodl_238
work_455,work_4443,Undirected,MS_Bodl_238
work_455,work_1850,Undirected,MS_Bodl_238
work_455,work_3830,Undirected,MS_Bodl_238
work_455,work_2675,Undirected,MS_Bodl_238
work_455,work_771,Undirected,MS_Bodl_238
work_455,work_5790,Undirected,MS_Bodl_238
work_455,work_3889,Undirected,MS_Bodl_238
work_455,work_5753,Undirected,MS_Bodl_238
work_455,work_758,Undirected,MS_Bodl_762-part2
work_455,work_5804,Undirected,MS_Bodl_238
work_455,work_5807,Undirected,MS_Bodl_238
work_455,work_920,Undirected,MS_Bodl_238
work_455,work_480,Undirected,MS_Bodl_238
work_455,work_764,Undirected,MS_Bodl_238
work_455,work_470,Undirected,MS_Bodl_238
work_455,work_762,Undirected,MS_Bodl_238
work_455,work_768,Undirected,MS_Bodl_238
work_455,work_5811,Undirected,MS_Bodl_238
work_455,work_837,Undirected,MS_Bodl_238
work_4558,work_7283,Undirected,Merton_College_MS_292-part3
work_4558,work_7273,Undirected,Merton_College_MS_292-part3
work_4558,work_7282,Undirected,Merton_College_MS_292-part3
work_4558,work_7284,Undirected,Merton_College_MS_292-part3
work_4558,work_7285,Undirected,Merton_College_MS_292-part3
work_4561,work_10683,Undirected,MS_Canon_Ital_279
work_4561,work_15305,Undirected,MS_Canon_Ital_279
work_4561,work_13058,Undirected,MS_Canon_Ital_279
work_4561,work_3442,Undirected,MS_Canon_Ital_279
work_4561,work_1414,Undirected,MS_Canon_Ital_279
work_4561,work_1415,Undirected,MS_Canon_Ital_279
work_4561,work_1158,Undirected,MS_Canon_Ital_279
work_4563,work_12073,Undirected,MS_Canon_Ital_137
work_4565,work_4678,Undirected,MS_Barocci_152
work_457,work_469,Undirected,MS_Bodl_752
work_457,work_469,Undirected,MS_Bodl_739
work_457,work_469,Undirected,MS_Hatton_17
work_457,work_459,Undirected,MS_Bodl_762-part3
work_457,work_459,Undirected,MS_Hatton_17
work_457,work_459,Undirected,MS_Bodl_739
work_457,work_469,Undirected,MS_Bodl_762-part3
work_457,work_459,Undirected,MS_Bodl_827
work_457,work_458,Undirected,MS_Hatton_17
work_457,work_13484,Undirected,MS_Hatton_17
work_457,work_459,Undirected,MS_Bodl_752
work_457,work_469,Undirected,MS_Bodl_827
work_4574,work_12814,Undirected,MS_Laud_Misc_738
work_4574,work_2116,Undirected,MS_Laud_Misc_738
work_4574,work_16372,Undirected,MS_Laud_Misc_202-part3
work_4574,work_243,Undirected,MS_Laud_Misc_202-part3
work_4574,work_3913,Undirected,MS_Laud_Misc_202-part3
work_4574,work_1376,Undirected,MS_Laud_Misc_738
work_4574,work_820,Undirected,MS_Bodl_451
work_4574,work_6430,Undirected,MS_Laud_Misc_202-part3
work_4574,work_13409,Undirected,MS_Bodl_451
work_4574,work_2653,Undirected,MS_Laud_Misc_202-part3
work_4577,work_174,Undirected,MS_Auct_F_3_7
work_4577,work_14034,Undirected,MS_Rawl_G_45-part1
work_4578,work_1353,Undirected,MS_Auct_T_3_14
work_4579,work_4580,Undirected,MS_Barocci_66
work_4579,work_1492,Undirected,MS_Barocci_66
work_4579,work_4582,Undirected,MS_Barocci_66
work_4579,work_4580,Undirected,MS_Barocci_61
work_4586,work_5876,Undirected,MS_Holkham_Gr_27
work_4586,work_109,Undirected,MS_Holkham_Gr_27
work_4586,work_16096,Undirected,MS_Holkham_Gr_27
work_4586,work_5881,Undirected,MS_Holkham_Gr_27
work_4586,work_5877,Undirected,MS_Holkham_Gr_27
work_4586,work_16101,Undirected,MS_Holkham_Gr_27
work_4586,work_16097,Undirected,MS_Holkham_Gr_27
work_4586,work_1464,Undirected,MS_Holkham_Gr_27
work_4586,work_16099,Undirected,MS_Holkham_Gr_27
work_4586,work_16098,Undirected,MS_Holkham_Gr_27
work_4586,work_12841,Undirected,MS_Holkham_Gr_27
work_4586,work_5644,Undirected,MS_Holkham_Gr_27
work_4586,work_13729,Undirected,MS_Canon_Gr_127-part2
work_4586,work_14578,Undirected,MS_Canon_Gr_127-part2
work_4586,work_16094,Undirected,MS_Holkham_Gr_27
work_4586,work_16100,Undirected,MS_Holkham_Gr_27
work_4586,work_5643,Undirected,MS_Holkham_Gr_27
work_4586,work_5875,Undirected,MS_Holkham_Gr_27
work_4586,work_16093,Undirected,MS_Holkham_Gr_27
work_4586,work_5874,Undirected,MS_Holkham_Gr_27
work_4586,work_5873,Undirected,MS_Holkham_Gr_27
work_4586,work_5872,Undirected,MS_Holkham_Gr_27
work_4586,work_5880,Undirected,MS_Holkham_Gr_27
work_4586,work_5871,Undirected,MS_Holkham_Gr_27
work_4586,work_14054,Undirected,MS_Holkham_Gr_27
work_4586,work_5863,Undirected,MS_Holkham_Gr_27
work_4586,work_5865,Undirected,MS_Holkham_Gr_27
work_4586,work_5668,Undirected,MS_Holkham_Gr_27
work_4586,work_5635,Undirected,MS_Holkham_Gr_27
work_4586,work_16092,Undirected,MS_Holkham_Gr_27
work_4586,work_5869,Undirected,MS_Holkham_Gr_27
work_4586,work_16095,Undirected,MS_Holkham_Gr_27
work_4586,work_498,Undirected,MS_Holkham_Gr_27
work_4586,work_5878,Undirected,MS_Holkham_Gr_27
work_4586,work_5870,Undirected,MS_Holkham_Gr_27
work_4586,work_5879,Undirected,MS_Holkham_Gr_27
work_4590,work_922,Undirected,MS_Auct_E_2_9
work_4591,work_3944,Undirected,MS_Canon_Misc_529
work_4591,work_2150,Undirected,MS_Canon_Misc_529
work_4591,work_801,Undirected,MS_Canon_Misc_529
work_4591,work_820,Undirected,MS_Canon_Misc_529
work_4592,work_4823,Undirected,MS_Rawl_C_41
work_460,work_456,Undirected,MS_Bodl_835
work_460,work_467,Undirected,MS_Bodl_835
work_460,work_466,Undirected,MS_Bodl_835
work_4600,work_1639,Undirected,MS_Lat_th_d_28
work_4600,work_930,Undirected,MS_Lat_th_d_28
work_4600,work_3769,Undirected,MS_Lat_th_d_28
work_4600,work_2051,Undirected,MS_Lat_th_d_28
work_4600,work_2051,Undirected,MS_Lat_th_d_28
work_4601,work_1160,Undirected,MS_Canon_Class_Lat_78
work_4603,work_4482,Undirected,MS_Add_A_175
work_4614,work_4613,Undirected,MS_Laud_Misc_149
work_4614,work_4615,Undirected,MS_Laud_Misc_149
work_4614,work_4610,Undirected,MS_Laud_Misc_149
work_4614,work_4619,Undirected,MS_Laud_Misc_149
work_4616,work_6731,Undirected,MS_Rawl_C_427
work_4616,work_6732,Undirected,MS_Rawl_C_427
work_4616,work_6730,Undirected,MS_Rawl_C_427
work_4617,work_6736,Undirected,MS_Canon_Pat_Lat_186
work_4617,work_6732,Undirected,MS_Canon_Pat_Lat_186
work_4617,work_6731,Undirected,MS_Canon_Pat_Lat_186
work_4617,work_4616,Undirected,MS_Canon_Pat_Lat_186
work_4618,work_13722,Undirected,MS_Laud_Misc_37-part2
work_4619,work_544,Undirected,Exeter_College_MS_23
work_4619,work_14067,Undirected,Exeter_College_MS_23
work_4619,work_5631,Undirected,Exeter_College_MS_23
work_4619,work_13682,Undirected,Exeter_College_MS_23
work_4619,work_1283,Undirected,Exeter_College_MS_23
work_4619,work_6730,Undirected,Exeter_College_MS_23
work_4619,work_7372,Undirected,Exeter_College_MS_23
work_4619,work_4615,Undirected,Exeter_College_MS_23
work_4619,work_4927,Undirected,Exeter_College_MS_23
work_4619,work_543,Undirected,Exeter_College_MS_23
work_462,work_468,Undirected,MS_Bodl_839
work_462,work_3437,Undirected,MS_Bodl_839
work_462,work_15266,Undirected,MS_Bodl_839
work_462,work_381,Undirected,MS_Bodl_839
work_462,work_11227,Undirected,MS_Bodl_839
work_462,work_14583,Undirected,MS_Bodl_839
work_462,work_1735,Undirected,MS_Bodl_839
work_462,work_3110,Undirected,MS_Bodl_839
work_4626,work_801,Undirected,MS_Canon_Class_Lat_151-part1
work_4626,work_3878,Undirected,MS_Canon_Class_Lat_151-part1
work_4626,work_270,Undirected,MS_Canon_Class_Lat_151-part1
work_4628,work_1457,Undirected,MS_Lat_class_d_39
work_4630,work_4376,Undirected,MS_Bodl_312-part2
work_4632,work_12910,Undirected,MS_Laud_Misc_364
work_4632,work_6209,Undirected,MS_Laud_Misc_364
work_4632,work_1357,Undirected,MS_Laud_Misc_364
work_4632,work_4631,Undirected,MS_Bodl_793-part2
work_4632,work_4631,Undirected,MS_DOrville_151
work_4632,work_4630,Undirected,MS_Bodl_793-part2
work_4632,work_6773,Undirected,MS_Bodl_793-part2
work_4632,work_13713,Undirected,MS_Bodl_793-part2
work_4632,work_12566,Undirected,MS_Laud_Misc_364
work_4632,work_15191,Undirected,MS_Laud_Misc_364
work_4632,work_1860,Undirected,MS_Laud_Misc_364
work_4632,work_4630,Undirected,MS_Laud_Misc_364
work_4632,work_1859,Undirected,MS_Laud_Misc_538
work_4632,work_2422,Undirected,MS_Laud_Misc_364
work_4632,work_4630,Undirected,MS_DOrville_151
work_4632,work_3320,Undirected,MS_DOrville_151
work_4632,work_15091,Undirected,MS_DOrville_151
work_4632,work_15091,Undirected,MS_DOrville_151
work_4632,work_15091,Undirected,MS_DOrville_151
work_4632,work_6210,Undirected,MS_Laud_Misc_538
work_4632,work_6211,Undirected,MS_Laud_Misc_538
work_4632,work_6209,Undirected,MS_Laud_Misc_538
work_4632,work_12867,Undirected,MS_Laud_Misc_538
work_4632,work_13878,Undirected,MS_Laud_Misc_538
work_4632,work_4631,Undirected,MS_Laud_Misc_364
work_4632,work_6205,Undirected,MS_Laud_Misc_538
work_4632,work_820,Undirected,MS_Laud_Misc_364
work_464,work_3831,Undirected,MS_Bodl_866-part2
work_464,work_458,Undirected,MS_Bodl_866-part2
work_464,work_482,Undirected,MS_Bodl_866-part2
work_464,work_456,Undirected,MS_Bodl_866-part2
work_464,work_820,Undirected,MS_Rawl_A_418
work_464,work_472,Undirected,MS_Bodl_843-part1
work_464,work_15420,Undirected,St_Johns_College_MS_120
work_464,work_15420,Undirected,St_Johns_College_MS_120
work_464,work_3831,Undirected,MS_Bodl_843-part1
work_464,work_15420,Undirected,St_Johns_College_MS_120
work_464,work_17158,Undirected,St_Johns_College_MS_120
work_464,work_15420,Undirected,St_Johns_College_MS_120
work_4642,work_6006,Undirected,MS_Holkham_Gr_30
work_4642,work_5896,Undirected,MS_Holkham_Gr_30
work_4642,work_6008,Undirected,MS_Holkham_Gr_30
work_4642,work_6020,Undirected,MS_Holkham_Gr_30
work_4642,work_6012,Undirected,MS_Holkham_Gr_30
work_4642,work_6012,Undirected,MS_Holkham_Gr_30
work_4642,work_6011,Undirected,MS_Holkham_Gr_30
work_4642,work_5899,Undirected,MS_Holkham_Gr_30
work_4642,work_6021,Undirected,MS_Holkham_Gr_30
work_4642,work_6010,Undirected,MS_Holkham_Gr_30
work_4642,work_6016,Undirected,MS_Holkham_Gr_30
work_4642,work_6015,Undirected,MS_Holkham_Gr_30
work_4642,work_6017,Undirected,MS_Holkham_Gr_30
work_4642,work_6018,Undirected,MS_Holkham_Gr_30
work_4642,work_6019,Undirected,MS_Holkham_Gr_30
work_4642,work_6016,Undirected,MS_Holkham_Gr_30
work_4642,work_16201,Undirected,MS_Holkham_Gr_30
work_4642,work_12322,Undirected,MS_Holkham_Gr_30
work_4642,work_6014,Undirected,MS_Holkham_Gr_30
work_4642,work_6028,Undirected,MS_Holkham_Gr_30
work_4642,work_13058,Undirected,MS_Holkham_Gr_30
work_4642,work_6026,Undirected,MS_Holkham_Gr_30
work_4642,work_6022,Undirected,MS_Holkham_Gr_30
work_4642,work_6025,Undirected,MS_Holkham_Gr_30
work_4642,work_6020,Undirected,MS_Holkham_Gr_30
work_4642,work_6013,Undirected,MS_Holkham_Gr_30
work_4642,work_6024,Undirected,MS_Holkham_Gr_30
work_4642,work_6007,Undirected,MS_Holkham_Gr_30
work_4642,work_6009,Undirected,MS_Holkham_Gr_30
work_4642,work_6023,Undirected,MS_Holkham_Gr_30
work_4642,work_6027,Undirected,MS_Holkham_Gr_30
work_4648,work_4647,Undirected,MS_Cromwell_8
work_4651,work_4529,Undirected,MS_Auct_F_1_8-part2
work_4658,work_6087,Undirected,MS_Auct_T_1_16
work_4658,work_6088,Undirected,MS_Auct_T_1_16
work_4660,work_1183,Undirected,MS_Auct_F_2_24
work_4660,work_4661,Undirected,MS_Lat_class_d_16
work_4660,work_4661,Undirected,MS_Auct_F_2_24
work_4663,work_1358,Undirected,MS_Laud_Misc_646
work_4663,work_1359,Undirected,MS_Laud_Misc_646
work_4663,work_1360,Undirected,MS_Laud_Misc_646
work_4663,work_11195,Undirected,MS_Laud_Misc_646
work_4665,work_7603,Undirected,St_Johns_College_MS_87
work_4665,work_7602,Undirected,St_Johns_College_MS_117
work_4665,work_7601,Undirected,St_Johns_College_MS_117
work_4665,work_7600,Undirected,St_Johns_College_MS_117
work_4665,work_7602,Undirected,St_Johns_College_MS_87
work_4665,work_10330,Undirected,MS_Ashmole_369-part1
work_4665,work_7605,Undirected,St_Johns_College_MS_117
work_4665,work_7601,Undirected,St_Johns_College_MS_87
work_4665,work_7605,Undirected,St_Johns_College_MS_87
work_4665,work_7600,Undirected,St_Johns_College_MS_87
work_4665,work_7603,Undirected,St_Johns_College_MS_117
work_4666,work_7603,Undirected,MS_DOrville_155
work_4666,work_7601,Undirected,MS_Auct_F_6_27
work_4666,work_7600,Undirected,MS_Auct_F_6_27
work_4666,work_4665,Undirected,MS_DOrville_19
work_4666,work_4665,Undirected,MS_Auct_F_6_27
work_4666,work_7602,Undirected,MS_DOrville_20
work_4666,work_7602,Undirected,MS_Auct_F_6_27
work_4666,work_7603,Undirected,MS_DOrville_20
work_4666,work_7605,Undirected,MS_DOrville_20
work_4666,work_7601,Undirected,MS_DOrville_19
work_4666,work_7602,Undirected,MS_DOrville_19
work_4666,work_7600,Undirected,MS_DOrville_19
work_4666,work_7603,Undirected,MS_Auct_F_6_27
work_4666,work_7605,Undirected,MS_Auct_F_6_27
work_4666,work_16382,Undirected,MS_Auct_F_6_27
work_4666,work_7601,Undirected,MS_DOrville_20
work_4666,work_7600,Undirected,MS_Canon_Class_Lat_97
work_4666,work_7601,Undirected,MS_Canon_Class_Lat_97
work_4666,work_7602,Undirected,MS_Canon_Class_Lat_97
work_4666,work_7603,Undirected,MS_Canon_Class_Lat_97
work_4666,work_4665,Undirected,MS_DOrville_20
work_4666,work_4665,Undirected,MS_DOrville_155
work_4666,work_7600,Undirected,MS_DOrville_155
work_4666,work_7603,Undirected,MS_DOrville_19
work_4666,work_7605,Undirected,MS_DOrville_19
work_4666,work_7601,Undirected,MS_DOrville_155
work_4666,work_7602,Undirected,MS_DOrville_155
work_4666,work_7605,Undirected,MS_DOrville_155
work_4666,work_3421,Undirected,MS_DOrville_155
work_4666,work_7600,Undirected,MS_DOrville_20
work_4666,work_4665,Undirected,MS_Canon_Class_Lat_97
work_4666,work_7602,Undirected,MS_Rawl_G_135
work_4666,work_7601,Undirected,MS_Douce_347
work_4666,work_7605,Undirected,MS_Rawl_G_136
work_4666,work_4665,Undirected,Exeter_College_MS_188
work_4666,work_7602,Undirected,MS_Douce_347
work_4666,work_7603,Undirected,MS_Douce_347
work_4666,work_7605,Undirected,MS_Douce_347
work_4666,work_7603,Undirected,MS_Rawl_G_112
work_4666,work_1896,Undirected,MS_Laud_Lat_72
work_4666,work_1075,Undirected,MS_Laud_Lat_72
work_4666,work_7605,Undirected,MS_Rawl_G_112
work_4666,work_4665,Undirected,MS_Rawl_G_136
work_4666,work_7600,Undirected,MS_Rawl_G_136
work_4666,work_7601,Undirected,MS_Rawl_G_136
work_4666,work_7605,Undirected,MS_Rawl_G_135
work_4666,work_7603,Undirected,MS_Rawl_G_135
work_4666,work_7602,Undirected,MS_Rawl_G_136
work_4666,work_7601,Undirected,MS_Rawl_G_135
work_4666,work_7600,Undirected,MS_Rawl_G_135
work_4666,work_4665,Undirected,MS_Rawl_G_135
work_4666,work_7600,Undirected,MS_Douce_347
work_4666,work_4665,Undirected,MS_Douce_347
work_4666,work_7600,Undirected,Exeter_College_MS_188
work_4666,work_7603,Undirected,MS_Rawl_G_136
work_4666,work_7600,Undirected,MS_Rawl_G_112
work_4666,work_7602,Undirected,MS_Rawl_G_112
work_4666,work_7605,Undirected,Exeter_College_MS_188
work_4666,work_7603,Undirected,Exeter_College_MS_188
work_4666,work_7602,Undirected,Exeter_College_MS_188
work_4666,work_7601,Undirected,Exeter_College_MS_188
work_4666,work_7601,Undirected,MS_Rawl_G_112
work_4666,work_4665,Undirected,MS_Rawl_G_112
work_4667,work_3831,Undirected,MS_Lat_th_d_34
work_4667,work_478,Undirected,MS_Lat_th_d_34
work_4668,work_13232,Undirected,MS_Bodl_587-part3
work_467,work_470,Undirected,MS_Bodl_478
work_4673,work_712,Undirected,MS_Digby_20-part1
work_4673,work_10409,Undirected,MS_Digby_20-part1
work_4673,work_711,Undirected,MS_Digby_20-part1
work_4675,work_1574,Undirected,MS_Bodl_842
work_4675,work_10615,Undirected,MS_Bodl_842
work_4678,work_4679,Undirected,MS_Auct_F_inf_2_4
work_4680,work_5491,Undirected,MS_Bodl_561-part2
work_4682,work_2039,Undirected,MS_Barocci_109
work_4682,work_628,Undirected,MS_Barocci_109
work_4688,work_6796,Undirected,Lincoln_College_MS_Gr_34
work_4688,work_6797,Undirected,Lincoln_College_MS_Gr_34
work_4688,work_6795,Undirected,Lincoln_College_MS_Gr_34
work_4688,work_6798,Undirected,Lincoln_College_MS_Gr_34
work_4690,work_1508,Undirected,MS_Auct_E_4_18
work_4690,work_4688,Undirected,MS_Auct_E_2_14
work_4690,work_3794,Undirected,MS_Auct_E_4_18
work_4690,work_4689,Undirected,MS_Auct_E_2_14
work_4692,work_4693,Undirected,MS_Auct_E_2_15
work_4695,work_10834,Undirected,MS_Laud_Gr_42
work_4695,work_10839,Undirected,MS_Laud_Gr_42
work_4695,work_10756,Undirected,MS_Barocci_132
work_4695,work_929,Undirected,MS_Barocci_132
work_4695,work_1725,Undirected,MS_Barocci_132
work_4697,work_13886,Undirected,MS_Lawn_medieval_17
work_4697,work_14034,Undirected,MS_Lawn_medieval_17
work_4707,work_4706,Undirected,MS_Barocci_97
work_4711,work_6091,Undirected,MS_Auct_T_1_22-part1
work_4711,work_3782,Undirected,MS_Auct_T_1_22-part1
work_4711,work_16229,Undirected,MS_Auct_T_1_22-part1
work_4711,work_16228,Undirected,MS_Auct_T_1_22-part1
work_4713,work_14507,Undirected,MS_Barocci_214-part1
work_4713,work_14508,Undirected,MS_Barocci_214-part1
work_4713,work_2467,Undirected,MS_Barocci_214-part1
work_4713,work_2937,Undirected,MS_Auct_T_2_5
work_4713,work_3252,Undirected,MS_Auct_T_2_5
work_4713,work_1706,Undirected,MS_Auct_T_2_5
work_4713,work_497,Undirected,MS_Barocci_214-part1
work_4713,work_1328,Undirected,MS_Auct_T_2_5
work_4715,work_3242,Undirected,MS_Roe_3
work_472,work_468,Undirected,MS_Bodl_768
work_472,work_462,Undirected,MS_Bodl_768
work_472,work_2623,Undirected,MS_Bodl_196
work_472,work_2084,Undirected,MS_Bodl_196
work_472,work_476,Undirected,MS_Bodl_196
work_472,work_470,Undirected,MS_Bodl_768
work_472,work_473,Undirected,MS_Bodl_196
work_472,work_470,Undirected,MS_Rawl_A_376
work_472,work_473,Undirected,MS_Bodl_768
work_472,work_3830,Undirected,MS_Canon_Pat_Lat_157
work_472,work_470,Undirected,MS_Bodl_196
work_472,work_470,Undirected,MS_Canon_Pat_Lat_157
work_472,work_3830,Undirected,MS_Bodl_768
work_472,work_2292,Undirected,MS_Rawl_A_376
work_472,work_3830,Undirected,MS_Rawl_A_376
work_472,work_476,Undirected,MS_Rawl_A_376
work_472,work_473,Undirected,MS_Rawl_A_376
work_472,work_473,Undirected,MS_Canon_Pat_Lat_157
work_472,work_476,Undirected,MS_Bodl_768
work_4724,work_12137,Undirected,MS_Canon_Gr_13
work_4724,work_4712,Undirected,MS_Canon_Gr_13
work_4728,work_4734,Undirected,MS_Savile_4
work_473,work_470,Undirected,MS_Lat_th_d_5
work_473,work_779,Undirected,MS_Lat_th_d_5
work_4731,work_15353,Undirected,MS_Bodl_572-part1B
work_4736,work_6218,Undirected,MS_Holkham_Gr_70
work_4736,work_14570,Undirected,MS_Barocci_40
work_4736,work_6223,Undirected,MS_Holkham_Gr_70
work_4736,work_2673,Undirected,MS_Holkham_Gr_70
work_4736,work_6217,Undirected,MS_Holkham_Gr_70
work_4736,work_6220,Undirected,MS_Holkham_Gr_70
work_4736,work_2532,Undirected,MS_Holkham_Gr_69
work_4736,work_6215,Undirected,MS_Holkham_Gr_69
work_4736,work_6222,Undirected,MS_Holkham_Gr_70
work_4736,work_6221,Undirected,MS_Holkham_Gr_70
work_4736,work_931,Undirected,MS_Holkham_Gr_70
work_4736,work_6219,Undirected,MS_Holkham_Gr_70
work_4736,work_6216,Undirected,MS_Holkham_Gr_70
work_4737,work_2771,Undirected,MS_Barocci_193
work_4743,work_4743,Undirected,MS_Holkham_Gr_50
work_4743,work_4743,Undirected,MS_Holkham_Gr_50
work_4743,work_4687,Undirected,MS_Auct_E_2_13
work_4743,work_4743,Undirected,MS_Holkham_Gr_49
work_4745,work_1834,Undirected,MS_Barocci_146
work_4745,work_12841,Undirected,MS_Barocci_146
work_4747,work_4746,Undirected,MS_Lyell_49-part3
work_4749,work_12482,Undirected,MS_Douce_d_6
work_4749,work_12602,Undirected,MS_Douce_d_6
work_4749,work_11464,Undirected,MS_Douce_d_6
work_4753,work_4753,Undirected,MS_Rawl_G_166
work_4755,work_1830,Undirected,MS_Lat_misc_b_25-part3
work_4755,work_4756,Undirected,MS_Lat_misc_b_18-part45
work_4756,work_7216,Undirected,Merton_College_MS_273
work_4756,work_7215,Undirected,Merton_College_MS_273
work_4757,work_5431,Undirected,Lincoln_College_MS_Lat_95
work_4757,work_5771,Undirected,MS_Laud_Misc_224
work_4757,work_12374,Undirected,Merton_College_MS_97
work_4757,work_12374,Undirected,Merton_College_MS_98
work_4757,work_4252,Undirected,Merton_College_MS_98
work_4757,work_12374,Undirected,Merton_College_MS_99
work_4757,work_3821,Undirected,MS_Laud_Misc_224
work_4759,work_3338,Undirected,MS_Bodl_140
work_4759,work_4763,Undirected,MS_Bodl_140
work_4762,work_4760,Undirected,MS_Bodl_674
work_4762,work_4445,Undirected,MS_Bodl_674
work_477,work_454,Undirected,MS_Canon_Pat_Lat_214
work_4774,work_4776,Undirected,MS_Bodl_214
work_4774,work_7232,Undirected,MS_Bodl_214
work_4774,work_4771,Undirected,MS_Bodl_214
work_4774,work_4775,Undirected,MS_Bodl_214
work_4775,work_13955,Undirected,MS_Laud_Misc_480-part2
work_478,work_4132,Undirected,MS_Bodl_757
work_478,work_3831,Undirected,MS_Bodl_757
work_478,work_5478,Undirected,MS_Bodl_757
work_478,work_6358,Undirected,MS_Laud_Misc_236
work_478,work_4035,Undirected,MS_Bodl_757
work_478,work_5841,Undirected,MS_Bodl_757
work_478,work_458,Undirected,MS_Bodl_757
work_478,work_4037,Undirected,MS_Bodl_757
work_478,work_3830,Undirected,MS_Bodl_757
work_478,work_463,Undirected,MS_Bodl_757
work_478,work_466,Undirected,MS_Bodl_757
work_478,work_467,Undirected,MS_Bodl_757
work_478,work_6607,Undirected,MS_Bodl_757
work_478,work_464,Undirected,MS_Bodl_757
work_478,work_460,Undirected,MS_Bodl_757
work_478,work_476,Undirected,MS_Bodl_757
work_478,work_16335,Undirected,MS_Laud_Misc_236
work_478,work_6609,Undirected,MS_Bodl_757
work_478,work_6359,Undirected,MS_Laud_Misc_236
work_478,work_6360,Undirected,MS_Laud_Misc_236
work_478,work_3483,Undirected,MS_Bodl_757
work_478,work_6104,Undirected,MS_Laud_Misc_236
work_478,work_470,Undirected,MS_Bodl_757
work_478,work_472,Undirected,MS_Bodl_757
work_478,work_455,Undirected,MS_Bodl_757
work_478,work_468,Undirected,MS_Bodl_757
work_478,work_462,Undirected,MS_Bodl_757
work_478,work_454,Undirected,MS_Bodl_757
work_478,work_456,Undirected,MS_Bodl_757
work_478,work_480,Undirected,MS_Bodl_757
work_478,work_473,Undirected,MS_Bodl_757
work_478,work_475,Undirected,MS_Bodl_757
work_4780,work_12374,Undirected,Merton_College_MS_74
work_4780,work_12374,Undirected,Merton_College_MS_75
work_4780,work_12374,Undirected,Merton_College_MS_72
work_4780,work_12374,Undirected,Merton_College_MS_73
work_4781,work_4778,Undirected,MS_Roe_21
work_4785,work_14583,Undirected,MS_Hamilton_43-part1
work_4787,work_16324,Undirected,MS_Ashmole_789-part7
work_4792,work_984,Undirected,MS_Lat_th_e_49
work_480,work_455,Undirected,MS_Bodl_751-part1
work_480,work_465,Undirected,MS_Canon_Pat_Lat_209
work_480,work_468,Undirected,MS_Canon_Pat_Lat_209
work_480,work_467,Undirected,MS_Bodl_751-part1
work_4802,work_11562,Undirected,Exeter_College_MS_14
work_4805,work_4810,Undirected,MS_Laud_Misc_735
work_4805,work_4811,Undirected,MS_Bodl_221
work_4805,work_2720,Undirected,MS_Bodl_221
work_4805,work_4806,Undirected,MS_Bodl_221
work_4805,work_4807,Undirected,MS_Bodl_221
work_4805,work_4806,Undirected,MS_Laud_Misc_735
work_4805,work_4810,Undirected,MS_Bodl_221
work_4805,work_2720,Undirected,MS_Laud_Misc_735
work_4805,work_4804,Undirected,MS_Bodl_221
work_4805,work_4804,Undirected,MS_Laud_Misc_735
work_4805,work_4807,Undirected,MS_Laud_Misc_735
work_4805,work_4811,Undirected,MS_Laud_Misc_735
work_4806,work_4810,Undirected,MS_Digby_185-part2
work_4806,work_4810,Undirected,MS_Selden_Supra_53
work_4806,work_4811,Undirected,MS_Selden_Supra_53
work_4806,work_4807,Undirected,MS_Selden_Supra_53
work_4806,work_4811,Undirected,MS_Digby_185-part2
work_4806,work_4804,Undirected,MS_Selden_Supra_53
work_4806,work_4805,Undirected,MS_Selden_Supra_53
work_4806,work_2720,Undirected,MS_Selden_Supra_53
work_4808,work_6326,Undirected,MS_Digby_181-part1
work_4808,work_1664,Undirected,MS_Digby_181-part1
work_4808,work_3504,Undirected,MS_Digby_181-part1
work_4808,work_2724,Undirected,MS_Digby_181-part1
work_4808,work_1661,Undirected,MS_Digby_181-part1
work_4810,work_4811,Undirected,MS_Eng_poet_d_4
work_4815,work_276,Undirected,MS_Canon_Gr_40
work_4815,work_634,Undirected,MS_Canon_Gr_40
work_4815,work_277,Undirected,MS_Canon_Gr_40
work_4815,work_639,Undirected,MS_Canon_Gr_40
work_482,work_459,Undirected,MS_Canon_Pat_Lat_229-part3
work_4821,work_1693,Undirected,MS_e_Mus_63-part1
work_4825,work_2719,Undirected,MS_Bodl_832
work_4825,work_15283,Undirected,MS_Bodl_832
work_4825,work_4518,Undirected,MS_Bodl_832
work_4825,work_959,Undirected,MS_Bodl_832
work_4825,work_10409,Undirected,MS_Bodl_832
work_4825,work_15088,Undirected,MS_Bodl_832
work_4825,work_15094,Undirected,MS_Bodl_832
work_4827,work_3557,Undirected,Merton_College_MS_31
work_4827,work_2908,Undirected,Merton_College_MS_31
work_4827,work_2909,Undirected,Merton_College_MS_31
work_4827,work_6457,Undirected,MS_Laud_Misc_426_partA
work_4827,work_3276,Undirected,MS_Canon_Pat_Lat_102
work_4827,work_2910,Undirected,Merton_College_MS_31
work_4833,work_4837,Undirected,MS_Rawl_B_214-part1
work_4833,work_16461,Undirected,MS_Rawl_B_214-part1
work_4833,work_7613,Undirected,MS_Rawl_B_214-part1
work_4833,work_16460,Undirected,MS_Rawl_B_214-part1
work_4842,work_16446,Undirected,MS_Douce_85
work_4842,work_4842,Undirected,MS_Douce_85
work_4842,work_901,Undirected,MS_Canon_Misc_234
work_4842,work_2851,Undirected,MS_Douce_85
work_4842,work_14901,Undirected,MS_Selden_Supra_75
work_4844,work_15305,Undirected,MS_Canon_Ital_123
work_4846,work_4957,Undirected,MS_Digby_33-part1
work_4846,work_4845,Undirected,MS_Digby_33-part1
work_4852,work_5089,Undirected,MS_Bodl_158-part4
work_4852,work_11551,Undirected,MS_Digby_75-part2
work_4852,work_230,Undirected,MS_Digby_75-part2
work_4852,work_6273,Undirected,MS_Bodl_158-part4
work_4852,work_4255,Undirected,MS_Bodl_158-part4
work_4852,work_10277,Undirected,MS_Digby_75-part2
work_4852,work_10409,Undirected,MS_Digby_75-part2
work_4859,work_4132,Undirected,MS_Laud_Misc_167
work_4859,work_821,Undirected,MS_Laud_Misc_215
work_4859,work_3921,Undirected,MS_Laud_Misc_167
work_4859,work_3894,Undirected,MS_Laud_Misc_167
work_4859,work_1375,Undirected,MS_Laud_Misc_167
work_4859,work_3894,Undirected,MS_Laud_Misc_215
work_486,work_14194,Undirected,MS_Rawl_C_177
work_4864,work_4861,Undirected,MS_Lat_th_f_10
work_4864,work_4856,Undirected,MS_Lat_th_f_10
work_4864,work_4858,Undirected,MS_Lat_th_f_10
work_4864,work_4859,Undirected,MS_Lat_th_f_10
work_4864,work_4857,Undirected,MS_Lat_th_f_10
work_4864,work_4863,Undirected,MS_Lat_th_f_10
work_4864,work_4862,Undirected,MS_Lat_th_f_10
work_4864,work_4855,Undirected,MS_Lat_th_f_10
work_4864,work_4854,Undirected,MS_Lat_th_f_10
work_4866,work_3075,Undirected,MS_Canon_Gr_48
work_4866,work_1401,Undirected,MS_Canon_Gr_48
work_4867,work_1783,Undirected,MS_DOrville_167
work_4867,work_1218,Undirected,MS_Canon_Class_Lat_33
work_4867,work_4134,Undirected,MS_DOrville_167
work_4867,work_3102,Undirected,MS_DOrville_167
work_4867,work_3421,Undirected,MS_DOrville_162
work_4867,work_4079,Undirected,MS_DOrville_162
work_4867,work_4081,Undirected,MS_DOrville_162
work_4867,work_4078,Undirected,MS_DOrville_162
work_4867,work_576,Undirected,MS_DOrville_167
work_4867,work_3421,Undirected,MS_DOrville_166
work_4867,work_3799,Undirected,MS_Lat_class_e_3
work_4867,work_3757,Undirected,MS_DOrville_167
work_4867,work_1218,Undirected,MS_Lat_class_e_3
work_4867,work_3426,Undirected,MS_DOrville_162
work_4867,work_3421,Undirected,MS_Laud_Lat_77
work_487,work_4042,Undirected,MS_Lyell_empt_9
work_487,work_6558,Undirected,MS_Lyell_empt_9
work_487,work_482,Undirected,MS_Lyell_empt_9
work_4874,work_13881,Undirected,MS_Canon_Ital_13
work_4875,work_1629,Undirected,MS_Canon_Class_Lat_113
work_4882,work_4883,Undirected,MS_Canon_Class_Lat_120
work_4884,work_7321,Undirected,MS_Laud_Misc_220
work_4888,work_348,Undirected,MS_Digby_37-part1
work_4888,work_1285,Undirected,MS_Digby_37-part1
work_4888,work_14525,Undirected,MS_Digby_37-part1
work_489,work_15468,Undirected,MS_Rawl_A_416
work_489,work_2110,Undirected,MS_Rawl_A_416
work_489,work_3503,Undirected,MS_Rawl_A_416
work_489,work_3360,Undirected,MS_Rawl_A_416
work_489,work_2813,Undirected,MS_Rawl_A_416
work_489,work_12278,Undirected,MS_Rawl_A_416
work_489,work_2294,Undirected,MS_Rawl_A_416
work_489,work_175,Undirected,MS_Rawl_A_416
work_4890,work_11416,Undirected,MS_Rawl_A_371
work_4890,work_16378,Undirected,MS_Laud_Misc_393
work_4890,work_16377,Undirected,MS_Laud_Misc_393
work_4890,work_11530,Undirected,MS_Rawl_liturg_e_42
work_4894,work_5432,Undirected,MS_Rawl_G_142
work_4894,work_4964,Undirected,MS_Canon_Class_Lat_259
work_4894,work_4523,Undirected,MS_Canon_Class_Lat_260
work_4894,work_6058,Undirected,MS_Auct_F_inf_1_1
work_4894,work_12638,Undirected,MS_Canon_Class_Lat_260
work_4894,work_4964,Undirected,MS_Canon_Class_Lat_260
work_4900,work_12226,Undirected,MS_Auct_F_3_3-part2
work_4900,work_4964,Undirected,MS_Douce_147-part1
work_4900,work_1579,Undirected,MS_Auct_F_3_1
work_4900,work_4894,Undirected,MS_Douce_147-part1
work_4901,work_4903,Undirected,MS_Auct_T_2_25
work_4904,work_5625,Undirected,MS_Canon_Ital_157-part7
work_4904,work_4118,Undirected,MS_Canon_Ital_157-part7
work_4905,work_288,Undirected,MS_Lat_class_f_3
work_4905,work_588,Undirected,MS_DOrville_147-partA
work_4907,work_1509,Undirected,MS_Holkham_misc_5
work_4907,work_11709,Undirected,MS_Laud_Misc_247
work_4907,work_10448,Undirected,MS_Laud_Misc_247
work_4907,work_1457,Undirected,MS_Laud_Misc_247
work_4907,work_3455,Undirected,MS_Laud_Misc_247
work_4907,work_12220,Undirected,MS_Laud_Misc_247
work_4907,work_12221,Undirected,MS_Laud_Misc_247
work_4907,work_11056,Undirected,MS_Laud_Misc_247
work_4908,work_2285,Undirected,MS_Auct_T_2_21
work_4910,work_747,Undirected,MS_Bodl_201-part1
work_4910,work_6605,Undirected,MS_Bodl_201-part1
work_4910,work_820,Undirected,MS_Bodl_201-part1
work_4910,work_4165,Undirected,MS_Bodl_201-part1
work_4912,work_2924,Undirected,MS_Douce_162
work_4912,work_14577,Undirected,MS_Douce_162
work_4915,work_12221,Undirected,MS_Bodl_287
work_4915,work_10957,Undirected,MS_Bodl_287
work_4920,work_1887,Undirected,MS_Canon_Class_Lat_62
work_4920,work_4921,Undirected,MS_Auct_F_4_21
work_4920,work_4921,Undirected,MS_Canon_Class_Lat_51
work_4920,work_4922,Undirected,MS_Auct_F_4_21
work_4920,work_4133,Undirected,MS_Canon_Class_Lat_55
work_4920,work_4922,Undirected,MS_Canon_Class_Lat_51
work_4920,work_3781,Undirected,MS_St_Amand_53
work_4921,work_4922,Undirected,MS_Auct_F_2_5
work_4921,work_4920,Undirected,MS_Auct_F_2_5
work_4921,work_4920,Undirected,MS_Canon_Class_Lat_57-part1
work_4921,work_4922,Undirected,MS_Canon_Class_Lat_57-part1
work_4921,work_4922,Undirected,MS_Canon_Class_Lat_50
work_4921,work_4922,Undirected,MS_Canon_Class_Lat_65
work_4921,work_3102,Undirected,MS_Canon_Class_Lat_60
work_4921,work_4920,Undirected,MS_Canon_Class_Lat_56
work_4921,work_4920,Undirected,MS_Canon_Class_Lat_61
work_4921,work_4922,Undirected,MS_Canon_Class_Lat_61
work_4921,work_4922,Undirected,MS_Canon_Class_Lat_56
work_4921,work_4920,Undirected,MS_Canon_Class_Lat_65
work_4921,work_4922,Undirected,MS_Ashmole_54
work_4921,work_15199,Undirected,MS_Ashmole_54
work_4921,work_4920,Undirected,MS_Ashmole_54
work_4921,work_4922,Undirected,MS_Canon_Class_Lat_53
work_4921,work_11463,Undirected,MS_Auct_F_2_8
work_4921,work_4920,Undirected,MS_Auct_F_2_8
work_4921,work_4922,Undirected,MS_Auct_F_2_8
work_4921,work_4920,Undirected,MS_Canon_Class_Lat_50
work_4921,work_4922,Undirected,Christ_Church_MS_114
work_4921,work_13881,Undirected,MS_DOrville_159
work_4921,work_4922,Undirected,MS_Rawl_G_129-part1
work_4921,work_4922,Undirected,MS_DOrville_160
work_4921,work_4920,Undirected,MS_DOrville_161
work_4921,work_4922,Undirected,MS_DOrville_161
work_4921,work_4922,Undirected,MS_DOrville_159
work_4921,work_4922,Undirected,MS_Rawl_G_131
work_4921,work_4920,Undirected,MS_Rawl_G_131
work_4922,work_917,Undirected,MS_Canon_Class_Lat_58
work_4922,work_12031,Undirected,MS_Canon_Class_Lat_58
work_4922,work_3811,Undirected,MS_Canon_Class_Lat_58
work_4922,work_1250,Undirected,MS_Canon_Class_Lat_58
work_4925,work_4517,Undirected,MS_Auct_F_1_16
work_4925,work_12054,Undirected,MS_Auct_F_1_16
work_4937,work_4388,Undirected,MS_Digby_98-part4
work_4937,work_10409,Undirected,MS_Digby_98-part4
work_4938,work_4949,Undirected,St_Johns_College_MS_113-part2
work_4938,work_6746,Undirected,St_Johns_College_MS_113-part2
work_494,work_498,Undirected,MS_Cromwell_6
work_494,work_3660,Undirected,MS_Cromwell_6
work_494,work_3661,Undirected,MS_Cromwell_6
work_494,work_15030,Undirected,MS_Cromwell_6
work_494,work_10299,Undirected,MS_Cromwell_6
work_494,work_2674,Undirected,MS_Cromwell_6
work_494,work_3156,Undirected,MS_Cromwell_6
work_494,work_4127,Undirected,MS_Cromwell_6
work_494,work_4586,Undirected,MS_Cromwell_6
work_494,work_2475,Undirected,MS_Cromwell_6
work_494,work_2486,Undirected,MS_Cromwell_6
work_494,work_2041,Undirected,MS_Cromwell_6
work_4945,work_10319,Undirected,MS_Digby_104-part8
work_4945,work_4946,Undirected,MS_Digby_172-part1
work_4945,work_849,Undirected,MS_Digby_104-part8
work_4945,work_647,Undirected,MS_Digby_104-part8
work_4945,work_4365,Undirected,MS_Digby_104-part8
work_4945,work_4360,Undirected,MS_Digby_104-part8
work_4945,work_4368,Undirected,MS_Digby_104-part8
work_4948,work_4120,Undirected,MS_Bywater_12
work_4951,work_2691,Undirected,MS_Bodl_643
work_4951,work_5480,Undirected,MS_Bodl_643
work_4951,work_4802,Undirected,MS_Bodl_643
work_4956,work_15003,Undirected,MS_Digby_115
work_4956,work_3930,Undirected,MS_Digby_115
work_4956,work_2357,Undirected,MS_Digby_115
work_4957,work_13009,Undirected,MS_Lat_th_f_20
work_4957,work_13966,Undirected,MS_Lat_th_f_20
work_4957,work_3609,Undirected,MS_Lat_th_f_20
work_4959,work_14333,Undirected,MS_Rawl_A_355
work_4960,work_14334,Undirected,MS_Rawl_C_285
work_4960,work_4287,Undirected,MS_Rawl_C_285
work_4961,work_2754,Undirected,MS_Rawl_C_397
work_4961,work_11248,Undirected,MS_Rawl_C_397
work_4963,work_16458,Undirected,MS_Bodl_851-partI
work_4963,work_16457,Undirected,MS_Bodl_851-partI
work_4963,work_16358,Undirected,MS_Bodl_851-partI
work_4963,work_16462,Undirected,MS_Bodl_851-partI
work_4964,work_13886,Undirected,MS_Add_A_365-part1
work_4967,work_5010,Undirected,MS_Canon_Misc_219
work_4967,work_2716,Undirected,MS_Canon_Misc_219
work_4967,work_11147,Undirected,MS_Canon_Misc_219
work_4967,work_3607,Undirected,MS_Canon_Misc_219
work_4967,work_13084,Undirected,MS_Canon_Misc_219
work_4967,work_4186,Undirected,MS_Canon_Misc_219
work_4967,work_2007,Undirected,MS_Canon_Misc_219
work_4969,work_1282,Undirected,MS_Auct_F_2_16-part2
work_4969,work_1280,Undirected,MS_Auct_F_2_16-part2
work_4969,work_1281,Undirected,MS_Auct_F_2_16-part2
work_4969,work_12151,Undirected,MS_DOrville_205
work_4972,work_4964,Undirected,MS_Digby_147
work_4972,work_15094,Undirected,MS_Digby_147
work_4972,work_312,Undirected,MS_Digby_147
work_4972,work_1969,Undirected,MS_Digby_147
work_4972,work_5020,Undirected,MS_Digby_147
work_4972,work_4545,Undirected,MS_Digby_147
work_4972,work_10409,Undirected,MS_Digby_147
work_4972,work_3599,Undirected,MS_Digby_147
work_4972,work_14950,Undirected,MS_Digby_147
work_4972,work_2738,Undirected,MS_Digby_147
work_4972,work_4124,Undirected,MS_Digby_147
work_4972,work_4304,Undirected,MS_Digby_147
work_4972,work_10154,Undirected,MS_Digby_147
work_4977,work_6682,Undirected,MS_Bodl_851-PartII
work_4977,work_4927,Undirected,MS_Bodl_851-PartII
work_4977,work_10241,Undirected,MS_Bodl_851-PartII
work_4977,work_16461,Undirected,MS_Bodl_851-PartII
work_4977,work_16460,Undirected,MS_Bodl_851-PartII
work_4977,work_3349,Undirected,MS_Bodl_851-PartII
work_4977,work_10432,Undirected,MS_Bodl_851-PartII
work_4977,work_2807,Undirected,MS_Bodl_851-PartII
work_4977,work_16459,Undirected,MS_Bodl_851-PartII
work_4977,work_6683,Undirected,MS_Bodl_851-PartII
work_4977,work_11440,Undirected,MS_Bodl_851-PartII
work_4977,work_14034,Undirected,MS_Bodl_851-PartII
work_4984,work_1030,Undirected,Merton_College_MS_110
work_4984,work_7034,Undirected,Merton_College_MS_110
work_4984,work_4914,Undirected,Merton_College_MS_110
work_4984,work_1038,Undirected,Merton_College_MS_110
work_4984,work_2116,Undirected,Merton_College_MS_110
work_4984,work_3519,Undirected,Merton_College_MS_110
work_4984,work_2254,Undirected,Merton_College_MS_110
work_4984,work_7033,Undirected,Merton_College_MS_110
work_4984,work_7032,Undirected,Merton_College_MS_110
work_4984,work_2258,Undirected,Merton_College_MS_110
work_4985,work_14752,Undirected,MS_Bodl_825-part3
work_4988,work_4990,Undirected,Merton_College_MS_214
work_4988,work_12374,Undirected,Merton_College_MS_214
work_4988,work_4989,Undirected,Merton_College_MS_214
work_4989,work_4991,Undirected,MS_Laud_Misc_376-part2
work_4989,work_4989,Undirected,MS_Laud_Misc_376-part2
work_4989,work_6248,Undirected,MS_Laud_Misc_376-part2
work_499,work_6163,Undirected,MS_Holkham_Gr_55
work_499,work_6164,Undirected,MS_Holkham_Gr_55
work_499,work_5137,Undirected,MS_Holkham_Gr_55
work_499,work_6161,Undirected,MS_Holkham_Gr_55
work_499,work_6160,Undirected,MS_Holkham_Gr_55
work_499,work_6159,Undirected,MS_Holkham_Gr_55
work_499,work_499,Undirected,MS_Holkham_Gr_55
work_499,work_6162,Undirected,MS_Holkham_Gr_55
work_499,work_1471,Undirected,MS_Barocci_206-part3
work_499,work_12858,Undirected,MS_Rawl_Q_e_33
work_499,work_2208,Undirected,MS_Barocci_206-part3
work_499,work_5141,Undirected,MS_Barocci_206-part3
work_499,work_5137,Undirected,MS_Barocci_206-part3
work_499,work_5139,Undirected,MS_Barocci_206-part3
work_499,work_5139,Undirected,MS_Barocci_206-part3
work_499,work_1470,Undirected,MS_Barocci_206-part3
work_499,work_1838,Undirected,MS_Barocci_206-part3
work_499,work_2043,Undirected,MS_Barocci_206-part3
work_499,work_5138,Undirected,MS_Barocci_206-part3
work_499,work_6038,Undirected,MS_Holkham_Gr_43
work_499,work_499,Undirected,MS_Holkham_Gr_55
work_499,work_6035,Undirected,MS_Holkham_Gr_43
work_499,work_16205,Undirected,MS_Holkham_Gr_43
work_499,work_6034,Undirected,MS_Holkham_Gr_43
work_499,work_6033,Undirected,MS_Holkham_Gr_43
work_499,work_15310,Undirected,MS_Cromwell_7
work_499,work_2272,Undirected,MS_Cromwell_7
work_499,work_15252,Undirected,MS_Barocci_206-part3
work_499,work_6032,Undirected,MS_Holkham_Gr_43
work_499,work_16204,Undirected,MS_Holkham_Gr_43
work_499,work_5871,Undirected,MS_Holkham_Gr_43
work_499,work_6031,Undirected,MS_Holkham_Gr_43
work_499,work_6030,Undirected,MS_Holkham_Gr_43
work_499,work_16203,Undirected,MS_Holkham_Gr_43
work_499,work_6027,Undirected,MS_Holkham_Gr_43
work_499,work_16202,Undirected,MS_Holkham_Gr_43
work_499,work_2661,Undirected,MS_Holkham_Gr_43
work_499,work_14578,Undirected,MS_Roe_17
work_499,work_16206,Undirected,MS_Holkham_Gr_43
work_499,work_6041,Undirected,MS_Holkham_Gr_43
work_499,work_6039,Undirected,MS_Holkham_Gr_43
work_499,work_6040,Undirected,MS_Holkham_Gr_43
work_499,work_16208,Undirected,MS_Holkham_Gr_43
work_499,work_5857,Undirected,MS_Holkham_Gr_43
work_499,work_1464,Undirected,MS_Holkham_Gr_43
work_499,work_10255,Undirected,MS_Holkham_Gr_43
work_499,work_2467,Undirected,MS_Holkham_Gr_43
work_499,work_10255,Undirected,MS_Holkham_Gr_43
work_499,work_3436,Undirected,MS_Holkham_Gr_43
work_499,work_4717,Undirected,MS_Holkham_Gr_43
work_499,work_16143,Undirected,MS_Holkham_Gr_43
work_499,work_6037,Undirected,MS_Holkham_Gr_43
work_499,work_16101,Undirected,MS_Holkham_Gr_43
work_499,work_5881,Undirected,MS_Holkham_Gr_43
work_499,work_5698,Undirected,MS_Holkham_Gr_43
work_499,work_16207,Undirected,MS_Holkham_Gr_43
work_499,work_15303,Undirected,MS_Roe_17
work_499,work_718,Undirected,MS_Cromwell_7
work_499,work_499,Undirected,MS_Holkham_Gr_55
work_499,work_499,Undirected,MS_Holkham_Gr_55
work_499,work_499,Undirected,MS_Holkham_Gr_55
work_499,work_499,Undirected,MS_Holkham_Gr_55
work_499,work_937,Undirected,MS_Holkham_Gr_55
work_499,work_6166,Undirected,MS_Holkham_Gr_55
work_499,work_499,Undirected,MS_Holkham_Gr_55
work_499,work_16246,Undirected,MS_Holkham_Gr_55
work_499,work_499,Undirected,MS_Holkham_Gr_55
work_499,work_5906,Undirected,MS_Holkham_Gr_55
work_499,work_6165,Undirected,MS_Holkham_Gr_55
work_499,work_718,Undirected,MS_Holkham_Gr_55
work_499,work_499,Undirected,MS_Holkham_Gr_55
work_499,work_6167,Undirected,MS_Holkham_Gr_55
work_499,work_499,Undirected,MS_Holkham_Gr_55
work_499,work_499,Undirected,MS_Holkham_Gr_55
work_499,work_499,Undirected,MS_Holkham_Gr_55
work_499,work_4687,Undirected,MS_Holkham_Gr_55
work_4990,work_3263,Undirected,MS_Lat_th_e_17
work_4991,work_4257,Undirected,MS_Laud_Misc_439-part5
work_4995,work_6366,Undirected,MS_Hamilton_24
work_4995,work_11344,Undirected,MS_Hamilton_24
work_4995,work_11343,Undirected,MS_Hamilton_24
work_4995,work_16344,Undirected,MS_Hamilton_24
work_4995,work_2451,Undirected,MS_Hamilton_24
work_4995,work_6365,Undirected,MS_Hamilton_24
work_4995,work_4131,Undirected,MS_Hamilton_24
work_4995,work_1769,Undirected,MS_Hamilton_24
work_4995,work_1152,Undirected,MS_Hamilton_24
work_4995,work_2795,Undirected,MS_Hamilton_24
work_4995,work_16347,Undirected,MS_Hamilton_24
work_4995,work_16346,Undirected,MS_Hamilton_24
work_4995,work_1770,Undirected,MS_Hamilton_24
work_4995,work_16348,Undirected,MS_Hamilton_24
work_4995,work_14583,Undirected,MS_Hamilton_24
work_4995,work_6364,Undirected,MS_Hamilton_24
work_4995,work_2795,Undirected,MS_Hamilton_24
work_4995,work_16345,Undirected,MS_Hamilton_24
work_4996,work_13227,Undirected,MS_Canon_Ital_176
work_4997,work_5097,Undirected,MS_Canon_Misc_430
work_4997,work_1173,Undirected,MS_Canon_Misc_124
work_4997,work_15209,Undirected,MS_Canon_Misc_430
work_4999,work_4998,Undirected,MS_Digby_204-part6
work_5004,work_10921,Undirected,MS_Marshall_75
work_5005,work_2003,Undirected,MS_Douce_287
work_5005,work_2849,Undirected,MS_Douce_287
work_5005,work_12732,Undirected,MS_Douce_287
work_5005,work_11349,Undirected,MS_Douce_287
work_5014,work_4258,Undirected,MS_Canon_Misc_409
work_5014,work_13084,Undirected,MS_Canon_Misc_409
work_5016,work_14056,Undirected,MS_Digby_145
work_5016,work_2699,Undirected,MS_Digby_145
work_5026,work_5123,Undirected,MS_Digby_72
work_5026,work_10345,Undirected,MS_Digby_72
work_5026,work_366,Undirected,MS_Digby_72
work_5026,work_2718,Undirected,MS_Bodl_432
work_5026,work_5120,Undirected,MS_Digby_72
work_5026,work_10358,Undirected,MS_Ashmole_393-part4
work_5026,work_1228,Undirected,MS_Digby_72
work_5026,work_2782,Undirected,MS_Bodl_432
work_5026,work_10396,Undirected,MS_Bodl_432
work_5028,work_14544,Undirected,MS_Douce_53
work_5031,work_5032,Undirected,MS_Bodl_703
work_5031,work_11660,Undirected,MS_Bodl_703
work_5031,work_2770,Undirected,MS_Bodl_703
work_5031,work_5034,Undirected,MS_Bodl_703
work_5031,work_5033,Undirected,MS_Bodl_703
work_5032,work_15240,Undirected,MS_Digby_170-part1
work_5032,work_764,Undirected,MS_Bodl_393-part2
work_5032,work_837,Undirected,MS_Bodl_393-part2
work_5032,work_818,Undirected,MS_Bodl_393-part2
work_5032,work_818,Undirected,MS_Bodl_393-part2
work_5032,work_820,Undirected,MS_Bodl_393-part2
work_5032,work_820,Undirected,MS_Bodl_393-part2
work_5032,work_1576,Undirected,MS_Bodl_393-part2
work_5032,work_769,Undirected,MS_Bodl_393-part2
work_5032,work_784,Undirected,MS_Bodl_393-part2
work_5033,work_4105,Undirected,Exeter_College_MS_7
work_5033,work_4288,Undirected,Exeter_College_MS_7
work_5033,work_17001,Undirected,Exeter_College_MS_7
work_5035,work_2471,Undirected,MS_Lat_th_e_25
work_5036,work_5037,Undirected,MS_Laud_Misc_574
work_5036,work_5037,Undirected,MS_Laud_Misc_320-part2
work_5036,work_14679,Undirected,MS_Hamilton_6
work_5036,work_14583,Undirected,MS_Hamilton_6
work_5036,work_3337,Undirected,MS_Hamilton_6
work_5036,work_3298,Undirected,MS_Laud_Misc_574
work_5036,work_11737,Undirected,MS_Hamilton_6
work_5036,work_14583,Undirected,MS_Hamilton_6
work_5036,work_6157,Undirected,MS_Hamilton_6
work_5036,work_16247,Undirected,MS_Hamilton_6
work_5036,work_11712,Undirected,MS_Hamilton_6
work_5041,work_15198,Undirected,MS_Laud_Misc_345-part2
work_5041,work_2113,Undirected,MS_Laud_Misc_345-part2
work_5041,work_3149,Undirected,MS_Laud_Misc_345-part2
work_5041,work_15091,Undirected,MS_Laud_Misc_345-part2
work_5041,work_1290,Undirected,MS_Laud_Misc_345-part2
work_5041,work_3952,Undirected,MS_Laud_Misc_345-part2
work_5041,work_1026,Undirected,MS_Laud_Misc_345-part2
work_5041,work_14583,Undirected,MS_Laud_Misc_345-part2
work_5042,work_12790,Undirected,MS_Lat_th_e_18
work_5042,work_11805,Undirected,MS_Rawl_G_60-part1
work_5042,work_4386,Undirected,MS_Rawl_G_60-part1
work_5042,work_2376,Undirected,MS_Lat_th_e_18
work_5042,work_14999,Undirected,MS_Lat_th_e_18
work_5042,work_12790,Undirected,MS_Lat_th_e_18
work_5042,work_12634,Undirected,MS_Lat_th_e_18
work_5042,work_11562,Undirected,MS_Rawl_G_60-part1
work_5045,work_11459,Undirected,MS_Bodl_157-part2
work_5045,work_14583,Undirected,MS_Bodl_157-part2
work_5047,work_5048,Undirected,MS_Bodl_281
work_5047,work_15135,Undirected,MS_Bodl_281
work_5047,work_5055,Undirected,MS_Bodl_281
work_5047,work_5052,Undirected,MS_Bodl_281
work_5047,work_5048,Undirected,Merton_College_MS_136
work_5047,work_5055,Undirected,Merton_College_MS_136
work_5047,work_7051,Undirected,Merton_College_MS_136
work_5047,work_5050,Undirected,Merton_College_MS_136
work_5047,work_5052,Undirected,Merton_College_MS_136
work_5051,work_5047,Undirected,MS_Lat_th_d_21
work_5051,work_5049,Undirected,MS_Lat_th_d_21
work_5051,work_5050,Undirected,MS_Lat_th_d_21
work_5051,work_5056,Undirected,MS_Lat_th_d_21
work_5052,work_12374,Undirected,Merton_College_MS_155
work_5052,work_2117,Undirected,Merton_College_MS_155
work_5052,work_2117,Undirected,Merton_College_MS_155
work_5052,work_2117,Undirected,Merton_College_MS_155
work_5053,work_5053,Undirected,MS_Lat_th_c_17-part1
work_5053,work_5053,Undirected,MS_Lat_th_c_17-part1
work_5062,work_3861,Undirected,MS_Douce_128-part1
work_5063,work_2085,Undirected,MS_Digby_1
work_5063,work_13209,Undirected,MS_Digby_1
work_5063,work_14971,Undirected,MS_Digby_1
work_5063,work_10687,Undirected,MS_Digby_1
work_5064,work_4900,Undirected,St_Johns_College_MS_98-part10
work_5064,work_1121,Undirected,MS_Rawl_C_559
work_5064,work_3519,Undirected,MS_Rawl_C_559
work_5071,work_5072,Undirected,MS_Hatton_54
work_5071,work_10189,Undirected,MS_Lat_hist_d_4-part2
work_5071,work_12752,Undirected,MS_Bodl_357
work_5071,work_4915,Undirected,MS_Lat_hist_d_4-part2
work_5071,work_12996,Undirected,MS_Lat_hist_d_4-part2
work_5071,work_12613,Undirected,MS_Lat_hist_d_4-part2
work_5071,work_11507,Undirected,MS_Lat_hist_d_4-part2
work_5071,work_10992,Undirected,MS_Bodl_956
work_5071,work_238,Undirected,MS_Lat_hist_d_4-part2
work_5071,work_10963,Undirected,MS_Bodl_956
work_5071,work_13503,Undirected,MS_Bodl_956
work_5071,work_13508,Undirected,MS_Bodl_956
work_5071,work_10038,Undirected,MS_Lat_hist_d_4-part2
work_5071,work_4073,Undirected,MS_Lat_hist_d_4-part2
work_5071,work_10919,Undirected,MS_Bodl_956
work_5071,work_13882,Undirected,MS_Laud_Misc_598
work_5071,work_4015,Undirected,MS_Lat_hist_d_4-part2
work_5071,work_1677,Undirected,MS_Lat_hist_d_4-part2
work_5071,work_10191,Undirected,MS_Lat_hist_d_4-part2
work_5071,work_194,Undirected,MS_Lat_hist_d_4-part2
work_5071,work_10954,Undirected,MS_Lat_hist_d_4-part2
work_5072,work_5071,Undirected,MS_Laud_Misc_729
work_5072,work_5073,Undirected,MS_Laud_Misc_548
work_5075,work_11223,Undirected,MS_Lat_misc_b_201-2-part3
work_5075,work_5076,Undirected,Exeter_College_MS_17-partA
work_508,work_3039,Undirected,MS_DOrville_50
work_508,work_5419,Undirected,MS_DOrville_50
work_508,work_5418,Undirected,MS_DOrville_50
work_5082,work_16481,Undirected,St_Johns_College_MS_2
work_5082,work_10476,Undirected,Merton_College_MS_157
work_5082,work_16032,Undirected,MS_Laud_Misc_165
work_5082,work_2860,Undirected,St_Johns_College_MS_2
work_5084,work_5083,Undirected,MS_Canon_Misc_558
work_5086,work_14687,Undirected,MS_Rawl_C_84
work_5091,work_15125,Undirected,MS_Bodl_158-part5
work_5093,work_10041,Undirected,MS_Lat_misc_c_75-part4
work_5093,work_10020,Undirected,MS_Lat_misc_c_75-part4
work_5093,work_4795,Undirected,MS_Lat_misc_c_75-part4
work_5093,work_4385,Undirected,MS_Lat_misc_c_75-part4
work_5093,work_2610,Undirected,MS_Lat_misc_c_75-part4
work_5093,work_4381,Undirected,MS_Lat_misc_c_75-part4
work_5093,work_2756,Undirected,MS_Lat_misc_c_75-part4
work_5093,work_14003,Undirected,MS_Bodl_158-part3
work_5093,work_15308,Undirected,MS_Lat_misc_c_75-part4
work_5093,work_4015,Undirected,MS_Bodl_158-part3
work_5097,work_5096,Undirected,MS_Canon_Misc_426
work_5097,work_596,Undirected,MS_Canon_Misc_426
work_5097,work_594,Undirected,MS_Canon_Misc_426
work_5097,work_593,Undirected,MS_Canon_Misc_426
work_510,work_3560,Undirected,MS_Laud_Misc_743
work_5100,work_5101,Undirected,MS_Rawl_C_60
work_5100,work_2081,Undirected,MS_Rawl_C_60
work_5100,work_3882,Undirected,MS_Rawl_C_60
work_5100,work_2152,Undirected,MS_Rawl_C_60
work_5100,work_1046,Undirected,MS_Rawl_C_60
work_5100,work_16451,Undirected,MS_Auct_D_5_5-part1
work_5100,work_457,Undirected,MS_Rawl_C_60
work_5100,work_4363,Undirected,MS_Auct_D_5_5-part1
work_5100,work_15167,Undirected,MS_Auct_D_5_5-part1
work_5100,work_176,Undirected,MS_Auct_D_5_5-part1
work_5100,work_1041,Undirected,MS_Auct_D_5_5-part1
work_5100,work_1054,Undirected,MS_Auct_D_5_5-part1
work_5100,work_5784,Undirected,MS_Auct_D_5_5-part1
work_5100,work_16450,Undirected,MS_Auct_D_5_5-part1
work_5100,work_1027,Undirected,MS_Auct_D_5_5-part1
work_5100,work_1041,Undirected,MS_Auct_D_5_5-part1
work_5100,work_1030,Undirected,MS_Auct_D_5_5-part1
work_5100,work_6678,Undirected,MS_Auct_D_5_5-part1
work_5100,work_1022,Undirected,MS_Auct_D_5_5-part1
work_5100,work_1032,Undirected,MS_Auct_D_5_5-part1
work_5100,work_5102,Undirected,MS_Auct_D_5_5-part1
work_5100,work_1026,Undirected,MS_Auct_D_5_5-part1
work_5100,work_5101,Undirected,MS_Auct_D_5_5-part1
work_5100,work_2268,Undirected,MS_Auct_D_5_5-part1
work_5100,work_1024,Undirected,MS_Auct_D_5_5-part1
work_5100,work_1005,Undirected,MS_Rawl_C_60
work_5102,work_824,Undirected,MS_Canon_Pat_Lat_116
work_5102,work_3952,Undirected,MS_Canon_Pat_Lat_116
work_5102,work_547,Undirected,MS_Canon_Pat_Lat_116
work_5102,work_2131,Undirected,MS_Canon_Pat_Lat_116
work_5102,work_2647,Undirected,MS_Canon_Pat_Lat_116
work_5102,work_820,Undirected,St_Johns_College_MS_206-part4
work_5102,work_2123,Undirected,St_Johns_College_MS_206-part4
work_5102,work_3880,Undirected,St_Johns_College_MS_206-part4
work_5102,work_3372,Undirected,MS_Canon_Pat_Lat_116
work_5103,work_1979,Undirected,MS_Lyell_85-part1
work_5103,work_17121,Undirected,MS_Lyell_85-part1
work_5105,work_17513,Undirected,Jesus_College_MS_29-part2
work_5109,work_3662,Undirected,MS_Auct_F_2_14
work_5109,work_3811,Undirected,MS_Auct_F_2_14
work_5109,work_4733,Undirected,MS_Auct_F_2_14
work_5109,work_854,Undirected,MS_Auct_F_2_14
work_5109,work_3489,Undirected,MS_Auct_F_2_14
work_5109,work_11729,Undirected,MS_Auct_F_2_14
work_5109,work_4080,Undirected,MS_Auct_F_2_14
work_5109,work_6685,Undirected,MS_Auct_F_2_14
work_5109,work_14986,Undirected,MS_Auct_F_2_14
work_5109,work_4512,Undirected,MS_Auct_F_2_14
work_5109,work_2907,Undirected,MS_Auct_F_2_14
work_5109,work_4601,Undirected,MS_Auct_F_2_14
work_5112,work_916,Undirected,MS_Auct_T_3_9
work_5112,work_5113,Undirected,MS_Canon_Gr_39
work_5112,work_5115,Undirected,MS_Canon_Gr_39
work_5112,work_2674,Undirected,MS_Auct_T_3_9
work_5112,work_5111,Undirected,MS_Canon_Gr_39
work_512,work_14935,Undirected,MS_Canon_Pat_Lat_67
work_512,work_571,Undirected,MS_Canon_Pat_Lat_67
work_5120,work_2016,Undirected,MS_Canon_Misc_396-part1
work_5120,work_5221,Undirected,MS_Canon_Misc_396-part1
work_5120,work_3179,Undirected,MS_Canon_Misc_396-part1
work_5120,work_367,Undirected,MS_Canon_Misc_396-part1
work_5120,work_15173,Undirected,MS_Canon_Misc_396-part1
work_5120,work_3177,Undirected,MS_Canon_Misc_396-part1
work_5120,work_1954,Undirected,MS_Canon_Misc_396-part1
work_5120,work_5122,Undirected,MS_Canon_Misc_396-part1
work_5121,work_3787,Undirected,MS_Digby_236
work_5121,work_3785,Undirected,MS_Digby_236
work_5121,work_3784,Undirected,MS_Digby_236
work_5144,work_1814,Undirected,MS_Barocci_135-part1
work_5148,work_2209,Undirected,MS_Barocci_10-part3
work_5148,work_937,Undirected,MS_Barocci_10-part3
work_5148,work_5149,Undirected,MS_Barocci_10-part3
work_5154,work_3156,Undirected,MS_Barocci_118
work_5154,work_1459,Undirected,MS_Barocci_118
work_5154,work_1838,Undirected,MS_Barocci_118
work_5154,work_11274,Undirected,MS_Barocci_118
work_5154,work_2041,Undirected,MS_Barocci_118
work_5155,work_1651,Undirected,MS_Barocci_10-part1
work_5156,work_5602,Undirected,MS_Grabe_30
work_5156,work_12150,Undirected,MS_Grabe_30
work_5156,work_5601,Undirected,MS_Grabe_30
work_517,work_516,Undirected,MS_Laud_Lat_105-part2
work_517,work_15437,Undirected,MS_Laud_Lat_105-part2
work_517,work_10875,Undirected,MS_Laud_Lat_105-part2
work_517,work_15167,Undirected,MS_Laud_Lat_105-part2
work_517,work_13209,Undirected,MS_Laud_Lat_105-part2
work_517,work_11296,Undirected,MS_Laud_Lat_105-part2
work_520,work_1280,Undirected,MS_Lat_misc_c_62
work_520,work_12387,Undirected,MS_Lat_misc_c_62
work_520,work_12387,Undirected,MS_Lat_misc_c_62
work_520,work_5136,Undirected,MS_Lat_misc_c_62
work_520,work_12387,Undirected,MS_Lat_misc_c_62
work_520,work_12387,Undirected,MS_Lat_misc_c_62
work_520,work_15437,Undirected,MS_Lat_misc_c_62
work_520,work_11699,Undirected,MS_Lat_misc_c_62
work_520,work_12387,Undirected,MS_Lat_misc_c_62
work_520,work_15437,Undirected,MS_Lat_misc_c_62
work_520,work_12731,Undirected,MS_Lat_misc_c_62
work_520,work_12387,Undirected,MS_Lat_misc_c_62
work_520,work_2203,Undirected,MS_Lat_misc_c_62
work_520,work_5126,Undirected,MS_Lat_misc_c_62
work_520,work_1564,Undirected,MS_Lat_misc_c_62
work_520,work_3076,Undirected,MS_Lat_misc_c_62
work_520,work_1203,Undirected,MS_Lat_misc_c_62
work_520,work_1523,Undirected,MS_Lat_misc_c_62
work_520,work_10111,Undirected,MS_Lat_misc_c_62
work_520,work_11725,Undirected,MS_Lat_misc_c_62
work_520,work_3220,Undirected,MS_Lat_misc_c_62
work_520,work_521,Undirected,MS_Lat_misc_c_62
work_520,work_5126,Undirected,MS_Lat_misc_c_62
work_520,work_12387,Undirected,MS_Lat_misc_c_62
work_520,work_11699,Undirected,MS_Lat_misc_c_62
work_520,work_2409,Undirected,MS_Lat_misc_c_62
work_520,work_12387,Undirected,MS_Lat_misc_c_62
work_520,work_15437,Undirected,MS_Lat_misc_c_62
work_520,work_1523,Undirected,MS_Lat_misc_c_62
work_520,work_1475,Undirected,MS_Lat_misc_c_62
work_520,work_5136,Undirected,MS_Lat_misc_c_62
work_520,work_12387,Undirected,MS_Lat_misc_c_62
work_520,work_12387,Undirected,MS_Lat_misc_c_62
work_520,work_12387,Undirected,MS_Lat_misc_c_62
work_520,work_602,Undirected,MS_Lat_misc_c_62
work_520,work_601,Undirected,MS_Lat_misc_c_62
work_520,work_12387,Undirected,MS_Lat_misc_c_62
work_520,work_601,Undirected,MS_Lat_misc_c_62
work_520,work_12389,Undirected,MS_Lat_misc_c_62
work_520,work_1784,Undirected,MS_Lat_misc_c_62
work_520,work_12387,Undirected,MS_Lat_misc_c_62
work_520,work_5134,Undirected,MS_Lat_misc_c_62
work_520,work_5134,Undirected,MS_Lat_misc_c_62
work_520,work_1183,Undirected,MS_Lat_misc_c_62
work_520,work_520,Undirected,MS_Lat_misc_c_62
work_520,work_601,Undirected,MS_Lat_misc_c_62
work_520,work_11726,Undirected,MS_Lat_misc_c_62
work_520,work_869,Undirected,MS_Lat_misc_c_62
work_520,work_12392,Undirected,MS_Lat_misc_c_62
work_520,work_15437,Undirected,MS_Lat_misc_c_62
work_520,work_603,Undirected,MS_Lat_misc_c_62
work_520,work_12387,Undirected,MS_Lat_misc_c_62
work_520,work_12387,Undirected,MS_Lat_misc_c_62
work_520,work_12387,Undirected,MS_Lat_misc_c_62
work_520,work_4877,Undirected,MS_Lat_misc_c_62
work_520,work_12387,Undirected,MS_Lat_misc_c_62
work_5222,work_11472,Undirected,MS_Lat_th_d_29-part2
work_5222,work_4120,Undirected,MS_Lat_th_d_29-part2
work_5222,work_1442,Undirected,MS_Lat_th_d_29-part2
work_5222,work_13730,Undirected,MS_Lat_th_d_29-part2
work_5222,work_14538,Undirected,MS_Lat_th_d_29-part2
work_5222,work_14533,Undirected,MS_Lat_th_d_29-part2
work_5222,work_14538,Undirected,MS_Lat_th_d_29-part2
work_5222,work_14809,Undirected,MS_Lat_th_d_29-part2
work_5222,work_14942,Undirected,MS_Lat_th_d_29-part2
work_5222,work_2292,Undirected,MS_Lat_th_d_29-part2
work_525,work_4228,Undirected,MS_Ashmole_357-part1
work_525,work_179,Undirected,MS_Ashmole_357-part1
work_525,work_1641,Undirected,MS_Ashmole_357-part1
work_525,work_1481,Undirected,MS_Ashmole_357-part1
work_525,work_373,Undirected,MS_Ashmole_357-part1
work_525,work_10409,Undirected,MS_Ashmole_357-part1
work_525,work_1085,Undirected,MS_Ashmole_357-part1
work_525,work_14169,Undirected,MS_Ashmole_357-part1
work_525,work_490,Undirected,MS_Ashmole_357-part1
work_527,work_543,Undirected,St_Johns_College_MS_158-part1
work_527,work_529,Undirected,St_Johns_College_MS_158-part1
work_530,work_5102,Undirected,Merton_College_MS_40-part1
work_530,work_538,Undirected,Merton_College_MS_40-part1
work_530,work_14535,Undirected,Merton_College_MS_40-part1
work_530,work_5101,Undirected,Merton_College_MS_40-part1
work_530,work_3839,Undirected,Merton_College_MS_40-part1
work_530,work_5763,Undirected,Merton_College_MS_40-part1
work_530,work_542,Undirected,Merton_College_MS_40-part1
work_530,work_1030,Undirected,Merton_College_MS_40-part1
work_530,work_529,Undirected,Merton_College_MS_40-part1
work_530,work_5784,Undirected,Merton_College_MS_40-part1
work_530,work_1241,Undirected,Merton_College_MS_40-part1
work_530,work_528,Undirected,Merton_College_MS_40-part1
work_530,work_532,Undirected,Merton_College_MS_40-part1
work_530,work_531,Undirected,Merton_College_MS_40-part1
work_530,work_537,Undirected,Merton_College_MS_40-part1
work_530,work_527,Undirected,Merton_College_MS_40-part1
work_532,work_805,Undirected,Merton_College_MS_19
work_532,work_5774,Undirected,Merton_College_MS_19
work_532,work_3881,Undirected,Merton_College_MS_19
work_532,work_538,Undirected,Merton_College_MS_19
work_532,work_5763,Undirected,Merton_College_MS_19
work_532,work_5765,Undirected,Merton_College_MS_19
work_532,work_834,Undirected,Merton_College_MS_19
work_532,work_547,Undirected,Merton_College_MS_19
work_532,work_5769,Undirected,Merton_College_MS_19
work_532,work_5767,Undirected,Merton_College_MS_19
work_532,work_5768,Undirected,Merton_College_MS_19
work_532,work_5766,Undirected,Merton_College_MS_19
work_532,work_3839,Undirected,Merton_College_MS_19
work_532,work_3926,Undirected,Merton_College_MS_19
work_532,work_533,Undirected,Merton_College_MS_19
work_532,work_530,Undirected,Merton_College_MS_19
work_532,work_792,Undirected,Merton_College_MS_19
work_532,work_5764,Undirected,Merton_College_MS_19
work_532,work_758,Undirected,Merton_College_MS_19
work_532,work_1648,Undirected,Merton_College_MS_19
work_532,work_529,Undirected,Jesus_College_MS_4-part1
work_532,work_528,Undirected,Jesus_College_MS_4-part1
work_532,work_542,Undirected,Jesus_College_MS_4-part1
work_532,work_537,Undirected,Merton_College_MS_19
work_532,work_531,Undirected,Jesus_College_MS_4-part1
work_532,work_837,Undirected,Merton_College_MS_19
work_532,work_747,Undirected,Merton_College_MS_19
work_532,work_762,Undirected,Merton_College_MS_19
work_532,work_760,Undirected,Merton_College_MS_19
work_532,work_5808,Undirected,Merton_College_MS_19
work_532,work_804,Undirected,Merton_College_MS_19
work_532,work_5781,Undirected,Merton_College_MS_19
work_532,work_768,Undirected,Merton_College_MS_19
work_532,work_540,Undirected,Merton_College_MS_19
work_532,work_3805,Undirected,Merton_College_MS_19
work_532,work_3889,Undirected,Merton_College_MS_19
work_532,work_778,Undirected,Merton_College_MS_19
work_532,work_769,Undirected,Merton_College_MS_19
work_532,work_764,Undirected,Merton_College_MS_19
work_532,work_785,Undirected,Merton_College_MS_19
work_532,work_3880,Undirected,Merton_College_MS_19
work_532,work_6150,Undirected,Merton_College_MS_19
work_532,work_767,Undirected,Merton_College_MS_19
work_532,work_1588,Undirected,Merton_College_MS_19
work_532,work_540,Undirected,Merton_College_MS_19
work_532,work_531,Undirected,Merton_College_MS_19
work_532,work_537,Undirected,Jesus_College_MS_4-part1
work_532,work_542,Undirected,Merton_College_MS_19
work_532,work_528,Undirected,Merton_College_MS_19
work_532,work_527,Undirected,Merton_College_MS_19
work_532,work_529,Undirected,Merton_College_MS_19
work_537,work_528,Undirected,MS_Bodl_271-part1
work_537,work_538,Undirected,Merton_College_MS_20-part1
work_537,work_528,Undirected,Merton_College_MS_20-part1
work_537,work_527,Undirected,Merton_College_MS_20-part1
work_537,work_542,Undirected,Merton_College_MS_20-part1
work_537,work_532,Undirected,Merton_College_MS_20-part1
work_537,work_5766,Undirected,Merton_College_MS_20-part1
work_537,work_5764,Undirected,MS_Bodl_271-part1
work_537,work_5763,Undirected,MS_Bodl_271-part1
work_537,work_529,Undirected,MS_Bodl_271-part1
work_537,work_527,Undirected,MS_Bodl_271-part1
work_537,work_530,Undirected,Merton_College_MS_20-part1
work_537,work_531,Undirected,MS_Bodl_271-part1
work_537,work_5765,Undirected,Merton_College_MS_20-part1
work_537,work_531,Undirected,Merton_College_MS_20-part1
work_537,work_529,Undirected,Merton_College_MS_20-part1
work_537,work_5764,Undirected,Merton_College_MS_20-part1
work_537,work_538,Undirected,Merton_College_MS_45
work_537,work_5769,Undirected,Merton_College_MS_45
work_537,work_533,Undirected,Merton_College_MS_20-part1
work_537,work_3839,Undirected,Merton_College_MS_20-part1
work_537,work_5768,Undirected,Merton_College_MS_20-part1
work_537,work_5763,Undirected,Merton_College_MS_20-part1
work_537,work_5766,Undirected,MS_Bodl_271-part1
work_537,work_544,Undirected,MS_Bodl_271-part1
work_537,work_530,Undirected,MS_Bodl_271-part1
work_537,work_543,Undirected,MS_Bodl_271-part1
work_537,work_5765,Undirected,MS_Bodl_271-part1
work_537,work_5763,Undirected,Merton_College_MS_45
work_537,work_530,Undirected,Merton_College_MS_45
work_537,work_538,Undirected,MS_Bodl_271-part1
work_537,work_532,Undirected,Merton_College_MS_45
work_537,work_542,Undirected,Merton_College_MS_45
work_537,work_532,Undirected,MS_Bodl_271-part1
work_537,work_5769,Undirected,MS_Bodl_271-part1
work_537,work_6604,Undirected,MS_Bodl_271-part1
work_537,work_528,Undirected,Merton_College_MS_45
work_537,work_5766,Undirected,Merton_College_MS_45
work_537,work_527,Undirected,Merton_College_MS_45
work_537,work_529,Undirected,Merton_College_MS_45
work_537,work_533,Undirected,Merton_College_MS_45
work_537,work_2816,Undirected,Merton_College_MS_45
work_537,work_5769,Undirected,Merton_College_MS_20-part1
work_537,work_16073,Undirected,Merton_College_MS_45
work_537,work_5767,Undirected,Merton_College_MS_20-part1
work_537,work_542,Undirected,MS_Bodl_271-part1
work_538,work_13957,Undirected,MS_Laud_Misc_508
work_5401,work_5405,Undirected,MS_Canon_Misc_172
work_5401,work_5406,Undirected,MS_Canon_Misc_172
work_5401,work_5410,Undirected,MS_Canon_Misc_172
work_5401,work_5402,Undirected,MS_Canon_Misc_172
work_5401,work_5403,Undirected,MS_Canon_Misc_172
work_5401,work_5411,Undirected,MS_Canon_Misc_172
work_5401,work_5414,Undirected,MS_Canon_Misc_172
work_5401,work_5409,Undirected,MS_Canon_Misc_172
work_5401,work_5409,Undirected,MS_Canon_Misc_172
work_5401,work_5412,Undirected,MS_Canon_Misc_172
work_5401,work_5408,Undirected,MS_Canon_Misc_172
work_5401,work_2935,Undirected,MS_Canon_Misc_172
work_5401,work_5415,Undirected,MS_Canon_Misc_172
work_5401,work_5413,Undirected,MS_Canon_Misc_172
work_5401,work_5404,Undirected,MS_Canon_Misc_172
work_5401,work_5407,Undirected,MS_Canon_Misc_172
work_541,work_1130,Undirected,MS_e_Mus_134-part2
work_541,work_2823,Undirected,MS_e_Mus_134-part2
work_541,work_15329,Undirected,MS_e_Mus_134-part2
work_542,work_11089,Undirected,MS_Lyell_58
work_542,work_2080,Undirected,MS_Lyell_58
work_542,work_2086,Undirected,MS_Lyell_58
work_542,work_2081,Undirected,MS_Lyell_58
work_542,work_530,Undirected,MS_Lyell_58
work_542,work_7607,Undirected,MS_Lyell_58
work_544,work_6745,Undirected,St_Johns_College_MS_165
work_544,work_898,Undirected,St_Johns_College_MS_165
work_544,work_12334,Undirected,St_Johns_College_MS_165
work_5462,work_5463,Undirected,MS_Lat_misc_d_15
work_5462,work_5463,Undirected,MS_Lat_misc_d_15
work_5462,work_5463,Undirected,MS_Lat_misc_d_15
work_5462,work_5463,Undirected,MS_Lat_misc_d_15
work_5462,work_7610,Undirected,MS_Lat_misc_d_15
work_5462,work_16459,Undirected,MS_Lat_misc_d_15
work_5462,work_16456,Undirected,MS_Lat_misc_d_15
work_5462,work_5463,Undirected,MS_Lat_misc_d_15
work_5462,work_5463,Undirected,MS_Lat_misc_d_15
work_5462,work_5463,Undirected,MS_Lat_misc_d_15
work_5462,work_16459,Undirected,MS_Lat_misc_d_15
work_5462,work_7612,Undirected,MS_Lat_misc_d_15
work_5475,work_5476,Undirected,MS_Bodl_534-part1
work_5508,work_5560,Undirected,MS_Bodl_465-part2
work_5508,work_5561,Undirected,MS_Bodl_465-part2
work_5508,work_5563,Undirected,MS_Bodl_465-part2
work_5508,work_15023,Undirected,MS_Bodl_465-part2
work_5508,work_4222,Undirected,MS_Bodl_465-part2
work_5508,work_10205,Undirected,MS_Bodl_465-part2
work_5508,work_5509,Undirected,MS_Bodl_465-part2
work_552,work_553,Undirected,MS_Rawl_G_188
work_553,work_3190,Undirected,MS_Laud_Gr_40
work_553,work_13056,Undirected,MS_Auct_E_5_12
work_555,work_10978,Undirected,MS_Fr_c_30
work_555,work_13381,Undirected,MS_Fr_c_30
work_5574,work_5577,Undirected,MS_Rawl_D_328-part2
work_5574,work_11805,Undirected,MS_Rawl_D_328-part2
work_5574,work_12151,Undirected,MS_Rawl_D_328-part2
work_5574,work_12151,Undirected,MS_Rawl_D_328-part2
work_5574,work_12151,Undirected,MS_Rawl_D_328-part2
work_5574,work_5576,Undirected,MS_Rawl_D_328-part2
work_5574,work_12151,Undirected,MS_Rawl_D_328-part2
work_5574,work_12151,Undirected,MS_Rawl_D_328-part2
work_5574,work_4386,Undirected,MS_Rawl_D_328-part2
work_5574,work_12151,Undirected,MS_Rawl_D_328-part2
work_5574,work_5042,Undirected,MS_Rawl_D_328-part2
work_5574,work_12512,Undirected,MS_Rawl_D_328-part2
work_5574,work_5573,Undirected,MS_Rawl_D_328-part2
work_5574,work_5571,Undirected,MS_Rawl_D_328-part2
work_5574,work_12151,Undirected,MS_Rawl_D_328-part2
work_5574,work_11854,Undirected,MS_Rawl_D_328-part2
work_5574,work_410,Undirected,MS_Rawl_D_328-part2
work_5574,work_11562,Undirected,MS_Rawl_D_328-part2
work_5574,work_12512,Undirected,MS_Rawl_D_328-part2
work_5574,work_6595,Undirected,MS_Rawl_D_328-part2
work_5574,work_12151,Undirected,MS_Rawl_D_328-part2
work_5574,work_14060,Undirected,MS_Rawl_D_328-part2
work_5574,work_14060,Undirected,MS_Rawl_D_328-part2
work_5574,work_12151,Undirected,MS_Rawl_D_328-part2
work_5574,work_12512,Undirected,MS_Rawl_D_328-part2
work_5574,work_5572,Undirected,MS_Rawl_D_328-part2
work_5574,work_12151,Undirected,MS_Rawl_D_328-part2
work_5574,work_5575,Undirected,MS_Rawl_D_328-part2
work_5574,work_12151,Undirected,MS_Rawl_D_328-part2
work_5574,work_12151,Undirected,MS_Rawl_D_328-part2
work_5574,work_5577,Undirected,MS_Rawl_D_328-part2
work_5574,work_12151,Undirected,MS_Rawl_D_328-part2
work_5574,work_13205,Undirected,MS_Rawl_D_328-part2
work_5574,work_12512,Undirected,MS_Rawl_D_328-part2
work_5574,work_12151,Undirected,MS_Rawl_D_328-part2
work_5574,work_5576,Undirected,MS_Rawl_D_328-part2
work_5587,work_5593,Undirected,MS_Canon_Misc_469
work_5587,work_5593,Undirected,MS_Canon_Misc_469
work_5587,work_5592,Undirected,MS_Canon_Misc_469
work_5587,work_5584,Undirected,MS_Canon_Misc_469
work_5587,work_5589,Undirected,MS_Canon_Misc_469
work_5587,work_995,Undirected,MS_Canon_Misc_469
work_5587,work_5589,Undirected,MS_Canon_Misc_469
work_5587,work_5589,Undirected,MS_Canon_Misc_469
work_5587,work_5589,Undirected,MS_Canon_Misc_469
work_5587,work_5589,Undirected,MS_Canon_Misc_469
work_5587,work_995,Undirected,MS_Canon_Misc_469
work_5587,work_995,Undirected,MS_Canon_Misc_469
work_5587,work_5593,Undirected,MS_Canon_Misc_469
work_5587,work_1155,Undirected,MS_Canon_Misc_469
work_5587,work_995,Undirected,MS_Canon_Misc_469
work_5587,work_5593,Undirected,MS_Canon_Misc_469
work_5587,work_5589,Undirected,MS_Canon_Misc_469
work_5587,work_995,Undirected,MS_Canon_Misc_469
work_5587,work_4216,Undirected,MS_Canon_Misc_469
work_5587,work_5593,Undirected,MS_Canon_Misc_469
work_5587,work_5586,Undirected,MS_Canon_Misc_469
work_5587,work_5585,Undirected,MS_Canon_Misc_469
work_5587,work_904,Undirected,MS_Canon_Misc_469
work_5587,work_5589,Undirected,MS_Canon_Misc_469
work_5587,work_5589,Undirected,MS_Canon_Misc_469
work_5587,work_5588,Undirected,MS_Canon_Misc_469
work_5587,work_5589,Undirected,MS_Canon_Misc_469
work_5587,work_1562,Undirected,MS_Canon_Misc_469
work_5587,work_5590,Undirected,MS_Canon_Misc_469
work_5587,work_905,Undirected,MS_Canon_Misc_469
work_5587,work_5589,Undirected,MS_Canon_Misc_469
work_5587,work_5593,Undirected,MS_Canon_Misc_469
work_5587,work_5589,Undirected,MS_Canon_Misc_469
work_5587,work_5591,Undirected,MS_Canon_Misc_469
work_5587,work_5589,Undirected,MS_Canon_Misc_469
work_5587,work_5589,Undirected,MS_Canon_Misc_469
work_559,work_15304,Undirected,MS_Canon_Ital_169
work_559,work_561,Undirected,MS_Canon_Ital_169
work_5594,work_13232,Undirected,MS_Canon_Class_Lat_272
work_5594,work_7156,Undirected,MS_Canon_Class_Lat_272
work_5594,work_1621,Undirected,MS_Canon_Class_Lat_272
work_5594,work_2069,Undirected,MS_Canon_Class_Lat_272
work_5594,work_2070,Undirected,MS_Canon_Class_Lat_272
work_5594,work_2501,Undirected,MS_Canon_Class_Lat_272
work_5594,work_7164,Undirected,MS_Canon_Class_Lat_272
work_5594,work_13232,Undirected,MS_Canon_Class_Lat_272
work_5595,work_10338,Undirected,MS_Ashmole_396-part1
work_5595,work_10338,Undirected,MS_Ashmole_396-part1
work_5595,work_10338,Undirected,MS_Ashmole_396-part1
work_5595,work_10338,Undirected,MS_Ashmole_396-part1
work_5595,work_10338,Undirected,MS_Ashmole_396-part1
work_5595,work_10338,Undirected,MS_Ashmole_396-part1
work_5595,work_2617,Undirected,MS_Ashmole_396-part1
work_5595,work_14948,Undirected,MS_Ashmole_396-part1
work_5595,work_10338,Undirected,MS_Ashmole_396-part1
work_5595,work_10338,Undirected,MS_Ashmole_396-part1
work_5595,work_15066,Undirected,MS_Ashmole_396-part1
work_560,work_565,Undirected,MS_Lawn_medieval_10
work_560,work_15308,Undirected,MS_Canon_Misc_100
work_560,work_15028,Undirected,MS_Lawn_medieval_10
work_560,work_2419,Undirected,MS_Canon_Misc_4
work_560,work_571,Undirected,MS_Lawn_medieval_10
work_560,work_565,Undirected,MS_Canon_Pat_Lat_28
work_560,work_569,Undirected,MS_Canon_Pat_Lat_74
work_560,work_13003,Undirected,MS_Lawn_medieval_10
work_560,work_571,Undirected,MS_Canon_Misc_100
work_560,work_571,Undirected,MS_Canon_Pat_Lat_28
work_560,work_571,Undirected,MS_Canon_Pat_Lat_74
work_560,work_2451,Undirected,MS_Canon_Misc_533
work_560,work_2452,Undirected,MS_Canon_Misc_533
work_560,work_3910,Undirected,MS_Canon_Misc_533
work_560,work_565,Undirected,MS_Canon_Misc_533
work_5603,work_963,Undirected,Christ_Church_MS_115
work_5607,work_14088,Undirected,Christ_Church_MS_150
work_5607,work_14088,Undirected,Christ_Church_MS_150
work_5607,work_10491,Undirected,Christ_Church_MS_150
work_5609,work_13246,Undirected,Christ_Church_MS_417
work_5614,work_5621,Undirected,MS_Add_A_370-part1
work_5614,work_5620,Undirected,MS_Add_A_370-part1
work_5615,work_4949,Undirected,MS_Add_A_370-part3
work_5615,work_5677,Undirected,MS_Add_A_370-part3
work_5615,work_5684,Undirected,MS_Add_A_370-part3
work_5615,work_4945,Undirected,MS_Add_A_370-part3
work_5615,work_5682,Undirected,MS_Add_A_370-part3
work_5615,work_4943,Undirected,MS_Add_A_370-part3
work_5615,work_5679,Undirected,MS_Add_A_370-part3
work_5615,work_5681,Undirected,MS_Add_A_370-part3
work_5615,work_5680,Undirected,MS_Add_A_370-part3
work_5615,work_5683,Undirected,MS_Add_A_370-part3
work_5617,work_5618,Undirected,MS_Add_A_370-part2
work_5617,work_5619,Undirected,MS_Add_A_370-part2
work_5624,work_645,Undirected,MS_Lat_misc_b_18-part17
work_5630,work_7195,Undirected,Merton_College_MS_257
work_5630,work_11564,Undirected,Merton_College_MS_257
work_5630,work_4387,Undirected,Merton_College_MS_257
work_5630,work_3952,Undirected,Merton_College_MS_257
work_5630,work_5041,Undirected,Merton_College_MS_257
work_565,work_1571,Undirected,MS_Canon_Pat_Lat_128
work_565,work_566,Undirected,MS_Canon_Pat_Lat_128
work_565,work_2465,Undirected,MS_Canon_Pat_Lat_128
work_565,work_563,Undirected,MS_Canon_Pat_Lat_128
work_5671,work_3880,Undirected,Merton_College_MS_140-part2
work_5671,work_3305 work_7066,Undirected,Merton_College_MS_140-part2
work_5671,work_7237,Undirected,Merton_College_MS_276-part2
work_5687,work_5688,Undirected,MS_Holkham_Gr_21
work_5687,work_5689,Undirected,MS_Holkham_Gr_21
work_5688,work_5988,Undirected,MS_Holkham_Gr_42
work_5688,work_5986,Undirected,MS_Holkham_Gr_42
work_5688,work_5982,Undirected,MS_Holkham_Gr_42
work_5688,work_5975,Undirected,MS_Holkham_Gr_42
work_5688,work_5992,Undirected,MS_Holkham_Gr_42
work_5688,work_5981,Undirected,MS_Holkham_Gr_42
work_5688,work_5980,Undirected,MS_Holkham_Gr_42
work_5688,work_5692,Undirected,MS_Holkham_Gr_42
work_5688,work_5976,Undirected,MS_Holkham_Gr_42
work_5688,work_5977,Undirected,MS_Holkham_Gr_42
work_5688,work_5692,Undirected,MS_Holkham_Gr_42
work_5688,work_5978,Undirected,MS_Holkham_Gr_42
work_5688,work_5987,Undirected,MS_Holkham_Gr_42
work_5688,work_5984,Undirected,MS_Holkham_Gr_42
work_5688,work_5985,Undirected,MS_Holkham_Gr_42
work_5688,work_5990,Undirected,MS_Holkham_Gr_42
work_5688,work_5979,Undirected,MS_Holkham_Gr_42
work_5688,work_5983,Undirected,MS_Holkham_Gr_42
work_5688,work_5991,Undirected,MS_Holkham_Gr_42
work_5688,work_5989,Undirected,MS_Holkham_Gr_42
work_5690,work_5710,Undirected,MS_Holkham_Gr_22
work_5690,work_5733,Undirected,MS_Holkham_Gr_22
work_5690,work_5692,Undirected,MS_Holkham_Gr_22
work_5690,work_5732,Undirected,MS_Holkham_Gr_22
work_5690,work_11845,Undirected,MS_Holkham_Gr_22
work_5690,work_12858,Undirected,MS_Holkham_Gr_22
work_5690,work_16038,Undirected,MS_Holkham_Gr_22
work_5690,work_5716,Undirected,MS_Holkham_Gr_22
work_5690,work_5709,Undirected,MS_Holkham_Gr_22
work_5690,work_5730,Undirected,MS_Holkham_Gr_22
work_5690,work_5729,Undirected,MS_Holkham_Gr_22
work_5690,work_5717,Undirected,MS_Holkham_Gr_22
work_5690,work_5708,Undirected,MS_Holkham_Gr_22
work_5690,work_16040,Undirected,MS_Holkham_Gr_22
work_5690,work_5707,Undirected,MS_Holkham_Gr_22
work_5690,work_5715,Undirected,MS_Holkham_Gr_22
work_5690,work_2673,Undirected,MS_Holkham_Gr_22
work_5690,work_5694,Undirected,MS_Holkham_Gr_22
work_5690,work_2673,Undirected,MS_Holkham_Gr_22
work_5690,work_5693,Undirected,MS_Holkham_Gr_22
work_5690,work_5725,Undirected,MS_Holkham_Gr_22
work_5690,work_5692,Undirected,MS_Holkham_Gr_22
work_5690,work_5724,Undirected,MS_Holkham_Gr_22
work_5690,work_5731,Undirected,MS_Holkham_Gr_22
work_5690,work_5691,Undirected,MS_Holkham_Gr_22
work_5690,work_5718,Undirected,MS_Holkham_Gr_22
work_5690,work_5723,Undirected,MS_Holkham_Gr_22
work_5690,work_5719,Undirected,MS_Holkham_Gr_22
work_5690,work_5720,Undirected,MS_Holkham_Gr_22
work_5690,work_5711,Undirected,MS_Holkham_Gr_22
work_5690,work_5721,Undirected,MS_Holkham_Gr_22
work_5690,work_5669,Undirected,MS_Holkham_Gr_22
work_5690,work_5728,Undirected,MS_Holkham_Gr_22
work_5690,work_5712,Undirected,MS_Holkham_Gr_22
work_5690,work_5714,Undirected,MS_Holkham_Gr_22
work_5690,work_5692,Undirected,MS_Holkham_Gr_22
work_5690,work_5695,Undirected,MS_Holkham_Gr_22
work_5690,work_5722,Undirected,MS_Holkham_Gr_22
work_5690,work_16037,Undirected,MS_Holkham_Gr_22
work_5690,work_5697,Undirected,MS_Holkham_Gr_22
work_5690,work_11845,Undirected,MS_Holkham_Gr_22
work_5690,work_4055,Undirected,MS_Holkham_Gr_22
work_5690,work_16039,Undirected,MS_Holkham_Gr_22
work_5690,work_2673,Undirected,MS_Holkham_Gr_22
work_5690,work_5706,Undirected,MS_Holkham_Gr_22
work_5690,work_5705,Undirected,MS_Holkham_Gr_22
work_5690,work_5713,Undirected,MS_Holkham_Gr_22
work_5690,work_5704,Undirected,MS_Holkham_Gr_22
work_5690,work_5703,Undirected,MS_Holkham_Gr_22
work_5690,work_1814,Undirected,MS_Holkham_Gr_22
work_5690,work_5702,Undirected,MS_Holkham_Gr_22
work_5690,work_5701,Undirected,MS_Holkham_Gr_22
work_5690,work_5668,Undirected,MS_Holkham_Gr_22
work_5690,work_5727,Undirected,MS_Holkham_Gr_22
work_5690,work_499,Undirected,MS_Holkham_Gr_22
work_5690,work_5700,Undirected,MS_Holkham_Gr_22
work_5690,work_5699,Undirected,MS_Holkham_Gr_22
work_5690,work_5726,Undirected,MS_Holkham_Gr_22
work_5690,work_5698,Undirected,MS_Holkham_Gr_22
work_5690,work_5696,Undirected,MS_Holkham_Gr_22
work_5690,work_5734,Undirected,MS_Holkham_Gr_22
work_571,work_4769,Undirected,MS_Canon_Pat_Lat_6
work_571,work_3282,Undirected,MS_Canon_Pat_Lat_6
work_571,work_15091,Undirected,MS_Canon_Pat_Lat_6
work_571,work_562,Undirected,MS_Canon_Pat_Lat_6
work_571,work_3953,Undirected,MS_Canon_Pat_Lat_6
work_571,work_4220,Undirected,MS_Canon_Pat_Lat_6
work_571,work_3952,Undirected,MS_Canon_Pat_Lat_6
work_573,work_572,Undirected,MS_Canon_Pat_Lat_32
work_5735,work_2724,Undirected,MS_Ashmole_59-part1
work_5735,work_13203,Undirected,MS_Ashmole_59-part1
work_5735,work_2729,Undirected,MS_Ashmole_59-part1
work_5735,work_14021,Undirected,MS_Ashmole_59-part1
work_5735,work_6696,Undirected,MS_Ashmole_59-part1
work_5735,work_2724,Undirected,MS_Ashmole_59-part1
work_5735,work_13203,Undirected,MS_Ashmole_59-part1
work_5735,work_6595,Undirected,MS_Ashmole_59-part1
work_5735,work_2837,Undirected,MS_Ashmole_59-part1
work_5735,work_14034,Undirected,MS_Ashmole_59-part1
work_5735,work_2724,Undirected,MS_Ashmole_59-part1
work_5735,work_13203,Undirected,MS_Ashmole_59-part1
work_5739,work_5737,Undirected,MS_DOrville_183
work_5739,work_3812,Undirected,MS_DOrville_183
work_5739,work_3811,Undirected,MS_DOrville_183
work_5739,work_5738,Undirected,MS_DOrville_183
work_574,work_2917,Undirected,MS_Canon_Pat_Lat_81
work_574,work_522,Undirected,MS_Canon_Pat_Lat_81
work_574,work_2451,Undirected,MS_Canon_Pat_Lat_81
work_574,work_11683,Undirected,MS_Canon_Misc_274
work_574,work_523,Undirected,MS_Canon_Misc_274
work_574,work_4870,Undirected,MS_Canon_Misc_274
work_574,work_4871,Undirected,MS_Canon_Pat_Lat_81
work_574,work_14973,Undirected,MS_Canon_Misc_274
work_5754,work_5024,Undirected,Merton_College_MS_12
work_5754,work_16067,Undirected,Merton_College_MS_12
work_5754,work_16066,Undirected,Merton_College_MS_12
work_5754,work_820,Undirected,Merton_College_MS_12
work_5754,work_5755,Undirected,Merton_College_MS_12
work_5754,work_16068,Undirected,Merton_College_MS_12
work_5762,work_5761,Undirected,Merton_College_MS_30
work_5770,work_780,Undirected,Merton_College_MS_39
work_5770,work_820,Undirected,Merton_College_MS_39
work_5770,work_809,Undirected,Merton_College_MS_39
work_5770,work_489,Undirected,Merton_College_MS_39
work_5770,work_5773,Undirected,Merton_College_MS_39
work_5770,work_5772,Undirected,Merton_College_MS_39
work_5770,work_808,Undirected,Merton_College_MS_39
work_5770,work_2164,Undirected,Merton_College_MS_39
work_5770,work_5771,Undirected,Merton_College_MS_39
work_5770,work_5777,Undirected,Merton_College_MS_39
work_5770,work_5776,Undirected,Merton_College_MS_39
work_5770,work_792,Undirected,Merton_College_MS_39
work_5770,work_3874,Undirected,Merton_College_MS_39
work_5770,work_3459,Undirected,Merton_College_MS_39
work_5770,work_1185,Undirected,Merton_College_MS_39
work_5770,work_757,Undirected,Merton_College_MS_39
work_5770,work_5775,Undirected,Merton_College_MS_39
work_5770,work_5774,Undirected,Merton_College_MS_39
work_5770,work_800,Undirected,Merton_College_MS_39
work_5792,work_5800,Undirected,MS_Holkham_Gr_23
work_5792,work_5798,Undirected,MS_Holkham_Gr_23
work_5792,work_5793,Undirected,MS_Holkham_Gr_23
work_5792,work_5794,Undirected,MS_Holkham_Gr_23
work_5792,work_5795,Undirected,MS_Holkham_Gr_23
work_5792,work_5796,Undirected,MS_Holkham_Gr_23
work_5792,work_2524,Undirected,MS_Holkham_Gr_23
work_5792,work_5797,Undirected,MS_Holkham_Gr_23
work_5792,work_5799,Undirected,MS_Holkham_Gr_23
work_5792,work_5908,Undirected,MS_Holkham_Gr_23
work_5792,work_1725,Undirected,MS_Holkham_Gr_23
work_5792,work_109,Undirected,MS_Holkham_Gr_23
work_5792,work_5847,Undirected,MS_Holkham_Gr_23
work_5792,work_5848,Undirected,MS_Holkham_Gr_23
work_5792,work_5849,Undirected,MS_Holkham_Gr_23
work_5792,work_5801,Undirected,MS_Holkham_Gr_23
work_5792,work_5851,Undirected,MS_Holkham_Gr_23
work_5792,work_5861,Undirected,MS_Holkham_Gr_23
work_5792,work_5860,Undirected,MS_Holkham_Gr_23
work_5792,work_5859,Undirected,MS_Holkham_Gr_23
work_5792,work_2650,Undirected,MS_Holkham_Gr_23
work_5792,work_5850,Undirected,MS_Holkham_Gr_23
work_5792,work_5858,Undirected,MS_Holkham_Gr_23
work_5792,work_5857,Undirected,MS_Holkham_Gr_23
work_5792,work_5855,Undirected,MS_Holkham_Gr_23
work_5792,work_5854,Undirected,MS_Holkham_Gr_23
work_5792,work_5853,Undirected,MS_Holkham_Gr_23
work_5792,work_5783,Undirected,MS_Holkham_Gr_23
work_5792,work_5852,Undirected,MS_Holkham_Gr_23
work_5792,work_5856,Undirected,MS_Holkham_Gr_23
work_5802,work_760,Undirected,Merton_College_MS_37
work_5802,work_3889,Undirected,Merton_College_MS_37
work_5802,work_3885,Undirected,Merton_College_MS_37
work_5802,work_3881,Undirected,Merton_College_MS_37
work_5802,work_805,Undirected,Merton_College_MS_37
work_5802,work_779,Undirected,Merton_College_MS_37
work_5802,work_5774,Undirected,Merton_College_MS_37
work_5802,work_770,Undirected,Merton_College_MS_37
work_5802,work_757,Undirected,Merton_College_MS_37
work_5802,work_5948,Undirected,Merton_College_MS_37
work_5802,work_830,Undirected,Merton_College_MS_37
work_5802,work_773,Undirected,Merton_College_MS_37
work_5802,work_6052,Undirected,Merton_College_MS_37
work_5802,work_815,Undirected,Merton_College_MS_37
work_5802,work_6077,Undirected,Merton_College_MS_37
work_5802,work_3882,Undirected,Merton_College_MS_37
work_5802,work_745,Undirected,Merton_College_MS_37
work_5802,work_1185,Undirected,Merton_College_MS_37
work_5802,work_1648,Undirected,Merton_College_MS_37
work_5802,work_5791,Undirected,Merton_College_MS_37
work_5802,work_821,Undirected,Merton_College_MS_37
work_5802,work_768,Undirected,Merton_College_MS_37
work_5802,work_750,Undirected,Merton_College_MS_37
work_5802,work_777,Undirected,Merton_College_MS_37
work_5802,work_3484,Undirected,Merton_College_MS_37
work_5802,work_3450,Undirected,Merton_College_MS_37
work_5802,work_771,Undirected,Merton_College_MS_37
work_5802,work_5788,Undirected,Merton_College_MS_37
work_5802,work_786,Undirected,Merton_College_MS_37
work_5802,work_820,Undirected,Merton_College_MS_37
work_5802,work_5949,Undirected,Merton_College_MS_37
work_5802,work_4165,Undirected,Merton_College_MS_37
work_5802,work_766,Undirected,Merton_College_MS_37
work_5802,work_785,Undirected,Merton_College_MS_37
work_5802,work_3886,Undirected,Merton_College_MS_37
work_5802,work_5781,Undirected,Merton_College_MS_37
work_5802,work_820,Undirected,Merton_College_MS_37
work_5802,work_5804,Undirected,Merton_College_MS_37
work_5815,work_4219,Undirected,Merton_College_MS_44-part3
work_5815,work_1004,Undirected,Merton_College_MS_44-part3
work_5815,work_14583,Undirected,Merton_College_MS_44-part3
work_5819,work_4957,Undirected,Merton_College_MS_47
work_5819,work_5830,Undirected,Merton_College_MS_47
work_5819,work_4085,Undirected,Merton_College_MS_47
work_5819,work_4384,Undirected,Merton_College_MS_47
work_5819,work_4376,Undirected,Merton_College_MS_47
work_5819,work_3830,Undirected,Merton_College_MS_47
work_5819,work_1041,Undirected,Merton_College_MS_47
work_5819,work_4084,Undirected,Merton_College_MS_47
work_5819,work_2670,Undirected,Merton_College_MS_47
work_5819,work_5829,Undirected,Merton_College_MS_47
work_5819,work_5827,Undirected,Merton_College_MS_47
work_5819,work_5828,Undirected,Merton_College_MS_47
work_5819,work_5826,Undirected,Merton_College_MS_47
work_5819,work_5825,Undirected,Merton_College_MS_47
work_5819,work_5824,Undirected,Merton_College_MS_47
work_5819,work_5823,Undirected,Merton_College_MS_47
work_5819,work_5822,Undirected,Merton_College_MS_47
work_5819,work_5821,Undirected,Merton_College_MS_47
work_5819,work_2647,Undirected,Merton_College_MS_47
work_5819,work_2653,Undirected,Merton_College_MS_47
work_5819,work_2648,Undirected,Merton_College_MS_47
work_5819,work_5820,Undirected,Merton_College_MS_47
work_5819,work_1050,Undirected,Merton_College_MS_47
work_5819,work_2774,Undirected,Merton_College_MS_47
work_5819,work_2775,Undirected,Merton_College_MS_47
work_5819,work_5831,Undirected,Merton_College_MS_47
work_5819,work_1553,Undirected,Merton_College_MS_47
work_5819,work_16074,Undirected,Merton_College_MS_47
work_5819,work_747,Undirected,Merton_College_MS_47
work_5819,work_5832,Undirected,Merton_College_MS_47
work_5841,work_4037,Undirected,Merton_College_MS_50
work_5841,work_4035,Undirected,Merton_College_MS_50
work_5841,work_382,Undirected,Merton_College_MS_50
work_5841,work_2428,Undirected,Merton_College_MS_50
work_5841,work_2411,Undirected,Merton_College_MS_50
work_5841,work_4046,Undirected,Merton_College_MS_50
work_5841,work_2406,Undirected,Merton_College_MS_50
work_5841,work_5832,Undirected,Merton_College_MS_50
work_5841,work_1342,Undirected,Merton_College_MS_50
work_5841,work_3874,Undirected,Merton_College_MS_50
work_5841,work_3921,Undirected,Merton_College_MS_50
work_5841,work_5842,Undirected,Merton_College_MS_50
work_5841,work_5843,Undirected,Merton_College_MS_50
work_5841,work_5844,Undirected,Merton_College_MS_50
work_586,work_587,Undirected,MS_Canon_Misc_43-part2
work_5882,work_5900,Undirected,MS_Holkham_Gr_28
work_5882,work_5883,Undirected,MS_Holkham_Gr_28
work_5882,work_5884,Undirected,MS_Holkham_Gr_28
work_5882,work_5898,Undirected,MS_Holkham_Gr_28
work_5882,work_5885,Undirected,MS_Holkham_Gr_28
work_5882,work_5886,Undirected,MS_Holkham_Gr_28
work_5882,work_5887,Undirected,MS_Holkham_Gr_28
work_5882,work_5892,Undirected,MS_Holkham_Gr_28
work_5882,work_5897,Undirected,MS_Holkham_Gr_28
work_5882,work_5896,Undirected,MS_Holkham_Gr_28
work_5882,work_5895,Undirected,MS_Holkham_Gr_28
work_5882,work_5894,Undirected,MS_Holkham_Gr_28
work_5882,work_5890,Undirected,MS_Holkham_Gr_28
work_5882,work_5891,Undirected,MS_Holkham_Gr_28
work_5882,work_5890,Undirected,MS_Holkham_Gr_28
work_5882,work_5889,Undirected,MS_Holkham_Gr_28
work_5882,work_5886,Undirected,MS_Holkham_Gr_28
work_5882,work_5888,Undirected,MS_Holkham_Gr_28
work_5882,work_5899,Undirected,MS_Holkham_Gr_28
work_5882,work_5901,Undirected,MS_Holkham_Gr_28
work_5882,work_5894,Undirected,MS_Holkham_Gr_28
work_5882,work_5893,Undirected,MS_Holkham_Gr_28
work_5900,work_5941,Undirected,MS_Holkham_Gr_35
work_5900,work_45,Undirected,MS_Holkham_Gr_35
work_5900,work_11094,Undirected,MS_Holkham_Gr_35
work_5900,work_10842,Undirected,MS_Holkham_Gr_35
work_5900,work_5943,Undirected,MS_Holkham_Gr_35
work_5905,work_1271,Undirected,MS_Auct_F_1_9
work_5905,work_3104,Undirected,MS_Auct_F_1_9
work_5905,work_375,Undirected,MS_Auct_F_1_9
work_5905,work_5903,Undirected,MS_Auct_F_1_9
work_5905,work_5902,Undirected,MS_Auct_F_1_9
work_5905,work_1721,Undirected,MS_Auct_F_1_9
work_5905,work_16102,Undirected,MS_Auct_F_1_9
work_5905,work_1724,Undirected,MS_Auct_F_1_9
work_5905,work_4402,Undirected,MS_Auct_F_1_9
work_5905,work_5904,Undirected,MS_Auct_F_1_9
work_5927,work_3199,Undirected,MS_Barocci_25-part6
work_5927,work_151,Undirected,MS_Barocci_25-part6
work_5927,work_5926,Undirected,MS_Barocci_25-part6
work_5927,work_167,Undirected,MS_Barocci_25-part6
work_5927,work_156,Undirected,MS_Barocci_25-part6
work_5927,work_166,Undirected,MS_Barocci_25-part6
work_5927,work_165,Undirected,MS_Barocci_25-part6
work_5927,work_2441,Undirected,MS_Barocci_25-part6
work_5927,work_2440,Undirected,MS_Barocci_25-part6
work_5927,work_1331,Undirected,MS_Barocci_25-part6
work_5930,work_6051,Undirected,Merton_College_MS_69
work_5930,work_6053,Undirected,Merton_College_MS_69
work_5930,work_6054,Undirected,Merton_College_MS_69
work_5930,work_6055,Undirected,Merton_College_MS_69
work_5930,work_6052,Undirected,Merton_College_MS_69
work_5940,work_1352,Undirected,MS_Holkham_Gr_32
work_5940,work_5939,Undirected,MS_Holkham_Gr_32
work_5940,work_5940,Undirected,MS_Holkham_Gr_32
work_5940,work_5933,Undirected,MS_Holkham_Gr_32
work_5940,work_5935,Undirected,MS_Holkham_Gr_32
work_5940,work_5934,Undirected,MS_Holkham_Gr_32
work_5940,work_5937,Undirected,MS_Holkham_Gr_32
work_5940,work_5938,Undirected,MS_Holkham_Gr_32
work_5940,work_3262,Undirected,MS_Holkham_Gr_32
work_5940,work_5938,Undirected,MS_Holkham_Gr_32
work_5940,work_5936,Undirected,MS_Holkham_Gr_32
work_5951,work_5950,Undirected,Merton_College_MS_14-part2
work_5957,work_7024,Undirected,Merton_College_MS_96
work_5957,work_4775,Undirected,Merton_College_MS_96
work_5957,work_7025,Undirected,Merton_College_MS_96
work_5957,work_12374,Undirected,Merton_College_MS_77
work_5959,work_13981,Undirected,MS_Eng_poet_a_1
work_5959,work_3968,Undirected,MS_Eng_poet_a_1
work_5959,work_12417,Undirected,MS_Eng_poet_a_1
work_5959,work_4354,Undirected,MS_Eng_poet_a_1
work_5959,work_5080,Undirected,MS_Eng_poet_a_1
work_5959,work_4265,Undirected,MS_Eng_poet_a_1
work_5959,work_4284,Undirected,MS_Eng_poet_a_1
work_5959,work_4287,Undirected,MS_Eng_poet_a_1
work_5959,work_5967,Undirected,MS_Eng_poet_a_1
work_5959,work_5966,Undirected,MS_Eng_poet_a_1
work_5959,work_4960,Undirected,MS_Eng_poet_a_1
work_5959,work_10186,Undirected,MS_Eng_poet_a_1
work_5959,work_16199,Undirected,MS_Eng_poet_a_1
work_5959,work_11854,Undirected,MS_Eng_poet_a_1
work_5959,work_5970,Undirected,MS_Eng_poet_a_1
work_5959,work_16198,Undirected,MS_Eng_poet_a_1
work_5959,work_10003,Undirected,MS_Eng_poet_a_1
work_5959,work_5969,Undirected,MS_Eng_poet_a_1
work_5959,work_5968,Undirected,MS_Eng_poet_a_1
work_5959,work_5016,Undirected,MS_Eng_poet_a_1
work_5959,work_4959,Undirected,MS_Eng_poet_a_1
work_5959,work_16200,Undirected,MS_Eng_poet_a_1
work_5960,work_2650,Undirected,MS_Holkham_Gr_41
work_5960,work_5872,Undirected,MS_Holkham_Gr_41
work_5960,work_5963,Undirected,MS_Holkham_Gr_41
work_5960,work_5964,Undirected,MS_Holkham_Gr_41
work_5960,work_5965,Undirected,MS_Holkham_Gr_41
work_5960,work_5872,Undirected,MS_Holkham_Gr_41
work_5960,work_5962,Undirected,MS_Holkham_Gr_41
work_5960,work_5961,Undirected,MS_Holkham_Gr_41
work_5971,work_7004,Undirected,Merton_College_MS_87
work_5971,work_17001,Undirected,Merton_College_MS_87
work_5971,work_17001,Undirected,Merton_College_MS_87
work_5971,work_1439,Undirected,Merton_College_MS_87
work_5971,work_17000,Undirected,Merton_College_MS_87
work_5972,work_12374,Undirected,Merton_College_MS_63
work_599,work_3994,Undirected,MS_Ashmole_1431
work_599,work_3846,Undirected,MS_Ashmole_1431
work_5993,work_778,Undirected,MS_Laud_Misc_192
work_5993,work_5947,Undirected,MS_Laud_Misc_192
work_5993,work_833,Undirected,MS_Laud_Misc_192
work_5993,work_3803,Undirected,MS_Laud_Misc_192
work_5993,work_834,Undirected,MS_Laud_Misc_192
work_5995,work_10839,Undirected,MS_Holkham_Gr_45
work_5998,work_6004,Undirected,MS_Holkham_Gr_48
work_5998,work_5999,Undirected,MS_Holkham_Gr_48
work_5998,work_6003,Undirected,MS_Holkham_Gr_48
work_5998,work_6002,Undirected,MS_Holkham_Gr_48
work_5998,work_6000,Undirected,MS_Holkham_Gr_48
work_5998,work_499,Undirected,MS_Holkham_Gr_48
work_604,work_15308,Undirected,MS_Canon_Misc_374
work_604,work_11259,Undirected,MS_Canon_Misc_374
work_604,work_2526,Undirected,MS_Canon_Misc_374
work_604,work_11623,Undirected,MS_Canon_Misc_374
work_604,work_1563,Undirected,MS_Canon_Misc_374
work_604,work_14583,Undirected,MS_Canon_Misc_374
work_6050,work_4073,Undirected,St_Johns_College_MS_128
work_6050,work_6832,Undirected,St_Johns_College_MS_128
work_6050,work_6144,Undirected,St_Johns_College_MS_128
work_6050,work_3805,Undirected,MS_Laud_Misc_639
work_6050,work_4501,Undirected,MS_Laud_Lat_47-part1
work_6050,work_4121,Undirected,MS_Laud_Lat_47-part1
work_6050,work_6149,Undirected,MS_Laud_Lat_47-part1
work_6059,work_2427,Undirected,MS_Bodl_382
work_6059,work_2428,Undirected,MS_Bodl_382
work_6059,work_4000,Undirected,MS_Bodl_382
work_6059,work_974,Undirected,MS_Bodl_382
work_6059,work_2426,Undirected,MS_Bodl_382
work_6075,work_4041,Undirected,MS_Bodl_311
work_6075,work_1874,Undirected,MS_Bodl_311
work_6075,work_13765,Undirected,MS_Bodl_311
work_6075,work_1340,Undirected,MS_Bodl_311
work_6075,work_16223,Undirected,MS_Bodl_311
work_6075,work_6075,Undirected,MS_Bodl_311
work_6075,work_16331,Undirected,MS_Bodl_311
work_6075,work_16330,Undirected,MS_Bodl_311
work_608,work_5067,Undirected,MS_Canon_Misc_203
work_608,work_2322,Undirected,MS_Canon_Misc_203
work_6080,work_4932,Undirected,MS_Digby_86
work_6080,work_2015,Undirected,MS_Digby_86
work_6080,work_6081,Undirected,MS_Digby_86
work_6080,work_17513,Undirected,MS_Digby_86
work_6080,work_13950,Undirected,MS_Digby_86
work_6080,work_6079,Undirected,MS_Digby_86
work_6080,work_4353,Undirected,MS_Digby_86
work_6080,work_17505,Undirected,MS_Digby_86
work_6094,work_6093,Undirected,MS_Auct_T_2_10
work_6094,work_6097,Undirected,MS_Auct_T_2_10
work_6094,work_6096,Undirected,MS_Auct_T_2_10
work_610,work_6120,Undirected,MS_Auct_F_4_8
work_610,work_6118,Undirected,MS_Auct_F_4_8
work_610,work_2023,Undirected,MS_Auct_F_4_8
work_610,work_6119,Undirected,MS_Auct_F_4_8
work_6113,work_6115,Undirected,MS_Auct_T_2_12
work_6113,work_6114,Undirected,MS_Auct_T_2_12
work_6113,work_6116,Undirected,MS_Auct_T_2_12
work_6113,work_1473,Undirected,MS_Auct_T_2_12
work_6113,work_2820,Undirected,MS_Auct_T_2_12
work_6119,work_6120,Undirected,MS_Auct_T_2_14-part3
work_6124,work_6130,Undirected,MS_Auct_F_inf_1_15
work_6124,work_6126,Undirected,MS_Auct_F_inf_1_15
work_6124,work_6125,Undirected,MS_Auct_F_inf_1_15
work_6124,work_6129,Undirected,MS_Auct_F_inf_1_15
work_6124,work_6128,Undirected,MS_Auct_F_inf_1_15
work_6124,work_6127,Undirected,MS_Auct_F_inf_1_15
work_6135,work_16011,Undirected,MS_Laud_Misc_96-part4
work_6135,work_6136,Undirected,MS_Laud_Misc_96-part4
work_6139,work_6138,Undirected,MS_Laud_Misc_96-part1C
work_6139,work_14583,Undirected,MS_Laud_Misc_96-part1C
work_6139,work_14583,Undirected,MS_Laud_Misc_96-part1C
work_6139,work_14583,Undirected,MS_Laud_Misc_96-part1C
work_6139,work_6137,Undirected,MS_Laud_Misc_96-part1C
work_6139,work_14583,Undirected,MS_Laud_Misc_96-part1C
work_616,work_11728,Undirected,MS_Holkham_misc_32
work_6173,work_7355,Undirected,MS_Junius_25-part5
work_6173,work_6321,Undirected,MS_Junius_25-part5
work_6173,work_11227,Undirected,MS_Junius_25-part5
work_6175,work_6174,Undirected,MS_Holkham_Gr_57-part1
work_6175,work_10727,Undirected,MS_Holkham_Gr_57-part1
work_6176,work_2722,Undirected,MS_e_Mus_52
work_6176,work_14235,Undirected,MS_e_Mus_52
work_6176,work_14235,Undirected,MS_e_Mus_52
work_6176,work_14235,Undirected,MS_e_Mus_52
work_6176,work_6177,Undirected,MS_e_Mus_52
work_6176,work_14235,Undirected,MS_e_Mus_52
work_6176,work_12503,Undirected,MS_e_Mus_52
work_6176,work_14235,Undirected,MS_e_Mus_52
work_6176,work_14948,Undirected,MS_e_Mus_52
work_6176,work_14948,Undirected,MS_e_Mus_52
work_6176,work_14948,Undirected,MS_e_Mus_52
work_6176,work_14235,Undirected,MS_e_Mus_52
work_6176,work_14235,Undirected,MS_e_Mus_52
work_6176,work_14235,Undirected,MS_e_Mus_52
work_6176,work_14235,Undirected,MS_e_Mus_52
work_6176,work_14235,Undirected,MS_e_Mus_52
work_6176,work_6177,Undirected,MS_e_Mus_52
work_6179,work_6180,Undirected,MS_Arch_Selden_B_8-part3
work_6179,work_6182,Undirected,MS_Arch_Selden_B_8-part3
work_6179,work_6181,Undirected,MS_Arch_Selden_B_8-part3
work_6197,work_6194,Undirected,MS_Holkham_Gr_59
work_6197,work_6198,Undirected,MS_Holkham_Gr_59
work_6197,work_6199,Undirected,MS_Holkham_Gr_59
work_6197,work_6196,Undirected,MS_Holkham_Gr_59
work_6197,work_6195,Undirected,MS_Holkham_Gr_59
work_6197,work_6193,Undirected,MS_Holkham_Gr_59
work_6204,work_3583,Undirected,Merton_College_MS_301
work_6224,work_6225,Undirected,MS_Holkham_Gr_81-part1
work_6224,work_4074,Undirected,MS_Holkham_Gr_81-part1
work_6239,work_6240,Undirected,MS_Hamilton_13-part1
work_6246,work_4415,Undirected,MS_Laud_Misc_114-part6
work_6247,work_820,Undirected,MS_Laud_Misc_114-part3
work_6247,work_820,Undirected,MS_Laud_Misc_114-part3
work_6247,work_820,Undirected,MS_Laud_Misc_114-part3
work_6247,work_1860,Undirected,MS_Laud_Misc_114-part3
work_6247,work_6247,Undirected,MS_Laud_Misc_114-part3
work_6247,work_820,Undirected,MS_Laud_Misc_114-part3
work_6248,work_4830,Undirected,MS_Laud_Misc_376-part4
work_6249,work_6249,Undirected,MS_Laud_Misc_376-part3
work_6249,work_14583,Undirected,MS_Laud_Misc_376-part3
work_6259,work_6263,Undirected,MS_Holkham_Gr_72
work_6259,work_6264,Undirected,MS_Holkham_Gr_72
work_6259,work_6265,Undirected,MS_Holkham_Gr_72
work_6259,work_6266,Undirected,MS_Holkham_Gr_72
work_6259,work_6267,Undirected,MS_Holkham_Gr_72
work_6259,work_6261,Undirected,MS_Holkham_Gr_72
work_6259,work_6260,Undirected,MS_Holkham_Gr_72
work_6259,work_6262,Undirected,MS_Holkham_Gr_72
work_6268,work_718,Undirected,MS_Holkham_Gr_75
work_6268,work_4052,Undirected,MS_Holkham_Gr_75
work_6268,work_2474,Undirected,MS_Holkham_Gr_75
work_6268,work_4052,Undirected,MS_Holkham_Gr_75
work_6269,work_6578,Undirected,MS_Holkham_Gr_78
work_6269,work_6577,Undirected,MS_Holkham_Gr_78
work_6269,work_6574,Undirected,MS_Holkham_Gr_78
work_6269,work_6576,Undirected,MS_Holkham_Gr_78
work_6269,work_6575,Undirected,MS_Holkham_Gr_78
work_6269,work_13931,Undirected,MS_Holkham_Gr_78
work_6269,work_6571,Undirected,MS_Holkham_Gr_78
work_6269,work_6573,Undirected,MS_Holkham_Gr_78
work_6269,work_6580,Undirected,MS_Holkham_Gr_78
work_6269,work_6581,Undirected,MS_Holkham_Gr_78
work_6269,work_6572,Undirected,MS_Holkham_Gr_78
work_6269,work_6582,Undirected,MS_Holkham_Gr_78
work_6269,work_6583,Undirected,MS_Holkham_Gr_78
work_6269,work_6574,Undirected,MS_Holkham_Gr_78
work_6269,work_6570,Undirected,MS_Holkham_Gr_78
work_6269,work_6579,Undirected,MS_Holkham_Gr_78
work_6271,work_6270,Undirected,MS_Bodl_138
work_6271,work_2406,Undirected,MS_Bodl_138
work_628,work_1403,Undirected,MS_Barocci_78
work_628,work_671,Undirected,MS_Canon_Gr_7
work_6282,work_16297,Undirected,MS_Bodl_57-partF
work_6290,work_821,Undirected,MS_Bodl_571-part2
work_6290,work_3288,Undirected,MS_Bodl_185
work_6294,work_1343,Undirected,MS_Add_C_15
work_6294,work_6308,Undirected,MS_Bodl_210
work_6294,work_6307,Undirected,MS_Bodl_210
work_6294,work_6295,Undirected,MS_Laud_Misc_105
work_6294,work_6296,Undirected,MS_Laud_Misc_105
work_6294,work_6297,Undirected,MS_Laud_Misc_105
work_6294,work_6302,Undirected,MS_Add_C_15
work_6294,work_6297,Undirected,MS_Add_C_15
work_6294,work_6305,Undirected,MS_Add_C_15
work_6294,work_1342,Undirected,MS_Laud_Misc_105
work_6294,work_6299,Undirected,MS_Laud_Misc_105
work_6294,work_6301,Undirected,MS_Laud_Misc_105
work_6294,work_1343,Undirected,MS_Add_C_15
work_6294,work_6298,Undirected,MS_Laud_Misc_105
work_6294,work_1343,Undirected,MS_Add_C_15
work_6294,work_1343,Undirected,MS_Add_C_15
work_6294,work_1343,Undirected,MS_Add_C_15
work_6294,work_6300,Undirected,MS_Laud_Misc_105
work_6294,work_6304,Undirected,MS_Add_C_15
work_6294,work_1343,Undirected,MS_Add_C_15
work_6294,work_1343,Undirected,MS_Add_C_15
work_6294,work_16304,Undirected,MS_Add_C_15
work_6294,work_1343,Undirected,MS_Add_C_15
work_6294,work_6295,Undirected,MS_Add_C_15
work_6294,work_1343,Undirected,MS_Laud_Misc_105
work_6294,work_6302,Undirected,MS_Laud_Misc_105
work_6294,work_16304,Undirected,MS_Bodl_210
work_6294,work_6300,Undirected,MS_Bodl_210
work_6294,work_6301,Undirected,MS_Bodl_210
work_6294,work_6302,Undirected,MS_Bodl_210
work_6294,work_6306,Undirected,MS_Laud_Misc_105
work_6294,work_6744,Undirected,MS_Laud_Misc_105
work_6294,work_6303,Undirected,MS_Bodl_210
work_6294,work_6305,Undirected,MS_Bodl_210
work_6294,work_6295,Undirected,MS_Bodl_210
work_6294,work_6296,Undirected,MS_Bodl_210
work_6294,work_6297,Undirected,MS_Bodl_210
work_6294,work_1342,Undirected,MS_Bodl_210
work_6294,work_6309,Undirected,MS_Bodl_210
work_6294,work_6300,Undirected,MS_Add_C_15
work_6294,work_1343,Undirected,MS_Add_C_15
work_6294,work_6306,Undirected,MS_Bodl_210
work_6294,work_6299,Undirected,MS_Bodl_210
work_6294,work_6303,Undirected,MS_Add_C_15
work_6294,work_6296,Undirected,MS_Add_C_15
work_6294,work_6299,Undirected,MS_Add_C_15
work_6294,work_6298,Undirected,MS_Add_C_15
work_6294,work_6305,Undirected,MS_Laud_Misc_105
work_6294,work_6307,Undirected,MS_Laud_Misc_105
work_6294,work_1343,Undirected,MS_Laud_Misc_105
work_6294,work_1343,Undirected,MS_Bodl_210
work_6294,work_1343,Undirected,MS_Laud_Misc_105
work_6294,work_6304,Undirected,MS_Laud_Misc_105
work_6294,work_6301,Undirected,MS_Add_C_15
work_6294,work_1342,Undirected,MS_Add_C_15
work_6294,work_6303,Undirected,MS_Laud_Misc_105
work_6294,work_6298,Undirected,MS_Bodl_210
work_6294,work_6304,Undirected,MS_Bodl_210
work_631,work_3008,Undirected,MS_Barocci_116-part1
work_6320,work_10154,Undirected,MS_Bodl_484-part5
work_6326,work_6333,Undirected,MS_Bodl_638
work_6326,work_2683,Undirected,MS_Bodl_638
work_6326,work_6327,Undirected,MS_Bodl_638
work_6326,work_4808,Undirected,MS_Bodl_638
work_6326,work_6328,Undirected,MS_Bodl_638
work_6326,work_6329,Undirected,MS_Bodl_638
work_6326,work_6334,Undirected,MS_Bodl_638
work_6326,work_16319,Undirected,MS_Bodl_638
work_6326,work_6332,Undirected,MS_Bodl_638
work_6326,work_1661,Undirected,MS_Bodl_638
work_6326,work_16318,Undirected,MS_Bodl_638
work_6326,work_1664,Undirected,MS_Bodl_638
work_6326,work_6330,Undirected,MS_Bodl_638
work_6326,work_6331,Undirected,MS_Bodl_638
work_6326,work_16320,Undirected,MS_Bodl_638
work_6326,work_6145,Undirected,MS_Bodl_638
work_6328,work_6332,Undirected,MS_Fairfax_16-part3
work_6328,work_16319,Undirected,MS_Fairfax_16-part3
work_6328,work_2724,Undirected,MS_Fairfax_16-part3
work_6328,work_6333,Undirected,MS_Fairfax_16-part3
work_6328,work_6334,Undirected,MS_Fairfax_16-part3
work_6329,work_1664,Undirected,MS_Tanner_346
work_6329,work_6328,Undirected,MS_Tanner_346
work_6329,work_2683,Undirected,MS_Tanner_346
work_6329,work_6327,Undirected,MS_Tanner_346
work_6329,work_6696,Undirected,MS_Tanner_346
work_6329,work_6695,Undirected,MS_Tanner_346
work_6329,work_4808,Undirected,MS_Tanner_346
work_6329,work_6330,Undirected,MS_Tanner_346
work_6329,work_1661,Undirected,MS_Tanner_346
work_6329,work_6326,Undirected,MS_Tanner_346
work_6343,work_6344,Undirected,MS_Hamilton_18-PartC
work_6343,work_16326,Undirected,MS_Hamilton_18-PartC
work_6343,work_3823,Undirected,MS_Hamilton_18-PartC
work_6343,work_13164,Undirected,MS_Hamilton_18-PartC
work_6343,work_3139,Undirected,MS_Hamilton_18-PartC
work_6350,work_6347,Undirected,MS_Hamilton_30
work_6350,work_11760,Undirected,MS_Hamilton_30
work_6350,work_14583,Undirected,MS_Hamilton_30
work_6350,work_2330,Undirected,MS_Hamilton_30
work_6350,work_13088,Undirected,MS_Hamilton_30
work_6350,work_2492,Undirected,MS_Hamilton_30
work_6350,work_2492,Undirected,MS_Hamilton_30
work_6355,work_6351,Undirected,MS_Holkham_Gr_80
work_6355,work_6352,Undirected,MS_Holkham_Gr_80
work_6355,work_6356,Undirected,MS_Holkham_Gr_80
work_6355,work_6357,Undirected,MS_Holkham_Gr_80
work_6355,work_6353,Undirected,MS_Holkham_Gr_80
work_6355,work_6354,Undirected,MS_Holkham_Gr_80
work_6364,work_14583,Undirected,MS_Laud_Misc_208-part1
work_6364,work_2450,Undirected,MS_Laud_Misc_208-part1
work_6364,work_15021,Undirected,MS_Laud_Misc_208-part1
work_6364,work_1290,Undirected,MS_Laud_Misc_208-part1
work_6364,work_14583,Undirected,MS_Laud_Misc_208-part1
work_6364,work_14583,Undirected,MS_Laud_Misc_208-part1
work_6364,work_1718,Undirected,MS_Laud_Misc_208-part1
work_6368,work_3823,Undirected,MS_Bodl_618
work_6369,work_2076,Undirected,MS_Holkham_Gr_83
work_6369,work_4021,Undirected,MS_Holkham_Gr_83
work_6369,work_14506,Undirected,MS_Holkham_Gr_83
work_6369,work_6370,Undirected,MS_Holkham_Gr_83
work_6372,work_6373,Undirected,MS_Hamilton_48-partA
work_6377,work_4136,Undirected,MS_Canon_Class_Lat_126
work_6377,work_4138,Undirected,MS_Canon_Class_Lat_126
work_6377,work_3102,Undirected,MS_Canon_Class_Lat_126
work_6377,work_3559,Undirected,MS_Canon_Class_Lat_126
work_6377,work_4921,Undirected,MS_Canon_Class_Lat_126
work_6377,work_6378,Undirected,MS_Canon_Class_Lat_126
work_6377,work_4867,Undirected,MS_Canon_Class_Lat_126
work_6377,work_3421,Undirected,MS_Canon_Class_Lat_126
work_6377,work_4134,Undirected,MS_Canon_Class_Lat_126
work_6381,work_4815,Undirected,MS_Holkham_Gr_89
work_6381,work_634,Undirected,MS_Holkham_Gr_89
work_6381,work_635,Undirected,MS_Holkham_Gr_89
work_6381,work_639,Undirected,MS_Holkham_Gr_89
work_639,work_6800,Undirected,MS_Holkham_Gr_88
work_639,work_634,Undirected,MS_Canon_Gr_46
work_639,work_6803,Undirected,MS_Holkham_Gr_88
work_639,work_634,Undirected,MS_Barocci_127
work_639,work_634,Undirected,MS_Rawl_G_89
work_639,work_635,Undirected,MS_Barocci_127
work_639,work_6802,Undirected,MS_Holkham_Gr_88
work_639,work_6801,Undirected,MS_Holkham_Gr_88
work_639,work_4814,Undirected,MS_Barocci_43
work_639,work_634,Undirected,MS_Barocci_43
work_639,work_635,Undirected,MS_Holkham_Gr_88
work_639,work_634,Undirected,MS_Holkham_Gr_88
work_639,work_634,Undirected,MS_DOrville_72
work_639,work_1488,Undirected,MS_DOrville_72
work_639,work_1491,Undirected,MS_DOrville_72
work_639,work_4579,Undirected,MS_DOrville_72
work_639,work_4580,Undirected,MS_DOrville_72
work_639,work_2040,Undirected,MS_DOrville_72
work_639,work_636,Undirected,MS_Holkham_Gr_88
work_6411,work_1884,Undirected,MS_Bywater_38-part9
work_6415,work_6414,Undirected,MS_Holkham_Gr_97
work_6415,work_6412,Undirected,MS_Holkham_Gr_97
work_6415,work_6413,Undirected,MS_Holkham_Gr_97
work_6418,work_11343,Undirected,MS_Hamilton_34-partB
work_6418,work_15161,Undirected,MS_Hamilton_34-partB
work_6418,work_6364,Undirected,MS_Hamilton_34-partB
work_6418,work_1910,Undirected,MS_Hamilton_34-partB
work_6425,work_15292,Undirected,MS_Laud_Lat_105-part6
work_6425,work_6424,Undirected,MS_Laud_Lat_105-part6
work_6425,work_15292,Undirected,MS_Laud_Lat_105-part6
work_6425,work_15292,Undirected,MS_Laud_Lat_105-part6
work_6432,work_3163,Undirected,MS_Holkham_Gr_101
work_6432,work_2980,Undirected,MS_Holkham_Gr_101
work_644,work_1075,Undirected,MS_Bywater_5
work_644,work_3851,Undirected,MS_Bywater_5
work_644,work_656,Undirected,MS_Bywater_5
work_644,work_672,Undirected,MS_Bywater_5
work_644,work_14849,Undirected,MS_Bywater_5
work_6452,work_6626,Undirected,MS_Lyell_56
work_6452,work_2081,Undirected,MS_Lyell_56
work_6452,work_14583,Undirected,MS_Lyell_56
work_6452,work_2086,Undirected,MS_Lyell_56
work_6452,work_6614,Undirected,MS_Lyell_56
work_6452,work_6620,Undirected,MS_Lyell_56
work_6452,work_6615,Undirected,MS_Lyell_56
work_6452,work_6625,Undirected,MS_Lyell_56
work_6452,work_7607,Undirected,MS_Lyell_56
work_6452,work_6624,Undirected,MS_Lyell_56
work_6452,work_6623,Undirected,MS_Lyell_56
work_6452,work_6616,Undirected,MS_Lyell_56
work_6452,work_6622,Undirected,MS_Lyell_56
work_6452,work_6621,Undirected,MS_Lyell_56
work_6452,work_6617,Undirected,MS_Lyell_56
work_6452,work_6618,Undirected,MS_Lyell_56
work_6452,work_6619,Undirected,MS_Lyell_56
work_6452,work_6613,Undirected,MS_Lyell_56
work_6452,work_2131,Undirected,MS_Lyell_56
work_6452,work_2086,Undirected,MS_Lyell_56
work_6458,work_4773,Undirected,MS_Laud_Misc_351
work_6462,work_7150,Undirected,MS_Hamilton_47-part2
work_6473,work_13505,Undirected,MS_Lat_th_d_18-part3
work_6476,work_6480,Undirected,MS_Lat_th_d_13-part3
work_6476,work_6481,Undirected,MS_Lat_th_d_13-part3
work_6476,work_6477,Undirected,MS_Lat_th_d_13-part3
work_6476,work_6478,Undirected,MS_Lat_th_d_13-part3
work_6479,work_13932,Undirected,MS_Lat_th_d_13-part1
work_648,work_6485,Undirected,MS_Lat_th_d_13-part5
work_648,work_6484,Undirected,MS_Lat_th_d_13-part5
work_648,work_6486,Undirected,MS_Lat_th_d_13-part5
work_6487,work_2125,Undirected,MS_Canon_Pat_Lat_52-part7
work_6487,work_2131,Undirected,MS_Canon_Pat_Lat_52-part7
work_6487,work_6230,Undirected,MS_Canon_Pat_Lat_52-part7
work_6488,work_2623,Undirected,MS_Laud_Misc_478-part1
work_649,work_658,Undirected,MS_Canon_Misc_418
work_6493,work_6479,Undirected,MS_Hamilton_54-part1
work_6493,work_6500,Undirected,MS_Hamilton_54-part1
work_6493,work_6499,Undirected,MS_Hamilton_54-part1
work_6493,work_6498,Undirected,MS_Hamilton_54-part1
work_6493,work_6501,Undirected,MS_Hamilton_54-part1
work_6493,work_6502,Undirected,MS_Hamilton_54-part1
work_6493,work_6496,Undirected,MS_Hamilton_54-part1
work_6493,work_6495,Undirected,MS_Hamilton_54-part1
work_6493,work_6494,Undirected,MS_Hamilton_54-part1
work_65,work_1812,Undirected,MS_Barocci_56-part1
work_65,work_21,Undirected,MS_Barocci_56-part1
work_65,work_2274,Undirected,MS_Barocci_56-part1
work_65,work_618,Undirected,MS_Barocci_56-part1
work_65,work_10199,Undirected,MS_Barocci_56-part1
work_65,work_2977,Undirected,MS_Barocci_56-part1
work_65,work_2282,Undirected,MS_Barocci_56-part1
work_65,work_79,Undirected,MS_Barocci_56-part1
work_65,work_932,Undirected,MS_Barocci_56-part1
work_65,work_932,Undirected,MS_Barocci_56-part1
work_65,work_4655,Undirected,MS_Barocci_56-part1
work_65,work_1816,Undirected,MS_Barocci_56-part1
work_65,work_2977,Undirected,MS_Barocci_56-part1
work_65,work_65,Undirected,MS_Barocci_56-part1
work_65,work_154,Undirected,MS_Barocci_56-part1
work_65,work_171,Undirected,MS_Barocci_56-part1
work_65,work_26,Undirected,MS_Barocci_56-part1
work_65,work_77,Undirected,MS_Barocci_56-part1
work_65,work_65,Undirected,MS_Barocci_56-part1
work_65,work_2977,Undirected,MS_Barocci_56-part1
work_65,work_53,Undirected,MS_Barocci_56-part1
work_65,work_78,Undirected,MS_Barocci_56-part1
work_65,work_4155,Undirected,MS_Barocci_56-part1
work_65,work_163,Undirected,MS_Barocci_56-part1
work_65,work_1379,Undirected,MS_Barocci_139
work_65,work_2982,Undirected,MS_Barocci_56-part1
work_65,work_4141,Undirected,MS_Barocci_56-part1
work_65,work_5157,Undirected,MS_Barocci_56-part1
work_65,work_145,Undirected,MS_Barocci_56-part1
work_65,work_3031,Undirected,MS_Barocci_139
work_65,work_4655,Undirected,MS_Barocci_139
work_65,work_42,Undirected,MS_Barocci_139
work_65,work_54,Undirected,MS_Barocci_56-part1
work_65,work_2977,Undirected,MS_Barocci_56-part1
work_65,work_70,Undirected,MS_Barocci_56-part1
work_65,work_26,Undirected,MS_Barocci_139
work_65,work_79,Undirected,MS_Barocci_139
work_65,work_10,Undirected,MS_Barocci_56-part1
work_65,work_4,Undirected,MS_Barocci_56-part1
work_65,work_4090,Undirected,MS_Barocci_56-part1
work_65,work_1812,Undirected,MS_Barocci_56-part1
work_65,work_26,Undirected,MS_Barocci_56-part1
work_65,work_1812,Undirected,MS_Barocci_56-part1
work_65,work_54,Undirected,MS_Barocci_139
work_65,work_3033,Undirected,MS_Barocci_56-part1
work_65,work_21,Undirected,MS_Barocci_139
work_65,work_941,Undirected,MS_Barocci_56-part1
work_65,work_10,Undirected,MS_Barocci_139
work_65,work_4,Undirected,MS_Barocci_139
work_65,work_77,Undirected,MS_Barocci_139
work_65,work_25,Undirected,MS_Barocci_139
work_65,work_78,Undirected,MS_Barocci_139
work_650,work_642,Undirected,MS_Canon_Class_Lat_277
work_6503,work_6509,Undirected,MS_Hamilton_54-part2
work_6503,work_6504,Undirected,MS_Hamilton_54-part2
work_6503,work_6505,Undirected,MS_Hamilton_54-part2
work_6503,work_6506,Undirected,MS_Hamilton_54-part2
work_6503,work_6507,Undirected,MS_Hamilton_54-part2
work_6503,work_6508,Undirected,MS_Hamilton_54-part2
work_6503,work_6513,Undirected,MS_Hamilton_54-part2
work_6503,work_6512,Undirected,MS_Hamilton_54-part2
work_6503,work_6511,Undirected,MS_Hamilton_54-part2
work_6503,work_6510,Undirected,MS_Hamilton_54-part2
work_6514,work_6521,Undirected,MS_Hamilton_54-part3
work_6514,work_6515,Undirected,MS_Hamilton_54-part3
work_6514,work_6516,Undirected,MS_Hamilton_54-part3
work_6514,work_6518,Undirected,MS_Hamilton_54-part3
work_6514,work_6519,Undirected,MS_Hamilton_54-part3
work_6514,work_6520,Undirected,MS_Hamilton_54-part3
work_6514,work_6517,Undirected,MS_Hamilton_54-part3
work_6524,work_6529,Undirected,MS_Hamilton_54-part6
work_6524,work_6525,Undirected,MS_Hamilton_54-part6
work_6524,work_6526,Undirected,MS_Hamilton_54-part6
work_6524,work_6527,Undirected,MS_Hamilton_54-part6
work_6524,work_6528,Undirected,MS_Hamilton_54-part6
work_6538,work_6540,Undirected,MS_Hamilton_54-part11
work_6538,work_6539,Undirected,MS_Hamilton_54-part11
work_6542,work_6544,Undirected,MS_Hamilton_54-part13
work_6542,work_6551,Undirected,MS_Hamilton_54-part13
work_6546,work_6547,Undirected,MS_Hamilton_54-part15
work_6548,work_6549,Undirected,MS_Hamilton_54-part16
work_655,work_3854,Undirected,MS_Bodl_965a
work_656,work_3861,Undirected,MS_Canon_Class_Lat_174
work_656,work_664,Undirected,MS_Canon_Class_Lat_174
work_656,work_674,Undirected,MS_Canon_Class_Lat_174
work_656,work_6444,Undirected,MS_Canon_Class_Lat_174
work_656,work_672,Undirected,MS_Canon_Class_Lat_289
work_656,work_3851,Undirected,MS_Canon_Class_Lat_289
work_6560,work_14301,Undirected,MS_Laud_Misc_383
work_6560,work_764,Undirected,MS_Laud_Misc_383
work_6560,work_4121,Undirected,MS_Laud_Misc_383
work_6560,work_3886,Undirected,MS_Laud_Misc_383
work_6560,work_4123,Undirected,MS_Laud_Misc_383
work_6560,work_16266,Undirected,MS_Laud_Misc_383
work_6560,work_3110,Undirected,MS_Laud_Misc_383
work_6561,work_6563,Undirected,MS_Laud_Misc_222-part2
work_6561,work_6562,Undirected,MS_Laud_Misc_222-part2
work_6561,work_6564,Undirected,MS_Laud_Misc_222-part2
work_6561,work_6565,Undirected,MS_Laud_Misc_222-part2
work_6569,work_2942,Undirected,MS_Lyell_55
work_6569,work_2942,Undirected,MS_Lyell_55
work_6569,work_3907,Undirected,MS_Lyell_55
work_6569,work_2102,Undirected,MS_Lyell_55
work_6569,work_6718,Undirected,MS_Lyell_55
work_6569,work_2102,Undirected,MS_Lyell_55
work_6569,work_6570,Undirected,MS_Lyell_55
work_6569,work_6612,Undirected,MS_Lyell_55
work_6569,work_3907,Undirected,MS_Lyell_55
work_6569,work_1190,Undirected,MS_Lyell_55
work_6569,work_3907,Undirected,MS_Lyell_55
work_6569,work_2942,Undirected,MS_Lyell_55
work_6569,work_3907,Undirected,MS_Lyell_55
work_6569,work_1190,Undirected,MS_Lyell_55
work_6569,work_1190,Undirected,MS_Lyell_55
work_6569,work_3907,Undirected,MS_Lyell_55
work_6569,work_2942,Undirected,MS_Lyell_55
work_6569,work_1190,Undirected,MS_Lyell_55
work_6569,work_820,Undirected,MS_Lyell_55
work_6569,work_6718,Undirected,MS_Lyell_55
work_6569,work_6718,Undirected,MS_Lyell_55
work_6569,work_820,Undirected,MS_Lyell_55
work_6569,work_3907,Undirected,MS_Lyell_55
work_6569,work_6718,Undirected,MS_Lyell_55
work_6569,work_1190,Undirected,MS_Lyell_55
work_6569,work_820,Undirected,MS_Lyell_55
work_6569,work_820,Undirected,MS_Lyell_55
work_6569,work_820,Undirected,MS_Lyell_55
work_6569,work_2102,Undirected,MS_Lyell_55
work_6569,work_3907,Undirected,MS_Lyell_55
work_6569,work_6718,Undirected,MS_Lyell_55
work_6569,work_6718,Undirected,MS_Lyell_55
work_6569,work_820,Undirected,MS_Lyell_55
work_6569,work_3907,Undirected,MS_Lyell_55
work_6569,work_3907,Undirected,MS_Lyell_55
work_6569,work_3907,Undirected,MS_Lyell_55
work_6569,work_1190,Undirected,MS_Lyell_55
work_6569,work_820,Undirected,MS_Lyell_55
work_6569,work_2102,Undirected,MS_Lyell_55
work_6569,work_820,Undirected,MS_Lyell_55
work_6569,work_1190,Undirected,MS_Lyell_55
work_6569,work_6718,Undirected,MS_Lyell_55
work_6569,work_1190,Undirected,MS_Lyell_55
work_6569,work_1190,Undirected,MS_Lyell_55
work_6569,work_6718,Undirected,MS_Lyell_55
work_6569,work_1190,Undirected,MS_Lyell_55
work_6569,work_954,Undirected,MS_Lyell_55
work_6569,work_954,Undirected,MS_Lyell_55
work_6569,work_954,Undirected,MS_Lyell_55
work_6569,work_820,Undirected,MS_Lyell_55
work_658,work_7243,Undirected,Merton_College_MS_278
work_658,work_438,Undirected,Merton_College_MS_278
work_658,work_3857,Undirected,Merton_College_MS_270
work_658,work_797,Undirected,Merton_College_MS_278
work_658,work_5672,Undirected,Merton_College_MS_278
work_658,work_851,Undirected,Merton_College_MS_278
work_6590,work_2150,Undirected,MS_Bodl_87
work_6590,work_14583,Undirected,MS_Bodl_87
work_6590,work_3496,Undirected,MS_Bodl_87
work_6590,work_3496,Undirected,MS_Bodl_87
work_6590,work_14583,Undirected,MS_Bodl_87
work_6590,work_14583,Undirected,MS_Bodl_87
work_6590,work_6590,Undirected,MS_Bodl_87
work_6590,work_14583,Undirected,MS_Bodl_87
work_6590,work_3496,Undirected,MS_Bodl_87
work_6590,work_14583,Undirected,MS_Bodl_87
work_6590,work_14583,Undirected,MS_Bodl_87
work_6590,work_3496,Undirected,MS_Bodl_87
work_6590,work_14583,Undirected,MS_Bodl_87
work_6590,work_2055,Undirected,MS_Bodl_87
work_6590,work_6590,Undirected,MS_Bodl_87
work_6590,work_6590,Undirected,MS_Bodl_87
work_6590,work_4618,Undirected,MS_Bodl_87
work_6590,work_2154,Undirected,MS_Bodl_87
work_6590,work_14583,Undirected,MS_Bodl_87
work_6590,work_6591,Undirected,MS_Bodl_87
work_6590,work_2055,Undirected,MS_Bodl_87
work_6590,work_1742,Undirected,MS_Bodl_87
work_6590,work_14583,Undirected,MS_Bodl_87
work_6590,work_14583,Undirected,MS_Bodl_87
work_6596,work_16173,Undirected,MS_Laud_Misc_527-part9
work_660,work_3764,Undirected,MS_DOrville_208
work_660,work_5429,Undirected,MS_DOrville_208
work_660,work_5430,Undirected,MS_DOrville_208
work_660,work_659,Undirected,MS_Canon_Class_Lat_188
work_660,work_3764,Undirected,MS_Rawl_G_49
work_660,work_5429,Undirected,MS_Rawl_G_49
work_660,work_650,Undirected,MS_Rawl_G_49
work_660,work_6427,Undirected,MS_Rawl_G_49
work_660,work_1125,Undirected,MS_DOrville_208
work_660,work_6427,Undirected,MS_DOrville_208
work_660,work_1125,Undirected,MS_Rawl_G_49
work_660,work_5430,Undirected,MS_Rawl_G_49
work_660,work_650,Undirected,MS_DOrville_208
work_6602,work_7438,Undirected,MS_Laud_Misc_175
work_6602,work_744,Undirected,MS_Laud_Misc_175
work_6602,work_4974,Undirected,MS_Laud_Misc_175
work_6602,work_833,Undirected,MS_Laud_Misc_175
work_6602,work_462,Undirected,MS_Laud_Misc_175
work_6602,work_3870,Undirected,MS_Laud_Misc_175
work_6602,work_3871,Undirected,MS_Laud_Misc_175
work_6602,work_729,Undirected,MS_Laud_Misc_175
work_6608,work_6784,Undirected,MS_Bodl_698
work_6608,work_6285,Undirected,MS_Bodl_698
work_6608,work_749,Undirected,MS_Bodl_698
work_6608,work_6610,Undirected,MS_Bodl_94
work_6608,work_3879,Undirected,MS_Bodl_698
work_6608,work_6285,Undirected,MS_Bodl_698
work_6608,work_7038,Undirected,MS_Bodl_698
work_6608,work_465,Undirected,MS_Bodl_94
work_6608,work_6609,Undirected,MS_Bodl_698
work_6608,work_2409,Undirected,MS_Bodl_94
work_6608,work_6609,Undirected,MS_Bodl_94
work_6608,work_801,Undirected,MS_Bodl_94
work_6608,work_6607,Undirected,MS_Bodl_698
work_6608,work_475,Undirected,MS_Bodl_94
work_6608,work_455,Undirected,MS_Bodl_94
work_6608,work_6607,Undirected,MS_Bodl_94
work_662,work_665,Undirected,MS_Canon_Class_Lat_288
work_6628,work_960,Undirected,MS_Lyell_54
work_6628,work_965,Undirected,MS_Lyell_54
work_6628,work_2019,Undirected,MS_Lyell_54
work_663,work_651,Undirected,MS_Auct_T_3_21
work_663,work_648,Undirected,MS_Auct_T_3_21
work_663,work_669,Undirected,MS_Auct_T_3_21
work_6635,work_6641,Undirected,MS_Germ_e_22
work_6635,work_6635,Undirected,MS_Germ_e_22
work_6635,work_6636,Undirected,MS_Germ_e_22
work_6635,work_6637,Undirected,MS_Germ_e_22
work_6635,work_6635,Undirected,MS_Germ_e_22
work_6635,work_16425,Undirected,MS_Germ_e_22
work_6635,work_6638,Undirected,MS_Germ_e_22
work_6635,work_6640,Undirected,MS_Germ_e_22
work_6635,work_6639,Undirected,MS_Germ_e_22
work_6653,work_6656,Undirected,MS_Savile_55-partE
work_6653,work_6657,Undirected,MS_Savile_55-partE
work_666,work_3763,Undirected,MS_Laud_Gr_46
work_666,work_3763,Undirected,MS_Laud_Gr_45
work_666,work_13680,Undirected,MS_Barocci_87
work_6661,work_16378,Undirected,MS_Add_A_263-part1
work_6661,work_16444,Undirected,MS_Add_A_263-part1
work_6662,work_2069,Undirected,St_Johns_College_MS_197-part3
work_6662,work_3633,Undirected,St_Johns_College_MS_197-part3
work_6663,work_6666,Undirected,MS_Laud_Misc_146
work_6663,work_6665,Undirected,MS_Laud_Misc_146
work_6663,work_6669,Undirected,MS_Laud_Misc_146
work_6663,work_6667,Undirected,MS_Laud_Misc_146
work_6663,work_6668,Undirected,MS_Laud_Misc_146
work_6663,work_5053,Undirected,MS_Laud_Misc_146
work_6663,work_6664,Undirected,MS_Laud_Misc_146
work_6671,work_1300,Undirected,MS_Canon_Pat_Lat_52-part3
work_6671,work_879,Undirected,MS_Canon_Pat_Lat_52-part3
work_668,work_4151,Undirected,MS_Barocci_70
work_668,work_2027,Undirected,MS_Barocci_70
work_6686,work_6687,Undirected,MS_Auct_F_1_3
work_6686,work_2029,Undirected,MS_Auct_F_1_4
work_6686,work_6690,Undirected,MS_Auct_F_1_4
work_6686,work_6689,Undirected,MS_Auct_F_1_4
work_6686,work_6688,Undirected,MS_Auct_F_1_4
work_6686,work_2029,Undirected,MS_Auct_F_1_3
work_6686,work_6690,Undirected,MS_Auct_F_1_3
work_6686,work_6689,Undirected,MS_Auct_F_1_3
work_6686,work_6688,Undirected,MS_Auct_F_1_3
work_6686,work_4150,Undirected,MS_Auct_F_1_3
work_6686,work_6687,Undirected,MS_Auct_F_1_4
work_6686,work_4150,Undirected,MS_Auct_F_1_4
work_669,work_648,Undirected,MS_Bywater_4
work_669,work_646,Undirected,MS_Bywater_4
work_6694 work_6694,work_17092,Undirected,St_Johns_College_MS_14
work_6695,work_4808,Undirected,MS_Fairfax_16-part2
work_6695,work_6329,Undirected,MS_Fairfax_16-part2
work_6695,work_1664,Undirected,MS_Fairfax_16-part2
work_6695,work_1661,Undirected,MS_Fairfax_16-part2
work_6695,work_16318,Undirected,MS_Fairfax_16-part2
work_6695,work_6331,Undirected,MS_Fairfax_16-part2
work_6695,work_16320,Undirected,MS_Fairfax_16-part2
work_6695,work_6330,Undirected,MS_Fairfax_16-part2
work_6695,work_6696,Undirected,MS_Fairfax_16-part2
work_6695,work_2683,Undirected,MS_Fairfax_16-part2
work_6695,work_6327,Undirected,MS_Fairfax_16-part2
work_6695,work_6326,Undirected,MS_Fairfax_16-part2
work_672,work_2958,Undirected,MS_Canon_Class_Lat_195
work_672,work_4941,Undirected,MS_Canon_Class_Lat_280
work_672,work_311,Undirected,MS_Auct_F_6_2
work_672,work_6445,Undirected,MS_Auct_F_6_2
work_672,work_6446,Undirected,MS_Auct_F_6_2
work_6727,work_12907,Undirected,MS_Rawl_C_533
work_6752,work_4288,Undirected,St_Johns_College_MS_127
work_6752,work_4288,Undirected,St_Johns_College_MS_127
work_6752,work_533,Undirected,St_Johns_College_MS_127
work_6752,work_4281,Undirected,St_Johns_College_MS_127
work_6752,work_4288,Undirected,St_Johns_College_MS_127
work_6753,work_16521,Undirected,St_Johns_College_MS_177
work_6756,work_1041,Undirected,St_Johns_College_MS_96
work_6756,work_12638,Undirected,St_Johns_College_MS_96
work_6756,work_17161,Undirected,St_Johns_College_MS_96
work_6756,work_6757,Undirected,St_Johns_College_MS_96
work_6756,work_16535,Undirected,St_Johns_College_MS_96
work_6756,work_12893,Undirected,St_Johns_College_MS_96
work_676,work_675,Undirected,MS_Lat_class_d_35
work_676,work_642,Undirected,MS_Lat_class_d_35
work_676,work_641,Undirected,MS_Lat_class_d_35
work_6770,work_10149,Undirected,MS_Ashmole_1450-part7
work_6770,work_6769,Undirected,MS_Ashmole_1450-part7
work_678,work_3699,Undirected,MS_Auct_T_4_23
work_6781,work_15292,Undirected,MS_Laud_Misc_32
work_6781,work_4130,Undirected,MS_Laud_Misc_32
work_6781,work_1026,Undirected,MS_Laud_Misc_32
work_6781,work_11760,Undirected,MS_Laud_Misc_32
work_6781,work_14583,Undirected,MS_Laud_Misc_32
work_6781,work_15263,Undirected,MS_Laud_Misc_32
work_6781,work_14583,Undirected,MS_Laud_Misc_32
work_6781,work_15308,Undirected,MS_Laud_Misc_32
work_6781,work_16545,Undirected,MS_Laud_Misc_32
work_6781,work_16544,Undirected,MS_Laud_Misc_32
work_6781,work_6556,Undirected,MS_Laud_Misc_32
work_6781,work_10753,Undirected,MS_Laud_Misc_32
work_6781,work_14306,Undirected,MS_Laud_Misc_32
work_6781,work_1830,Undirected,MS_Laud_Misc_32
work_6781,work_4343,Undirected,MS_Laud_Misc_32
work_6781,work_1030,Undirected,MS_Laud_Misc_32
work_6781,work_10753,Undirected,MS_Laud_Misc_32
work_6781,work_3954,Undirected,MS_Laud_Misc_32
work_6781,work_4219,Undirected,MS_Laud_Misc_32
work_6790,work_1876,Undirected,St_Johns_College_MS_153
work_6790,work_1876,Undirected,St_Johns_College_MS_153
work_6791,work_16907,Undirected,St_Johns_College_MS_182
work_6791,work_16549,Undirected,St_Johns_College_MS_182
work_6791,work_16306,Undirected,St_Johns_College_MS_182
work_6791,work_16548,Undirected,St_Johns_College_MS_182
work_6791,work_4073,Undirected,St_Johns_College_MS_182
work_6791,work_6792,Undirected,St_Johns_College_MS_182
work_6791,work_6793,Undirected,St_Johns_College_MS_182
work_6791,work_16550,Undirected,St_Johns_College_MS_182
work_6805,work_2512,Undirected,MS_Holkham_Gr_109
work_6805,work_6804,Undirected,MS_Holkham_Gr_109
work_6808,work_6810,Undirected,St_Johns_College_MS_154
work_6814,work_3288,Undirected,MS_Bodl_812
work_6819,work_1514,Undirected,Lincoln_College_MS_Gr_7
work_6819,work_13225,Undirected,Lincoln_College_MS_Gr_7
work_6819,work_13225,Undirected,Lincoln_College_MS_Gr_7
work_6819,work_10407,Undirected,Lincoln_College_MS_Gr_7
work_6819,work_6818,Undirected,Lincoln_College_MS_Gr_7
work_6825,work_6825,Undirected,St_Johns_College_MS_188-part8
work_6825,work_13420,Undirected,St_Johns_College_MS_188-part8
work_6825,work_6829,Undirected,St_Johns_College_MS_188-part8
work_6825,work_6825,Undirected,St_Johns_College_MS_188-part8
work_6825,work_13420,Undirected,St_Johns_College_MS_188-part8
work_6825,work_6825,Undirected,St_Johns_College_MS_150-part1
work_6825,work_6825,Undirected,St_Johns_College_MS_188-part8
work_683,work_685,Undirected,MS_Laud_Misc_98-part3
work_683,work_684,Undirected,MS_Laud_Misc_98-part3
work_683,work_683,Undirected,MS_Laud_Misc_98-part3
work_684,work_4316,Undirected,St_Johns_College_MS_206-part2
work_684,work_5064,Undirected,St_Johns_College_MS_206-part2
work_684,work_685,Undirected,St_Johns_College_MS_206-part2
work_684,work_683,Undirected,MS_Laud_Misc_98-part2
work_6848,work_14583,Undirected,St_Johns_College_MS_190-part9
work_6848,work_14583,Undirected,St_Johns_College_MS_190-part9
work_6849,work_1446,Undirected,St_Johns_College_MS_190-part10
work_6849,work_14583,Undirected,St_Johns_College_MS_190-part10
work_686,work_1912,Undirected,MS_Laud_Misc_371
work_686,work_11233,Undirected,MS_Laud_Misc_371
work_686,work_15308,Undirected,MS_Laud_Misc_371
work_686,work_2150,Undirected,MS_Laud_Misc_371
work_686,work_1057,Undirected,MS_Laud_Misc_371
work_688,work_13204,Undirected,MS_Canon_Misc_199
work_692,work_440,Undirected,MS_Canon_Misc_370
work_699,work_4396,Undirected,Merton_College_MS_261-part2
work_7001,work_7002,Undirected,Merton_College_MS_86
work_7001,work_7003,Undirected,Merton_College_MS_86
work_7001,work_7000,Undirected,Merton_College_MS_86
work_7006,work_7008,Undirected,Merton_College_MS_89
work_7006,work_7009,Undirected,Merton_College_MS_89
work_7006,work_7010,Undirected,Merton_College_MS_89
work_7006,work_7007,Undirected,Merton_College_MS_89
work_7006,work_7011,Undirected,Merton_College_MS_89
work_7012,work_17500,Undirected,Merton_College_MS_65
work_7012,work_7013,Undirected,Merton_College_MS_65
work_7012,work_7015,Undirected,Merton_College_MS_65
work_7012,work_7014,Undirected,Merton_College_MS_65
work_7012,work_7005,Undirected,Merton_College_MS_90
work_7012,work_7014,Undirected,Merton_College_MS_90
work_7012,work_7015,Undirected,Merton_College_MS_90
work_7012,work_7013,Undirected,Merton_College_MS_90
work_7012,work_1553,Undirected,Merton_College_MS_65
work_7017,work_12374,Undirected,Merton_College_MS_117
work_7017,work_12374,Undirected,Merton_College_MS_93
work_702,work_703,Undirected,St_Johns_College_MS_126-part1
work_7020,work_7020,Undirected,Merton_College_MS_85-part6
work_7028,work_17002,Undirected,Merton_College_MS_103
work_7030,work_12374,Undirected,Merton_College_MS_107
work_7037,work_17001,Undirected,Merton_College_MS_113
work_7037,work_312,Undirected,Merton_College_MS_113
work_7037,work_17004,Undirected,Merton_College_MS_113
work_7037,work_17005,Undirected,Merton_College_MS_113
work_7037,work_4253,Undirected,Merton_College_MS_113
work_704,work_3226,Undirected,MS_Barocci_82
work_704,work_929,Undirected,MS_Barocci_82
work_704,work_706,Undirected,MS_Auct_F_4_4
work_7044,work_10476,Undirected,Merton_College_MS_129-part1
work_7045,work_10476,Undirected,Merton_College_MS_129-part2
work_7046,work_7047,Undirected,Merton_College_MS_131
work_7046,work_7039,Undirected,Merton_College_MS_131
work_7050,work_12374,Undirected,Merton_College_MS_133
work_7050,work_1567,Undirected,Merton_College_MS_133
work_7053,work_7057,Undirected,Merton_College_MS_137-part2
work_7053,work_7056,Undirected,Merton_College_MS_137-part2
work_7053,work_7055,Undirected,Merton_College_MS_137-part2
work_7053,work_7054,Undirected,Merton_College_MS_137-part2
work_7059,work_7060,Undirected,Merton_College_MS_137-part4
work_7059,work_7061,Undirected,Merton_College_MS_137-part4
work_7062,work_7063,Undirected,Merton_College_MS_138
work_7062,work_7064,Undirected,Merton_College_MS_138
work_7065,work_12374,Undirected,Merton_College_MS_139
work_7065,work_4312,Undirected,Merton_College_MS_139
work_7072,work_12374,Undirected,Merton_College_MS_141-part2
work_7073,work_12374,Undirected,Merton_College_MS_142
work_7076,work_3880,Undirected,MS_Laud_Misc_268-part3
work_7076,work_6853,Undirected,MS_Laud_Misc_268-part3
work_7076,work_7075,Undirected,MS_Laud_Misc_268-part3
work_7076,work_2817,Undirected,MS_Laud_Misc_268-part3
work_7079,work_4517,Undirected,MS_Add_C_150
work_7081,work_7082,Undirected,Merton_College_MS_169-part2
work_7081,work_7083,Undirected,Merton_College_MS_169-part2
work_7081,work_7084,Undirected,Merton_College_MS_169-part2
work_7096,work_7099,Undirected,Merton_College_MS_184
work_7096,work_7098,Undirected,Merton_College_MS_184
work_7096,work_7097,Undirected,Merton_College_MS_184
work_7104,work_7105,Undirected,Merton_College_MS_188
work_7104,work_7106,Undirected,Merton_College_MS_188
work_7107,work_7108,Undirected,Exeter_College_MS_27
work_7107,work_17001,Undirected,Merton_College_MS_189-part1
work_7107,work_12374,Undirected,Exeter_College_MS_27
work_7109,work_12374,Undirected,Merton_College_MS_191
work_711,work_10396,Undirected,MS_Lyell_89
work_7121,work_12374,Undirected,Merton_College_MS_199
work_7122,work_1553,Undirected,Merton_College_MS_201
work_7122,work_2867,Undirected,Merton_College_MS_201
work_7122,work_16066,Undirected,Merton_College_MS_201
work_7122,work_7123,Undirected,Merton_College_MS_201
work_7130,work_7134,Undirected,MS_Laud_Misc_580
work_7130,work_7133,Undirected,MS_Laud_Misc_580
work_7130,work_7132,Undirected,MS_Laud_Misc_580
work_7130,work_7136,Undirected,MS_Laud_Misc_580
work_7130,work_7131,Undirected,MS_Laud_Misc_580
work_7130,work_2941,Undirected,MS_Laud_Misc_580
work_7130,work_7135,Undirected,MS_Laud_Misc_580
work_7130,work_7137,Undirected,MS_Laud_Misc_580
work_7141,work_12374,Undirected,Merton_College_MS_217
work_7141,work_12374,Undirected,Merton_College_MS_217
work_7141,work_12374,Undirected,Merton_College_MS_217
work_7148,work_4544,Undirected,Merton_College_MS_216
work_7148,work_3533,Undirected,Merton_College_MS_216
work_7149,work_7142,Undirected,Merton_College_MS_219
work_7149,work_1320,Undirected,Merton_College_MS_219
work_7149,work_7145,Undirected,Merton_College_MS_219
work_7149,work_1600,Undirected,Merton_College_MS_219
work_7149,work_1601,Undirected,Merton_College_MS_219
work_7149,work_1619,Undirected,Merton_College_MS_219
work_7149,work_1321,Undirected,Merton_College_MS_219
work_7149,work_4447,Undirected,Merton_College_MS_219
work_7149,work_7144,Undirected,Merton_College_MS_219
work_7149,work_1319,Undirected,Merton_College_MS_219
work_7149,work_7152,Undirected,Merton_College_MS_219
work_7149,work_7153,Undirected,Merton_College_MS_219
work_7149,work_17025,Undirected,Merton_College_MS_219
work_7149,work_2846,Undirected,Merton_College_MS_219
work_7149,work_7155,Undirected,Merton_College_MS_219
work_7149,work_5058,Undirected,Merton_College_MS_219
work_7149,work_7151,Undirected,Merton_College_MS_219
work_7149,work_7143,Undirected,Merton_College_MS_219
work_7150,work_3856,Undirected,Merton_College_MS_281-part3
work_7150,work_7247,Undirected,Merton_College_MS_281-part3
work_7162,work_2426,Undirected,MS_Laud_Misc_252-part1
work_7162,work_17026,Undirected,MS_Laud_Misc_252-part1
work_7167,work_4510,Undirected,Merton_College_MS_229
work_7167,work_17027,Undirected,Merton_College_MS_229
work_7178,work_7146,Undirected,Merton_College_MS_230
work_7178,work_7168,Undirected,Merton_College_MS_230
work_7178,work_7169,Undirected,Merton_College_MS_230
work_7178,work_7170,Undirected,Merton_College_MS_230
work_7178,work_17028,Undirected,Merton_College_MS_230
work_7178,work_15391,Undirected,Merton_College_MS_230
work_7178,work_17029,Undirected,Merton_College_MS_230
work_7178,work_7171,Undirected,Merton_College_MS_230
work_7178,work_7176,Undirected,Merton_College_MS_230
work_7178,work_7175,Undirected,Merton_College_MS_230
work_7178,work_7172,Undirected,Merton_College_MS_230
work_7178,work_7173,Undirected,Merton_College_MS_230
work_7178,work_7174,Undirected,Merton_College_MS_230
work_7178,work_7177,Undirected,Merton_College_MS_230
work_718,work_1704,Undirected,MS_Holkham_Gr_29
work_718,work_5906,Undirected,MS_Holkham_Gr_29
work_718,work_16103,Undirected,MS_Holkham_Gr_29
work_718,work_3251,Undirected,MS_Holkham_Gr_29
work_718,work_5907,Undirected,MS_Holkham_Gr_29
work_7180,work_12374,Undirected,Merton_College_MS_234-part5
work_7189,work_2410,Undirected,St_Johns_College_MS_36
work_7189,work_4501,Undirected,St_Johns_College_MS_36
work_7189,work_2905,Undirected,St_Johns_College_MS_36
work_7189,work_4497,Undirected,St_Johns_College_MS_36
work_7189,work_4118,Undirected,St_Johns_College_MS_36
work_7189,work_2905,Undirected,St_Johns_College_MS_36
work_7189,work_4497,Undirected,St_Johns_College_MS_36
work_7189,work_4117,Undirected,St_Johns_College_MS_36
work_7189,work_2904,Undirected,St_Johns_College_MS_36
work_7189,work_7424,Undirected,St_Johns_College_MS_36
work_7189,work_4120,Undirected,St_Johns_College_MS_36
work_7198,work_7199,Undirected,Merton_College_MS_260-part1
work_7198,work_17035,Undirected,Merton_College_MS_260-part1
work_720,work_14583,Undirected,MS_Douce_351
work_720,work_12231,Undirected,MS_Douce_351
work_720,work_2430,Undirected,MS_Douce_351
work_7200,work_7202,Undirected,Merton_College_MS_260-part3
work_7200,work_7201,Undirected,Merton_College_MS_260-part3
work_7217,work_7227,Undirected,Merton_College_MS_274
work_7217,work_7226,Undirected,Merton_College_MS_274
work_7217,work_7225,Undirected,Merton_College_MS_274
work_7217,work_7224,Undirected,Merton_College_MS_274
work_7217,work_7223,Undirected,Merton_College_MS_274
work_7217,work_7222,Undirected,Merton_College_MS_274
work_7217,work_7221,Undirected,Merton_College_MS_274
work_7217,work_7218,Undirected,Merton_College_MS_274
work_7217,work_7219,Undirected,Merton_College_MS_274
work_7217,work_7220,Undirected,Merton_College_MS_274
work_7217,work_7229,Undirected,Merton_College_MS_274
work_722,work_721,Undirected,MS_Canon_Pat_Lat_112
work_722,work_4044,Undirected,MS_Bodl_147
work_722,work_4911,Undirected,MS_Canon_Pat_Lat_112
work_722,work_3768,Undirected,MS_Canon_Pat_Lat_112
work_722,work_6048,Undirected,MS_Canon_Pat_Lat_112
work_722,work_4135,Undirected,MS_Bodl_147
work_722,work_4911,Undirected,Trinity_College_MS_25
work_722,work_3867,Undirected,MS_Bodl_147
work_722,work_3867,Undirected,MS_Canon_Pat_Lat_112
work_722,work_3768,Undirected,MS_Bodl_147
work_722,work_4135,Undirected,MS_Canon_Pat_Lat_112
work_722,work_4911,Undirected,MS_Bodl_147
work_722,work_721,Undirected,MS_Bodl_147
work_722,work_6048,Undirected,MS_Bodl_147
work_7231,work_7233,Undirected,Merton_College_MS_275
work_7231,work_7232,Undirected,Merton_College_MS_275
work_7231,work_4776,Undirected,Merton_College_MS_275
work_7231,work_4774,Undirected,Merton_College_MS_275
work_7231,work_11143,Undirected,Merton_College_MS_275
work_7231,work_1756,Undirected,Merton_College_MS_275
work_7231,work_11143,Undirected,Merton_College_MS_275
work_7231,work_7227,Undirected,Merton_College_MS_275
work_7231,work_11143,Undirected,Merton_College_MS_275
work_7231,work_11143,Undirected,Merton_College_MS_275
work_7231,work_7234,Undirected,Merton_College_MS_275
work_7231,work_7229,Undirected,Merton_College_MS_275
work_7231,work_17044,Undirected,Merton_College_MS_275
work_7231,work_7222,Undirected,Merton_College_MS_275
work_7231,work_17045,Undirected,Merton_College_MS_275
work_7231,work_7223,Undirected,Merton_College_MS_275
work_7231,work_7235,Undirected,Merton_College_MS_275
work_7238,work_17048,Undirected,Merton_College_MS_276-part3
work_7238,work_664,Undirected,Merton_College_MS_276-part3
work_7240,work_7241,Undirected,Merton_College_MS_276-part5
work_7245,work_11141,Undirected,Merton_College_MS_280-part1
work_7245,work_7246,Undirected,Merton_College_MS_280-part1
work_725,work_2820,Undirected,MS_Auct_E_5_4
work_725,work_3226,Undirected,MS_Auct_E_5_4
work_725,work_2819,Undirected,MS_Auct_E_5_4
work_7250,work_849,Undirected,Merton_College_MS_282
work_7250,work_3919,Undirected,Merton_College_MS_282
work_7250,work_857,Undirected,Merton_College_MS_282
work_7250,work_862,Undirected,Merton_College_MS_282
work_7250,work_7253,Undirected,Merton_College_MS_282
work_7250,work_7252,Undirected,Merton_College_MS_282
work_7250,work_861,Undirected,Merton_College_MS_282
work_7250,work_7251,Undirected,Merton_College_MS_282
work_7250,work_851,Undirected,Merton_College_MS_282
work_7250,work_849,Undirected,Merton_College_MS_282
work_7250,work_849,Undirected,Merton_College_MS_282
work_7250,work_849,Undirected,Merton_College_MS_282
work_7254,work_7256,Undirected,Merton_College_MS_283
work_7254,work_7257,Undirected,Merton_College_MS_283
work_7254,work_7255,Undirected,Merton_College_MS_283
work_7258,work_6699,Undirected,St_Johns_College_MS_71-part1
work_7258,work_6699,Undirected,St_Johns_College_MS_69-part1
work_7259,work_7260,Undirected,MS_Bodl_141
work_7259,work_7268,Undirected,MS_Bodl_141
work_7259,work_328,Undirected,MS_Bodl_141
work_7259,work_332,Undirected,MS_Bodl_141
work_7259,work_7263,Undirected,MS_Bodl_141
work_7259,work_7264,Undirected,MS_Bodl_141
work_7259,work_7265,Undirected,MS_Bodl_141
work_7259,work_338,Undirected,MS_Bodl_141
work_7259,work_7262,Undirected,MS_Bodl_141
work_7259,work_339,Undirected,MS_Bodl_141
work_7259,work_7261,Undirected,MS_Bodl_141
work_7259,work_336,Undirected,MS_Bodl_141
work_7259,work_333,Undirected,MS_Bodl_141
work_7259,work_7267,Undirected,MS_Bodl_141
work_7259,work_7266,Undirected,MS_Bodl_141
work_7259,work_6272,Undirected,MS_Bodl_141
work_7263,work_333,Undirected,MS_Laud_Misc_628
work_7263,work_336,Undirected,MS_Laud_Misc_628
work_7263,work_7265,Undirected,MS_Laud_Misc_628
work_7263,work_328,Undirected,MS_Laud_Misc_628
work_7263,work_344,Undirected,MS_Laud_Misc_628
work_7263,work_339,Undirected,MS_Laud_Misc_628
work_7263,work_7264,Undirected,MS_Laud_Misc_628
work_7263,work_332,Undirected,MS_Laud_Misc_628
work_7263,work_337,Undirected,MS_Laud_Misc_628
work_7263,work_7267,Undirected,MS_Laud_Misc_628
work_7263,work_7266,Undirected,MS_Laud_Misc_628
work_7263,work_338,Undirected,MS_Laud_Misc_628
work_7272,work_7273,Undirected,Merton_College_MS_288-part2
work_7274,work_7277,Undirected,Merton_College_MS_289
work_7274,work_4355,Undirected,Merton_College_MS_289
work_7274,work_7276,Undirected,Merton_College_MS_289
work_7279,work_7280,Undirected,Merton_College_MS_292-part2
work_7279,work_7039,Undirected,Merton_College_MS_292-part2
work_7286,work_332,Undirected,Merton_College_MS_292-part6
work_7286,work_7266,Undirected,Merton_College_MS_292-part6
work_7286,work_7287,Undirected,Merton_College_MS_292-part6
work_7286,work_7288,Undirected,Merton_College_MS_292-part6
work_7286,work_14497,Undirected,Merton_College_MS_292-part6
work_7286,work_17052,Undirected,Merton_College_MS_292-part6
work_7286,work_7265,Undirected,Merton_College_MS_292-part6
work_729,work_744,Undirected,MS_Laud_Misc_123
work_729,work_957,Undirected,MS_Laud_Misc_123
work_729,work_729,Undirected,MS_Laud_Misc_123
work_729,work_3500,Undirected,MS_Laud_Misc_123
work_729,work_1850,Undirected,MS_Laud_Misc_123
work_729,work_4540,Undirected,MS_Laud_Misc_123
work_729,work_764,Undirected,MS_Laud_Misc_123
work_729,work_972,Undirected,MS_Laud_Misc_123
work_729,work_3052,Undirected,MS_Laud_Misc_123
work_7295,work_7293,Undirected,Merton_College_MS_292-part7
work_7295,work_7291,Undirected,Merton_College_MS_292-part7
work_7295,work_7294,Undirected,Merton_College_MS_292-part7
work_7295,work_7290,Undirected,Merton_College_MS_292-part7
work_7295,work_7289,Undirected,Merton_College_MS_292-part7
work_7298,work_7299,Undirected,Merton_College_MS_295-part3
work_7298,work_4368,Undirected,Merton_College_MS_295-part3
work_7304,work_11126,Undirected,Merton_College_MS_296-part2
work_7305,work_7314,Undirected,Merton_College_MS_299
work_7305,work_17058,Undirected,Merton_College_MS_299
work_7305,work_7313,Undirected,Merton_College_MS_299
work_7305,work_7310,Undirected,Merton_College_MS_299
work_7305,work_7311,Undirected,Merton_College_MS_299
work_7305,work_7309,Undirected,Merton_College_MS_299
work_7305,work_11243,Undirected,MS_Bodl_571-part1
work_7305,work_7308,Undirected,Merton_College_MS_299
work_7305,work_7307,Undirected,Merton_College_MS_299
work_7305,work_317,Undirected,MS_Bodl_571-part1
work_7305,work_2773,Undirected,MS_Bodl_571-part1
work_7305,work_2759,Undirected,MS_Bodl_571-part1
work_7305,work_17058,Undirected,MS_Bodl_571-part1
work_7305,work_7312,Undirected,Merton_College_MS_299
work_7305,work_7306,Undirected,Merton_College_MS_299
work_7305,work_11726,Undirected,Merton_College_MS_299
work_7305,work_11726,Undirected,Merton_College_MS_299
work_7315,work_7316,Undirected,Merton_College_MS_305
work_7315,work_7317,Undirected,Merton_College_MS_305
work_7319,work_7244,Undirected,Merton_College_MS_306
work_7324,work_11148,Undirected,Merton_College_MS_310
work_7324,work_11157,Undirected,Merton_College_MS_310
work_7341,work_7340,Undirected,Merton_College_MS_304
work_7341,work_17076,Undirected,Merton_College_MS_304
work_7341,work_11164,Undirected,Merton_College_MS_304
work_7376,work_7375,Undirected,Exeter_College_MS_28-partA
work_7376,work_7377,Undirected,Exeter_College_MS_28-partA
work_7376,work_11855,Undirected,Exeter_College_MS_28-partA
work_7378,work_7379,Undirected,Exeter_College_MS_28-partB
work_7378,work_14583,Undirected,Exeter_College_MS_28-partB
work_7378,work_1660,Undirected,Exeter_College_MS_28-partB
work_7378,work_1660,Undirected,Exeter_College_MS_28-partB
work_7378,work_3525,Undirected,MS_Bodl_303
work_739,work_2431,Undirected,MS_DOrville_209
work_739,work_749,Undirected,MS_DOrville_209
work_739,work_12892,Undirected,MS_DOrville_209
work_7395,work_12374,Undirected,Exeter_College_MS_39
work_7398,work_5921,Undirected,MS_Hamilton_46-part1
work_7398,work_14583,Undirected,MS_Hamilton_46-part1
work_7398,work_14583,Undirected,MS_Hamilton_46-part1
work_7398,work_2132,Undirected,MS_Hamilton_46-part1
work_7398,work_13232,Undirected,MS_Hamilton_46-part1
work_7398,work_16338,Undirected,MS_Hamilton_46-part1
work_7398,work_16388,Undirected,MS_Hamilton_46-part1
work_7399,work_7400,Undirected,MS_Hamilton_35
work_7399,work_7401,Undirected,MS_Hamilton_35
work_7399,work_2313,Undirected,MS_Hamilton_35
work_7399,work_7402,Undirected,MS_Hamilton_35
work_7399,work_2316,Undirected,MS_Hamilton_35
work_7399,work_2352,Undirected,MS_Hamilton_35
work_7405,work_13209,Undirected,MS_Digby_197
work_7405,work_17070,Undirected,MS_Digby_197
work_7405,work_14943,Undirected,MS_Digby_197
work_7405,work_1716,Undirected,MS_Digby_197
work_7405,work_6726,Undirected,MS_Digby_197
work_7405,work_3131,Undirected,MS_Digby_197
work_7405,work_3133,Undirected,MS_Digby_197
work_741,work_777,Undirected,MS_Laud_Misc_117
work_741,work_768,Undirected,MS_Laud_Misc_117
work_741,work_792,Undirected,MS_Laud_Misc_117
work_741,work_835,Undirected,MS_Laud_Misc_117
work_741,work_12769,Undirected,MS_Laud_Misc_117
work_741,work_7322,Undirected,MS_Laud_Misc_117
work_7412,work_12374,Undirected,Exeter_College_MS_68
work_7412,work_12374,Undirected,Exeter_College_MS_68
work_7413,work_7413,Undirected,MS_Junius_25-part4
work_7413,work_12033,Undirected,MS_Junius_25-part4
work_7414,work_1280,Undirected,MS_Junius_25-part10
work_7414,work_3102,Undirected,MS_Junius_25-part10
work_7427,work_14583,Undirected,MS_Laud_Misc_479-partB
work_7427,work_1718,Undirected,MS_Laud_Misc_479-partB
work_7427,work_1718,Undirected,MS_Laud_Misc_479-partB
work_7427,work_5778,Undirected,MS_Laud_Misc_479-partB
work_7427,work_1024,Undirected,MS_Laud_Misc_479-partB
work_7427,work_15005,Undirected,MS_Laud_Misc_479-partB
work_7427,work_15005,Undirected,MS_Laud_Misc_479-partB
work_7427,work_1869,Undirected,MS_Laud_Misc_479-partB
work_7427,work_14583,Undirected,MS_Laud_Misc_479-partB
work_7427,work_7428,Undirected,MS_Laud_Misc_479-partB
work_7427,work_4318,Undirected,MS_Laud_Misc_479-partB
work_743,work_4026,Undirected,MS_Laud_Misc_111
work_743,work_1447,Undirected,MS_Laud_Misc_111
work_743,work_11808,Undirected,MS_Laud_Misc_111
work_743,work_4286,Undirected,MS_Laud_Misc_111
work_743,work_4289,Undirected,MS_Laud_Misc_111
work_743,work_15308,Undirected,MS_Laud_Misc_111
work_7434,work_14583,Undirected,MS_Laud_Misc_544
work_7434,work_14583,Undirected,MS_Laud_Misc_544
work_7434,work_14583,Undirected,MS_Laud_Misc_544
work_7434,work_14583,Undirected,MS_Laud_Misc_544
work_7434,work_14583,Undirected,MS_Laud_Misc_544
work_7434,work_14583,Undirected,MS_Laud_Misc_544
work_7434,work_14583,Undirected,MS_Laud_Misc_544
work_7434,work_14583,Undirected,MS_Laud_Misc_544
work_7434,work_14583,Undirected,MS_Laud_Misc_544
work_7434,work_14583,Undirected,MS_Laud_Misc_544
work_7434,work_14583,Undirected,MS_Laud_Misc_544
work_7434,work_7433,Undirected,MS_Laud_Misc_544
work_7434,work_14583,Undirected,MS_Laud_Misc_544
work_7434,work_14583,Undirected,MS_Laud_Misc_544
work_7434,work_1660,Undirected,MS_Laud_Misc_544
work_7434,work_14583,Undirected,MS_Laud_Misc_544
work_7434,work_7432,Undirected,MS_Laud_Misc_544
work_7440,work_2268,Undirected,Trinity_College_MS_31
work_745,work_772,Undirected,MS_Bodl_804
work_7452,work_17165,Undirected,St_Johns_College_MS_102
work_746,work_6472,Undirected,MS_Hamilton_49-part2
work_746,work_835,Undirected,MS_Hamilton_49-part2
work_746,work_2567,Undirected,MS_Hamilton_49-part2
work_747,work_1210,Undirected,MS_Laud_Misc_87-part3
work_747,work_464,Undirected,MS_Laud_Misc_87-part3
work_747,work_7424,Undirected,MS_Laud_Misc_87-part3
work_747,work_762,Undirected,MS_Laud_Misc_87-part3
work_748,work_2257,Undirected,MS_Douce_198
work_748,work_3871,Undirected,MS_Douce_198
work_748,work_744,Undirected,MS_Douce_198
work_748,work_729,Undirected,MS_Douce_198
work_750,work_773,Undirected,MS_Barlow_43
work_750,work_779,Undirected,MS_Barlow_43
work_750,work_779,Undirected,MS_Rawl_C_818
work_750,work_751,Undirected,MS_Laud_Misc_122
work_750,work_794,Undirected,MS_Laud_Misc_122
work_750,work_747,Undirected,MS_Laud_Misc_122
work_750,work_775,Undirected,MS_Laud_Misc_122
work_750,work_779,Undirected,MS_Laud_Misc_122
work_753,work_16240,Undirected,MS_Laud_Misc_135
work_753,work_1876,Undirected,MS_Bodl_198
work_753,work_4827,Undirected,MS_Canon_Pat_Lat_187
work_753,work_2426,Undirected,Trinity_College_MS_59
work_754,work_1928,Undirected,MS_e_Mus_33
work_754,work_1185,Undirected,MS_e_Mus_33
work_7609,work_222,Undirected,MS_Bodl_603-part2
work_7609,work_1640,Undirected,MS_Bodl_603-part2
work_7609,work_3945,Undirected,MS_Bodl_603-part2
work_761,work_3889,Undirected,Brasenose_College_MS_12
work_761,work_764,Undirected,Brasenose_College_MS_12
work_761,work_6847,Undirected,Brasenose_College_MS_12
work_761,work_6602,Undirected,Brasenose_College_MS_12
work_761,work_810,Undirected,Brasenose_College_MS_12
work_761,work_5945,Undirected,Brasenose_College_MS_12
work_761,work_747,Undirected,Brasenose_College_MS_12
work_761,work_5752,Undirected,Brasenose_College_MS_12
work_761,work_3881,Undirected,Brasenose_College_MS_12
work_761,work_837,Undirected,Brasenose_College_MS_12
work_761,work_5806,Undirected,Brasenose_College_MS_12
work_761,work_805,Undirected,Brasenose_College_MS_12
work_761,work_6846,Undirected,Brasenose_College_MS_12
work_761,work_5946,Undirected,Brasenose_College_MS_12
work_761,work_5948,Undirected,Brasenose_College_MS_12
work_7613,work_16459,Undirected,MS_Rawl_G_109-part4
work_7613,work_16459,Undirected,MS_Rawl_G_109-part4
work_7614,work_13883,Undirected,MS_Rawl_G_109-part1
work_7615,work_7615,Undirected,MS_Laud_Misc_677-part1
work_762,work_1032,Undirected,MS_Lat_th_e_39-part1
work_762,work_5101,Undirected,MS_Lat_th_e_39-part1
work_762,work_5094,Undirected,MS_Lat_th_e_39-part1
work_762,work_758,Undirected,Christ_Church_Allestree_Library_MS_M110
work_762,work_760,Undirected,MS_Lat_th_e_39-part1
work_762,work_1024,Undirected,MS_Lat_th_e_39-part1
work_762,work_480,Undirected,MS_Lat_th_e_39-part1
work_762,work_4083,Undirected,MS_Lat_th_e_39-part1
work_762,work_815,Undirected,Christ_Church_Allestree_Library_MS_M110
work_762,work_785,Undirected,Christ_Church_Allestree_Library_MS_M110
work_762,work_3879,Undirected,MS_Lat_th_e_39-part1
work_762,work_815,Undirected,MS_Lat_th_e_39-part1
work_762,work_4165,Undirected,MS_Lat_th_e_39-part1
work_762,work_1027,Undirected,MS_Lat_th_e_39-part1
work_762,work_3881,Undirected,MS_Lat_th_e_39-part1
work_762,work_5102,Undirected,MS_Lat_th_e_39-part1
work_762,work_14583,Undirected,MS_Lat_th_e_39-part1
work_762,work_1035,Undirected,MS_Lat_th_e_39-part1
work_762,work_1033,Undirected,MS_Lat_th_e_39-part1
work_762,work_322,Undirected,University_College_MS_117
work_7620,work_3894,Undirected,MS_Laud_Misc_325
work_7620,work_3952,Undirected,MS_Laud_Misc_325
work_7628,work_16562,Undirected,MS_Laud_Misc_180-part4
work_7629,work_14583,Undirected,MS_Laud_Misc_190-part2
work_7629,work_2125,Undirected,MS_Laud_Misc_190-part2
work_7629,work_15266,Undirected,MS_Laud_Misc_190-part2
work_7629,work_2635,Undirected,MS_Laud_Misc_190-part2
work_7629,work_2633,Undirected,MS_Laud_Misc_190-part2
work_764,work_833,Undirected,MS_Canon_Pat_Lat_183
work_765,work_787,Undirected,MS_Laud_Misc_343
work_768,work_771,Undirected,MS_Bodl_136-part1
work_768,work_6102,Undirected,MS_Bodl_136-part1
work_768,work_5766,Undirected,MS_Bodl_136-part1
work_768,work_833,Undirected,MS_Bodl_136-part1
work_768,work_6150,Undirected,MS_Bodl_136-part1
work_768,work_3881,Undirected,MS_Bodl_136-part1
work_768,work_805,Undirected,MS_Bodl_136-part1
work_768,work_767,Undirected,MS_Bodl_136-part1
work_768,work_5804,Undirected,MS_Bodl_136-part1
work_768,work_309,Undirected,MS_Bodl_136-part1
work_768,work_5780,Undirected,MS_Bodl_136-part1
work_768,work_804,Undirected,MS_Bodl_136-part1
work_768,work_6605,Undirected,MS_Bodl_136-part1
work_768,work_1588,Undirected,MS_Bodl_136-part1
work_768,work_1831,Undirected,Trinity_College_MS_4
work_768,work_3889,Undirected,MS_Bodl_136-part1
work_768,work_747,Undirected,Trinity_College_MS_4
work_768,work_821,Undirected,MS_Bodl_136-part1
work_768,work_1868,Undirected,MS_Bodl_136-part1
work_768,work_1850,Undirected,MS_Bodl_136-part1
work_768,work_6606,Undirected,MS_Bodl_136-part1
work_768,work_3886,Undirected,MS_Bodl_136-part1
work_768,work_747,Undirected,MS_Bodl_136-part1
work_768,work_5788,Undirected,MS_Bodl_136-part1
work_768,work_4316,Undirected,MS_Bodl_136-part1
work_768,work_4326,Undirected,MS_Bodl_136-part1
work_768,work_785,Undirected,MS_Bodl_136-part1
work_768,work_3868,Undirected,MS_Bodl_136-part1
work_768,work_2942,Undirected,MS_Bodl_136-part1
work_771,work_750,Undirected,MS_Lawn_medieval_20
work_771,work_767,Undirected,MS_Lawn_medieval_20
work_771,work_778,Undirected,MS_Lawn_medieval_20
work_771,work_771,Undirected,MS_Lawn_medieval_20
work_771,work_626,Undirected,MS_Lawn_medieval_20
work_772,work_777,Undirected,MS_Laud_Misc_138
work_772,work_5771,Undirected,MS_Laud_Misc_138
work_772,work_739,Undirected,MS_Laud_Misc_138
work_772,work_3886,Undirected,MS_Laud_Misc_138
work_772,work_805,Undirected,MS_Laud_Misc_138
work_772,work_3907,Undirected,MS_Laud_Misc_138
work_772,work_820,Undirected,MS_Laud_Misc_138
work_772,work_6285,Undirected,MS_Laud_Misc_138
work_772,work_773,Undirected,MS_Laud_Misc_138
work_772,work_820,Undirected,MS_Laud_Misc_138
work_772,work_787,Undirected,MS_Laud_Misc_138
work_772,work_765,Undirected,MS_Laud_Misc_138
work_772,work_1188,Undirected,MS_Laud_Misc_138
work_772,work_776,Undirected,MS_Laud_Misc_138
work_772,work_4910,Undirected,MS_Laud_Misc_138
work_772,work_3484,Undirected,MS_Laud_Misc_138
work_772,work_749,Undirected,MS_Laud_Misc_138
work_772,work_3907,Undirected,MS_Laud_Misc_138
work_772,work_3459,Undirected,MS_Laud_Misc_138
work_772,work_820,Undirected,MS_Laud_Misc_138
work_772,work_760,Undirected,MS_Laud_Misc_138
work_773,work_743,Undirected,MS_Bodl_145
work_773,work_743,Undirected,MS_Bodl_134
work_777,work_3886,Undirected,MS_Rawl_C_154
work_777,work_832,Undirected,MS_Rawl_C_154
work_778,work_473,Undirected,MS_Wood_empt_24
work_778,work_455,Undirected,MS_Wood_empt_24
work_778,work_6607,Undirected,MS_Wood_empt_24
work_780,work_3886,Undirected,MS_Bodl_312-part3
work_780,work_771,Undirected,MS_Bodl_312-part3
work_780,work_821,Undirected,MS_Bodl_312-part3
work_780,work_767,Undirected,MS_Bodl_312-part3
work_780,work_804,Undirected,MS_Bodl_312-part3
work_780,work_3447,Undirected,MS_Bodl_866-part1
work_780,work_5781,Undirected,MS_Bodl_312-part3
work_780,work_5782,Undirected,MS_Bodl_312-part3
work_780,work_5790,Undirected,MS_Bodl_312-part3
work_780,work_757,Undirected,MS_Bodl_312-part3
work_780,work_766,Undirected,MS_Bodl_312-part3
work_780,work_6363,Undirected,MS_Bodl_312-part3
work_780,work_5791,Undirected,MS_Bodl_312-part3
work_784,work_1588,Undirected,MS_Bodl_568
work_784,work_6283,Undirected,MS_Bodl_568
work_784,work_766,Undirected,MS_Bodl_568
work_784,work_532,Undirected,MS_Bodl_195
work_784,work_542,Undirected,MS_Bodl_195
work_784,work_6286,Undirected,MS_Bodl_568
work_784,work_528,Undirected,MS_Bodl_195
work_784,work_12374,Undirected,Merton_College_MS_55
work_784,work_777,Undirected,MS_Bodl_568
work_784,work_804,Undirected,MS_Bodl_568
work_784,work_5780,Undirected,Merton_College_MS_55
work_784,work_771,Undirected,MS_Bodl_568
work_784,work_768,Undirected,MS_Bodl_568
work_784,work_3886,Undirected,Merton_College_MS_55
work_784,work_785,Undirected,MS_Bodl_568
work_784,work_12374,Undirected,Merton_College_MS_55
work_784,work_7202,Undirected,MS_Bodl_568
work_784,work_764,Undirected,MS_Bodl_568
work_784,work_10609,Undirected,MS_Laud_Misc_126
work_784,work_778,Undirected,Merton_College_MS_55
work_784,work_753,Undirected,Merton_College_MS_55
work_784,work_5791,Undirected,MS_Bodl_568
work_784,work_531,Undirected,MS_Bodl_195
work_784,work_5769,Undirected,MS_Bodl_195
work_784,work_772,Undirected,MS_Bodl_568
work_784,work_537,Undirected,MS_Bodl_195
work_784,work_3889,Undirected,MS_Bodl_568
work_784,work_530,Undirected,MS_Bodl_195
work_784,work_5763,Undirected,MS_Bodl_195
work_784,work_775,Undirected,MS_Bodl_568
work_784,work_16298,Undirected,MS_Bodl_568
work_784,work_787,Undirected,MS_Bodl_568
work_784,work_6077,Undirected,MS_Bodl_568
work_784,work_780,Undirected,MS_Bodl_568
work_784,work_5811,Undirected,MS_Bodl_568
work_784,work_538,Undirected,MS_Bodl_195
work_784,work_6287,Undirected,MS_Bodl_568
work_784,work_801,Undirected,MS_Bodl_568
work_784,work_5771,Undirected,MS_Bodl_568
work_784,work_801,Undirected,MS_Bodl_568
work_784,work_821,Undirected,MS_Bodl_568
work_784,work_786,Undirected,MS_Bodl_568
work_784,work_6150,Undirected,MS_Bodl_568
work_784,work_745,Undirected,MS_Bodl_568
work_784,work_770,Undirected,MS_Bodl_568
work_784,work_6604,Undirected,MS_Bodl_195
work_784,work_5764,Undirected,MS_Bodl_195
work_784,work_5808,Undirected,MS_Bodl_568
work_784,work_6284,Undirected,MS_Bodl_568
work_784,work_6602,Undirected,MS_Bodl_568
work_784,work_529,Undirected,MS_Bodl_195
work_784,work_527,Undirected,MS_Bodl_195
work_784,work_758,Undirected,MS_Bodl_568
work_785,work_5780,Undirected,MS_Laud_Misc_142
work_785,work_787,Undirected,MS_Laud_Misc_125
work_785,work_769,Undirected,MS_Laud_Misc_125
work_785,work_821,Undirected,MS_Laud_Misc_142
work_785,work_792,Undirected,MS_Laud_Misc_142
work_785,work_815,Undirected,MS_Laud_Misc_142
work_785,work_757,Undirected,MS_Laud_Misc_125
work_785,work_3886,Undirected,MS_Laud_Misc_142
work_785,work_769,Undirected,MS_Laud_Misc_142
work_786,work_475,Undirected,MS_Bodl_516-part1
work_787,work_768,Undirected,MS_Canon_Pat_Lat_48
work_790,work_743,Undirected,MS_Laud_Misc_158
work_790,work_3889,Undirected,MS_Laud_Misc_158
work_790,work_13886,Undirected,MS_Laud_Misc_113-part2
work_792,work_820,Undirected,MS_Bodl_96_part2
work_792,work_758,Undirected,MS_Bodl_705
work_792,work_771,Undirected,MS_Bodl_705
work_792,work_3889,Undirected,MS_Bodl_705
work_792,work_3805,Undirected,MS_Bodl_96_part2
work_792,work_3484,Undirected,MS_Bodl_96_part2
work_792,work_1054,Undirected,MS_Bodl_96_part2
work_792,work_5811,Undirected,Merton_College_MS_36
work_792,work_1588,Undirected,Merton_College_MS_20-part2
work_792,work_1502,Undirected,MS_Bodl_705
work_792,work_3885,Undirected,Merton_College_MS_20-part2
work_792,work_14299,Undirected,MS_Laud_Misc_96-part3
work_792,work_3907,Undirected,Merton_College_MS_20-part2
work_792,work_760,Undirected,Merton_College_MS_20-part2
work_792,work_2826,Undirected,MS_Bodl_705
work_792,work_766,Undirected,Merton_College_MS_20-part2
work_792,work_749,Undirected,Merton_College_MS_36
work_792,work_684,Undirected,MS_Bodl_705
work_792,work_4911,Undirected,MS_Bodl_705
work_792,work_821,Undirected,Merton_College_MS_36
work_792,work_4066,Undirected,MS_Laud_Misc_96-part3
work_792,work_4594,Undirected,MS_Laud_Misc_96-part3
work_792,work_14301,Undirected,MS_Laud_Misc_96-part3
work_792,work_3874,Undirected,Merton_College_MS_20-part2
work_792,work_3886,Undirected,Merton_College_MS_20-part2
work_792,work_3450,Undirected,MS_Bodl_96_part2
work_792,work_771,Undirected,Merton_College_MS_36
work_792,work_5790,Undirected,Merton_College_MS_36
work_792,work_5791,Undirected,Merton_College_MS_36
work_792,work_769,Undirected,MS_Rawl_C_97
work_792,work_766,Undirected,Merton_College_MS_36
work_792,work_757,Undirected,Merton_College_MS_36
work_792,work_787,Undirected,Merton_College_MS_36
work_792,work_773,Undirected,Merton_College_MS_36
work_792,work_832,Undirected,Merton_College_MS_36
work_792,work_3880,Undirected,Merton_College_MS_36
work_792,work_767,Undirected,Merton_College_MS_36
work_792,work_758,Undirected,Merton_College_MS_36
work_792,work_778,Undirected,Merton_College_MS_36
work_792,work_772,Undirected,Merton_College_MS_36
work_792,work_6048,Undirected,Merton_College_MS_36
work_792,work_772,Undirected,Merton_College_MS_36
work_792,work_833,Undirected,Merton_College_MS_36
work_792,work_2118,Undirected,MS_Rawl_C_97
work_792,work_739,Undirected,Merton_College_MS_36
work_792,work_6051,Undirected,Merton_College_MS_36
work_792,work_5804,Undirected,Merton_College_MS_36
work_792,work_5924,Undirected,MS_Bodl_149
work_792,work_6049,Undirected,Merton_College_MS_36
work_792,work_5774,Undirected,MS_Bodl_149
work_792,work_1942,Undirected,MS_Rawl_C_97
work_792,work_1342,Undirected,MS_Bodl_149
work_792,work_3889,Undirected,MS_Bodl_149
work_792,work_6050,Undirected,Merton_College_MS_36
work_792,work_785,Undirected,Merton_College_MS_36
work_792,work_768,Undirected,Merton_College_MS_36
work_792,work_805,Undirected,MS_Bodl_149
work_794,work_1185,Undirected,MS_Bodl_572-part1C
work_800,work_6602,Undirected,MS_Auct_F_inf_1_2-partC
work_800,work_749,Undirected,MS_Laud_Misc_136
work_800,work_489,Undirected,MS_Auct_F_inf_1_2-partC
work_800,work_758,Undirected,MS_Auct_F_inf_1_2-partC
work_800,work_4910,Undirected,MS_Auct_F_inf_1_2-partC
work_800,work_3907,Undirected,MS_Bodl_199
work_800,work_6274,Undirected,MS_Auct_F_inf_1_2-partC
work_800,work_3886,Undirected,MS_Auct_F_inf_1_2-partC
work_800,work_5808,Undirected,MS_Auct_F_inf_1_2-partC
work_800,work_5806,Undirected,MS_Auct_F_inf_1_2-partC
work_800,work_3450,Undirected,MS_Auct_F_inf_1_2-partC
work_800,work_747,Undirected,MS_Auct_F_inf_1_2-partC
work_800,work_3882,Undirected,MS_Auct_F_inf_1_2-partC
work_800,work_3881,Undirected,MS_Auct_F_inf_1_2-partC
work_800,work_5993,Undirected,MS_Auct_F_inf_1_2-partC
work_800,work_837,Undirected,MS_Auct_F_inf_1_2-partC
work_800,work_965,Undirected,MS_Auct_F_inf_1_2-partC
work_800,work_5838,Undirected,MS_Auct_F_inf_1_2-partC
work_800,work_966,Undirected,MS_Auct_F_inf_1_2-partC
work_800,work_473,Undirected,MS_Bodl_199
work_800,work_472,Undirected,MS_Bodl_199
work_800,work_820,Undirected,MS_Bodl_199
work_800,work_805,Undirected,MS_Auct_F_inf_1_2-partC
work_800,work_5770,Undirected,MS_Auct_F_inf_1_2-partC
work_800,work_3907,Undirected,MS_Bodl_199
work_800,work_818,Undirected,MS_Laud_Misc_136
work_800,work_1958,Undirected,MS_Bodl_863-part1
work_800,work_763,Undirected,MS_Laud_Misc_136
work_800,work_777,Undirected,MS_Laud_Misc_136
work_801,work_3873,Undirected,MS_Laud_Misc_133-part1
work_801,work_740,Undirected,MS_Laud_Misc_133-part1
work_801,work_482,Undirected,St_Johns_College_MS_15
work_801,work_6774,Undirected,St_Johns_College_MS_15
work_801,work_747,Undirected,MS_Rawl_C_531
work_801,work_1188,Undirected,MS_Rawl_C_531
work_801,work_1185,Undirected,MS_Rawl_C_531
work_801,work_3883,Undirected,MS_Rawl_C_531
work_801,work_962,Undirected,MS_Rawl_C_531
work_801,work_3814,Undirected,MS_Rawl_C_531
work_801,work_4786,Undirected,St_Johns_College_MS_15
work_801,work_454,Undirected,St_Johns_College_MS_15
work_801,work_801,Undirected,MS_Laud_Misc_133-part1
work_801,work_766,Undirected,MS_Laud_Misc_133-part1
work_801,work_482,Undirected,St_Johns_College_MS_15
work_801,work_1520,Undirected,MS_Laud_Misc_133-part1
work_801,work_17509,Undirected,MS_Laud_Misc_133-part1
work_801,work_15308,Undirected,MS_Rawl_C_531
work_801,work_837,Undirected,MS_Rawl_C_531
work_801,work_3484,Undirected,MS_Rawl_C_531
work_801,work_6276,Undirected,MS_Bodl_274
work_801,work_786,Undirected,Merton_College_MS_3-part2
work_801,work_760,Undirected,Merton_College_MS_3-part2
work_801,work_5753,Undirected,Merton_College_MS_3-part2
work_801,work_5752,Undirected,Merton_College_MS_3-part2
work_801,work_5751,Undirected,Merton_College_MS_3-part2
work_801,work_757,Undirected,MS_Laud_Misc_133-part1
work_801,work_1220,Undirected,MS_Laud_Misc_133-part1
work_803,work_3885,Undirected,Merton_College_MS_22-part2
work_803,work_5768,Undirected,Merton_College_MS_22-part2
work_803,work_5924,Undirected,Merton_College_MS_22-part2
work_803,work_2150,Undirected,Merton_College_MS_22-part2
work_803,work_2087,Undirected,Merton_College_MS_22-part2
work_803,work_2132,Undirected,Merton_College_MS_22-part2
work_803,work_2169,Undirected,Merton_College_MS_22-part2
work_803,work_5767,Undirected,Merton_College_MS_22-part2
work_803,work_2125,Undirected,Merton_College_MS_22-part2
work_803,work_2154,Undirected,Merton_College_MS_22-part2
work_803,work_5748,Undirected,Merton_College_MS_22-part2
work_803,work_5778,Undirected,Merton_College_MS_22-part2
work_804,work_801,Undirected,St_Johns_College_MS_98-part4
work_804,work_3885,Undirected,St_Johns_College_MS_98-part4
work_804,work_804,Undirected,MS_Laud_Misc_130-partA
work_804,work_803,Undirected,MS_Laud_Misc_130-partA
work_804,work_2252,Undirected,MS_e_Mus_31
work_804,work_2258,Undirected,MS_e_Mus_31
work_804,work_2254,Undirected,MS_e_Mus_31
work_804,work_802,Undirected,MS_Laud_Misc_130-partA
work_804,work_762,Undirected,MS_Laud_Misc_114-part1
work_804,work_2256,Undirected,MS_e_Mus_31
work_804,work_1211,Undirected,MS_e_Mus_31
work_804,work_1652,Undirected,MS_e_Mus_31
work_805,work_758,Undirected,MS_Bodl_765
work_805,work_745,Undirected,MS_Bodl_765
work_805,work_1342,Undirected,MS_Bodl_765
work_805,work_475,Undirected,MS_Bodl_765
work_805,work_770,Undirected,MS_Bodl_765
work_812,work_801,Undirected,MS_Laud_Misc_133-part3
work_815,work_1213,Undirected,MS_Bodl_96_part4
work_815,work_1026,Undirected,MS_Bodl_96_part4
work_815,work_5772,Undirected,MS_Bodl_96_part4
work_815,work_5773,Undirected,MS_Bodl_96_part4
work_815,work_1210,Undirected,MS_Bodl_96_part4
work_815,work_489,Undirected,MS_Bodl_96_part4
work_818,work_3459,Undirected,MS_Bodl_159-part1
work_818,work_3450,Undirected,MS_Bodl_159-part1
work_818,work_820,Undirected,MS_Bodl_159-part1
work_818,work_3906,Undirected,MS_Bodl_159-part1
work_818,work_2426,Undirected,MS_Bodl_159-part1
work_818,work_13982,Undirected,MS_Bodl_159-part1
work_820,work_2294,Undirected,Merton_College_MS_18-part1
work_820,work_3448,Undirected,Merton_College_MS_18-part1
work_820,work_6054,Undirected,Merton_College_MS_18-part1
work_820,work_3882,Undirected,Merton_College_MS_18-part1
work_820,work_6051,Undirected,Merton_College_MS_18-part1
work_820,work_2269,Undirected,Merton_College_MS_18-part1
work_820,work_760,Undirected,Merton_College_MS_18-part1
work_820,work_775,Undirected,Merton_College_MS_18-part1
work_820,work_3450,Undirected,Merton_College_MS_18-part1
work_820,work_820,Undirected,St_Johns_College_MS_77
work_820,work_5930,Undirected,Merton_College_MS_18-part1
work_820,work_786,Undirected,Merton_College_MS_18-part1
work_820,work_6284,Undirected,Merton_College_MS_18-part1
work_820,work_750,Undirected,Merton_College_MS_18-part1
work_820,work_5765,Undirected,Merton_College_MS_18-part1
work_820,work_5748,Undirected,Merton_College_MS_18-part1
work_820,work_5805,Undirected,Merton_College_MS_18-part1
work_820,work_820,Undirected,St_Johns_College_MS_77
work_820,work_5806,Undirected,Merton_College_MS_18-part1
work_820,work_767,Undirected,Merton_College_MS_18-part1
work_820,work_808,Undirected,Merton_College_MS_18-part1
work_820,work_835,Undirected,Merton_College_MS_18-part1
work_820,work_771,Undirected,Merton_College_MS_18-part1
work_820,work_3874,Undirected,Merton_College_MS_18-part1
work_820,work_4164,Undirected,Merton_College_MS_18-part1
work_820,work_801,Undirected,Merton_College_MS_18-part1
work_820,work_820,Undirected,St_Johns_College_MS_77
work_820,work_4273,Undirected,St_Johns_College_MS_77
work_820,work_820,Undirected,St_Johns_College_MS_77
work_820,work_5812,Undirected,Merton_College_MS_18-part1
work_820,work_7358,Undirected,Merton_College_MS_18-part1
work_820,work_4085,Undirected,St_Johns_College_MS_77
work_820,work_4067,Undirected,St_Johns_College_MS_77
work_820,work_2653,Undirected,St_Johns_College_MS_77
work_820,work_2130,Undirected,St_Johns_College_MS_77
work_820,work_1914,Undirected,St_Johns_College_MS_77
work_820,work_5007,Undirected,St_Johns_College_MS_77
work_820,work_820,Undirected,St_Johns_College_MS_77
work_820,work_820,Undirected,St_Johns_College_MS_77
work_820,work_6455,Undirected,St_Johns_College_MS_77
work_820,work_6285,Undirected,Merton_College_MS_18-part1
work_820,work_820,Undirected,St_Johns_College_MS_77
work_820,work_14583,Undirected,MS_Bodl_93
work_820,work_820,Undirected,St_Johns_College_MS_77
work_820,work_820,Undirected,St_Johns_College_MS_77
work_820,work_820,Undirected,St_Johns_College_MS_77
work_820,work_820,Undirected,St_Johns_College_MS_77
work_821,work_545,Undirected,MS_Lat_th_d_46
work_821,work_778,Undirected,MS_Lat_th_d_46
work_821,work_3870,Undirected,MS_Lat_th_d_46
work_821,work_3110,Undirected,MS_Lat_th_d_46
work_821,work_776,Undirected,MS_Lat_th_d_46
work_821,work_767,Undirected,MS_Lat_th_d_46
work_822,work_1648,Undirected,Christ_Church_MS_88
work_822,work_3907,Undirected,Christ_Church_MS_88
work_822,work_3767,Undirected,MS_e_Mus_6
work_822,work_6214,Undirected,MS_Laud_Misc_143
work_822,work_1585,Undirected,MS_Laud_Misc_143
work_822,work_1586,Undirected,MS_Laud_Misc_143
work_822,work_16265,Undirected,MS_Laud_Misc_143
work_822,work_811,Undirected,MS_Laud_Misc_144
work_822,work_812,Undirected,MS_Laud_Misc_144
work_822,work_13715,Undirected,MS_Laud_Misc_144
work_822,work_12910,Undirected,MS_Laud_Misc_143
work_822,work_2422,Undirected,MS_Laud_Misc_143
work_822,work_3831,Undirected,MS_Laud_Misc_143
work_822,work_16285,Undirected,MS_Laud_Misc_139
work_824,work_3983,Undirected,MS_Bodl_43
work_824,work_15308,Undirected,MS_Bodl_43
work_824,work_4286,Undirected,MS_Bodl_43
work_824,work_1126,Undirected,MS_Canon_Pat_Lat_122
work_824,work_14999,Undirected,MS_Canon_Pat_Lat_122
work_824,work_13722,Undirected,MS_Rawl_C_657
work_824,work_3110,Undirected,MS_Canon_Pat_Lat_134
work_830,work_810,Undirected,MS_Bodl_201-part3
work_832,work_809,Undirected,Merton_College_MS_1
work_832,work_5805,Undirected,Merton_College_MS_1
work_832,work_5804,Undirected,Merton_College_MS_1
work_832,work_5780,Undirected,Merton_College_MS_1
work_832,work_3885,Undirected,Merton_College_MS_1
work_832,work_5773,Undirected,Merton_College_MS_1
work_832,work_5774,Undirected,Merton_College_MS_1
work_832,work_805,Undirected,Merton_College_MS_1
work_832,work_749,Undirected,Merton_College_MS_1
work_832,work_760,Undirected,Merton_College_MS_1
work_832,work_1588,Undirected,Merton_College_MS_1
work_832,work_747,Undirected,Merton_College_MS_1
work_832,work_837,Undirected,Merton_College_MS_1
work_832,work_12924,Undirected,MS_Lat_th_e_31
work_832,work_1185,Undirected,Merton_College_MS_1
work_832,work_785,Undirected,Merton_College_MS_1
work_832,work_762,Undirected,Merton_College_MS_1
work_832,work_834,Undirected,MS_Canon_Pat_Lat_171
work_832,work_758,Undirected,Merton_College_MS_1
work_832,work_770,Undirected,Merton_College_MS_1
work_832,work_745,Undirected,Merton_College_MS_1
work_832,work_5790,Undirected,Merton_College_MS_1
work_832,work_2942,Undirected,MS_Canon_Pat_Lat_171
work_832,work_753,Undirected,MS_Canon_Pat_Lat_171
work_832,work_792,Undirected,MS_Canon_Pat_Lat_171
work_832,work_3889,Undirected,Merton_College_MS_1
work_832,work_820,Undirected,MS_Canon_Pat_Lat_171
work_832,work_5791,Undirected,Merton_College_MS_1
work_832,work_766,Undirected,Merton_College_MS_1
work_832,work_757,Undirected,Merton_College_MS_1
work_832,work_5781,Undirected,Merton_College_MS_1
work_832,work_5782,Undirected,Merton_College_MS_1
work_832,work_771,Undirected,Merton_College_MS_1
work_832,work_787,Undirected,Merton_College_MS_1
work_832,work_835,Undirected,MS_Canon_Pat_Lat_171
work_832,work_800,Undirected,MS_Laud_Misc_137
work_832,work_769,Undirected,Merton_College_MS_1
work_832,work_3886,Undirected,Merton_College_MS_1
work_832,work_5811,Undirected,Merton_College_MS_1
work_832,work_5812,Undirected,Merton_College_MS_1
work_832,work_5771,Undirected,Merton_College_MS_1
work_832,work_5814,Undirected,Merton_College_MS_1
work_832,work_14301,Undirected,Merton_College_MS_1
work_832,work_3450,Undirected,Merton_College_MS_1
work_832,work_5810,Undirected,Merton_College_MS_1
work_832,work_5813,Undirected,Merton_College_MS_1
work_832,work_793,Undirected,Merton_College_MS_1
work_832,work_5789,Undirected,Merton_College_MS_1
work_832,work_3881,Undirected,Merton_College_MS_1
work_832,work_784,Undirected,Merton_College_MS_1
work_832,work_3805,Undirected,Merton_College_MS_1
work_832,work_768,Undirected,Merton_College_MS_1
work_832,work_3882,Undirected,Merton_College_MS_1
work_832,work_777,Undirected,Merton_College_MS_1
work_832,work_764,Undirected,Merton_College_MS_1
work_832,work_750,Undirected,Merton_College_MS_1
work_832,work_3870,Undirected,Merton_College_MS_1
work_832,work_815,Undirected,Merton_College_MS_1
work_832,work_792,Undirected,Merton_College_MS_1
work_832,work_5806,Undirected,Merton_College_MS_1
work_832,work_804,Undirected,Merton_College_MS_1
work_832,work_5807,Undirected,Merton_College_MS_1
work_832,work_3880,Undirected,Merton_College_MS_1
work_832,work_773,Undirected,Merton_College_MS_1
work_832,work_5753,Undirected,Merton_College_MS_1
work_832,work_5808,Undirected,Merton_College_MS_1
work_832,work_5809,Undirected,Merton_College_MS_1
work_832,work_765,Undirected,Merton_College_MS_1
work_832,work_3889,Undirected,Merton_College_MS_1
work_835,work_740,Undirected,MS_Laud_Misc_134-part2
work_835,work_13950,Undirected,MS_Laud_Misc_134-part2
work_835,work_13950,Undirected,MS_Laud_Misc_134-part2
work_836,work_12151,Undirected,MS_Canon_Misc_187
work_836,work_3977,Undirected,MS_Canon_Misc_187
work_836,work_3775,Undirected,MS_Canon_Misc_187
work_837,work_3395,Undirected,MS_Rawl_C_153
work_837,work_3882,Undirected,MS_Rawl_C_153
work_837,work_1044,Undirected,MS_Rawl_C_153
work_838,work_14901,Undirected,MS_Hamilton_56-part1
work_838,work_11344,Undirected,MS_Hamilton_56-part1
work_838,work_14558,Undirected,MS_Hamilton_56-part1
work_838,work_16349,Undirected,MS_Hamilton_56-part1
work_839,work_3208,Undirected,MS_Canon_Pat_Lat_86
work_839,work_11172,Undirected,MS_Canon_Pat_Lat_86
work_845,work_3700,Undirected,MS_Digby_217-part3
work_845,work_436,Undirected,MS_Digby_217-part3
work_846,work_856,Undirected,Merton_College_MS_225
work_846,work_5062,Undirected,Brasenose_College_MS_24
work_846,work_1751,Undirected,Merton_College_MS_225
work_846,work_4936,Undirected,MS_Laud_Misc_728
work_846,work_1016,Undirected,Merton_College_MS_225
work_846,work_7160,Undirected,Merton_College_MS_225
work_846,work_1017,Undirected,Merton_College_MS_225
work_846,work_7163,Undirected,Merton_College_MS_225
work_846,work_1018,Undirected,Merton_College_MS_225
work_846,work_17153,Undirected,Merton_College_MS_225
work_846,work_859,Undirected,Merton_College_MS_225
work_846,work_2501,Undirected,Merton_College_MS_225
work_846,work_7164,Undirected,Merton_College_MS_225
work_854,work_10114,Undirected,MS_Rawl_G_111
work_855,work_857,Undirected,MS_Lat_misc_b_18-part19
work_855,work_850,Undirected,MS_Lat_misc_b_18-part19
work_855,work_413,Undirected,MS_Lat_misc_b_18-part19
work_855,work_3920,Undirected,MS_Lat_misc_b_18-part19
work_855,work_431,Undirected,MS_Lat_misc_b_18-part19
work_855,work_861,Undirected,MS_Lat_misc_b_18-part19
work_855,work_432,Undirected,MS_Lat_misc_b_18-part19
work_856,work_13089,Undirected,MS_Canon_Misc_125
work_856,work_16241,Undirected,Merton_College_MS_224
work_856,work_14964,Undirected,MS_Lat_misc_c_73-part2
work_856,work_17092,Undirected,Merton_College_MS_224
work_856,work_856,Undirected,MS_Lat_misc_c_73-part2
work_856,work_17092,Undirected,Merton_College_MS_224
work_857,work_3919,Undirected,MS_Bodl_463-part2
work_860,work_10363,Undirected,MS_Add_C_72
work_861,work_413,Undirected,MS_Digby_217-part5
work_861,work_438,Undirected,MS_Digby_217-part5
work_862,work_4766,Undirected,MS_Digby_217-part2
work_863,work_864,Undirected,MS_Laud_Lat_2
work_863,work_864,Undirected,MS_Holkham_misc_47
work_863,work_5498,Undirected,MS_Laud_Lat_2
work_863,work_5497,Undirected,MS_Laud_Lat_2
work_867,work_792,Undirected,MS_Laud_Misc_578
work_867,work_750,Undirected,MS_Laud_Misc_578
work_867,work_779,Undirected,MS_Laud_Misc_578
work_867,work_2881,Undirected,MS_Laud_Misc_578
work_873,work_15420,Undirected,MS_Laud_Misc_477
work_873,work_17519,Undirected,MS_Laud_Misc_477
work_873,work_13611,Undirected,MS_Laud_Misc_477
work_873,work_2053,Undirected,MS_Laud_Misc_477
work_873,work_7625,Undirected,MS_Laud_Misc_477
work_886,work_2451,Undirected,MS_Canon_Misc_267
work_886,work_904,Undirected,MS_Canon_Misc_267
work_886,work_903,Undirected,MS_Canon_Misc_267
work_886,work_1065,Undirected,MS_Canon_Misc_267
work_886,work_556,Undirected,MS_Canon_Misc_267
work_886,work_1066,Undirected,MS_Canon_Misc_267
work_886,work_15308,Undirected,MS_Canon_Misc_267
work_888,work_11088,Undirected,MS_Lat_th_c_15
work_890,work_2556,Undirected,MS_Lawn_medieval_11
work_890,work_2552,Undirected,MS_Lawn_medieval_11
work_896,work_1263,Undirected,MS_Rawl_C_471
work_896,work_907,Undirected,MS_Selden_Supra_54
work_896,work_3040,Undirected,MS_Selden_Supra_54
work_898,work_14306,Undirected,MS_Bodl_443
work_898,work_3459,Undirected,MS_Bodl_443
work_898,work_16546,Undirected,MS_Bodl_443
work_898,work_537,Undirected,MS_Bodl_428
work_898,work_533,Undirected,MS_Bodl_443
work_898,work_2268,Undirected,MS_Bodl_443
work_898,work_1871,Undirected,MS_Bodl_443
work_898,work_530,Undirected,MS_Bodl_428
work_898,work_2084,Undirected,MS_Bodl_443
work_898,work_15412,Undirected,MS_Bodl_443
work_898,work_1376,Undirected,MS_Bodl_443
work_898,work_3149,Undirected,MS_Bodl_443
work_898,work_11369,Undirected,MS_Bodl_443
work_898,work_14348,Undirected,MS_Bodl_443
work_898,work_1660,Undirected,MS_Bodl_443
work_898,work_15129,Undirected,MS_Bodl_428
work_898,work_11737,Undirected,MS_Bodl_428
work_898,work_820,Undirected,MS_Bodl_428
work_898,work_3882,Undirected,MS_Rawl_D_1228-part1
work_909,work_13881,Undirected,MS_DOrville_49
work_915,work_351,Undirected,MS_Canon_Misc_468
work_915,work_3473,Undirected,MS_Canon_Misc_468
work_915,work_4531,Undirected,MS_Canon_Misc_468
work_915,work_870,Undirected,MS_Canon_Misc_468
work_915,work_351,Undirected,MS_Canon_Misc_468
work_928,work_1820,Undirected,MS_Barocci_228
work_928,work_1855,Undirected,MS_Barocci_228
work_928,work_925,Undirected,MS_Barocci_228
work_928,work_932,Undirected,MS_Barocci_228
work_929,work_1848,Undirected,MS_Barocci_144
work_929,work_1820,Undirected,MS_Barocci_144
work_933,work_13604,Undirected,MS_Laud_Gr_28
work_948,work_1894,Undirected,MS_Canon_Class_Lat_119
work_948,work_841,Undirected,MS_Canon_Class_Lat_119
work_948,work_945,Undirected,MS_Canon_Class_Lat_119
work_948,work_946,Undirected,MS_Canon_Class_Lat_119
work_950,work_7090,Undirected,MS_Laud_Misc_268-part1
work_950,work_974,Undirected,MS_Bodl_160
work_950,work_2294,Undirected,MS_Bodl_160
work_950,work_16299,Undirected,MS_Bodl_160
work_950,work_15308,Undirected,MS_Tanner_6
work_950,work_1190,Undirected,MS_Tanner_6
work_950,work_15437,Undirected,MS_Canon_Pat_Lat_222
work_950,work_951,Undirected,MS_Canon_Pat_Lat_222
work_950,work_974,Undirected,MS_Laud_Misc_268-part1
work_950,work_2294,Undirected,MS_Bodl_160
work_951,work_1186,Undirected,St_Johns_College_MS_89
work_953,work_13060,Undirected,MS_Bodl_732
work_953,work_970,Undirected,St_Johns_College_MS_11
work_953,work_955,Undirected,MS_Bodl_217
work_953,work_7443,Undirected,St_Johns_College_MS_11
work_953,work_3387,Undirected,St_Johns_College_MS_11
work_953,work_952,Undirected,MS_Bodl_732
work_953,work_4056,Undirected,St_Johns_College_MS_11
work_953,work_452,Undirected,St_Johns_College_MS_11
work_953,work_970,Undirected,St_Johns_College_MS_11
work_953,work_970,Undirected,St_Johns_College_MS_11
work_953,work_1871,Undirected,St_Johns_College_MS_11
work_953,work_4056,Undirected,St_Johns_College_MS_11
work_953,work_780,Undirected,St_Johns_College_MS_11
work_953,work_4056,Undirected,St_Johns_College_MS_11
work_953,work_1871,Undirected,St_Johns_College_MS_11
work_953,work_4056,Undirected,St_Johns_College_MS_11
work_953,work_4056,Undirected,St_Johns_College_MS_11
work_953,work_970,Undirected,St_Johns_College_MS_11
work_953,work_970,Undirected,St_Johns_College_MS_11
work_953,work_970,Undirected,St_Johns_College_MS_11
work_953,work_2406,Undirected,St_Johns_College_MS_11
work_953,work_4056,Undirected,St_Johns_College_MS_11
work_953,work_2406,Undirected,St_Johns_College_MS_11
work_953,work_1871,Undirected,St_Johns_College_MS_11
work_953,work_970,Undirected,St_Johns_College_MS_11
work_953,work_1871,Undirected,St_Johns_College_MS_11
work_953,work_780,Undirected,St_Johns_College_MS_11
work_953,work_820,Undirected,St_Johns_College_MS_11
work_953,work_970,Undirected,St_Johns_College_MS_11
work_953,work_4042,Undirected,St_Johns_College_MS_11
work_953,work_953,Undirected,St_Johns_College_MS_11
work_953,work_952,Undirected,St_Johns_College_MS_11
work_953,work_2406,Undirected,St_Johns_College_MS_11
work_953,work_970,Undirected,St_Johns_College_MS_11
work_953,work_1871,Undirected,St_Johns_College_MS_11
work_953,work_970,Undirected,St_Johns_College_MS_11
work_953,work_1871,Undirected,St_Johns_College_MS_11
work_953,work_970,Undirected,St_Johns_College_MS_11
work_953,work_970,Undirected,St_Johns_College_MS_11
work_953,work_952,Undirected,St_Johns_College_MS_11
work_953,work_970,Undirected,St_Johns_College_MS_11
work_953,work_952,Undirected,St_Johns_College_MS_11
work_953,work_970,Undirected,St_Johns_College_MS_11
work_953,work_452,Undirected,St_Johns_College_MS_11
work_953,work_1871,Undirected,St_Johns_College_MS_11
work_953,work_970,Undirected,St_Johns_College_MS_11
work_953,work_970,Undirected,St_Johns_College_MS_11
work_953,work_7356,Undirected,St_Johns_College_MS_11
work_953,work_970,Undirected,St_Johns_College_MS_11
work_953,work_452,Undirected,St_Johns_College_MS_11
work_953,work_452,Undirected,St_Johns_College_MS_11
work_953,work_970,Undirected,St_Johns_College_MS_11
work_953,work_1871,Undirected,St_Johns_College_MS_11
work_953,work_970,Undirected,St_Johns_College_MS_11
work_954,work_376,Undirected,Merton_College_MS_181
work_954,work_3457,Undirected,Merton_College_MS_181
work_954,work_958,Undirected,Merton_College_MS_181
work_954,work_2399,Undirected,Merton_College_MS_181
work_954,work_3399,Undirected,Merton_College_MS_181
work_954,work_2087,Undirected,Merton_College_MS_181
work_955,work_1944,Undirected,Merton_College_MS_178
work_955,work_7094,Undirected,Merton_College_MS_178
work_958,work_1573,Undirected,MS_e_Mus_66-part1
work_958,work_2399,Undirected,MS_Bodl_161
work_959,work_4136,Undirected,MS_Digby_100
work_959,work_2095,Undirected,MS_Digby_100
work_959,work_11562,Undirected,MS_Digby_100
work_959,work_11135,Undirected,MS_Digby_100
work_959,work_3286,Undirected,MS_Digby_100
work_959,work_4733,Undirected,MS_Digby_100
work_959,work_12151,Undirected,MS_Digby_100
work_959,work_15283,Undirected,MS_Digby_100
work_959,work_11805,Undirected,MS_Digby_100
work_959,work_239,Undirected,MS_Digby_100
work_959,work_962,Undirected,MS_Digby_100
work_959,work_13886,Undirected,MS_Digby_100
work_959,work_3071,Undirected,MS_Digby_100
work_959,work_4748,Undirected,MS_Digby_100
work_959,work_15094,Undirected,MS_Digby_100
work_959,work_280,Undirected,MS_Digby_100
work_960,work_966,Undirected,MS_Auct_F_3_14-part2
work_960,work_965,Undirected,MS_Auct_F_3_14-part2
work_960,work_10719,Undirected,MS_Auct_F_3_14-part2
work_960,work_1965,Undirected,MS_Auct_F_3_14-part2
work_960,work_2085,Undirected,MS_e_Mus_223-part2
work_963,work_7088,Undirected,Merton_College_MS_175
work_963,work_5842,Undirected,Merton_College_MS_175
work_963,work_974,Undirected,Merton_College_MS_175
work_963,work_954,Undirected,Merton_College_MS_175
work_963,work_5834,Undirected,Merton_College_MS_175
work_963,work_964,Undirected,Jesus_College_MS_52
work_963,work_2056,Undirected,Jesus_College_MS_51
work_963,work_5842,Undirected,Jesus_College_MS_51
work_963,work_972,Undirected,Merton_College_MS_175
work_963,work_5832,Undirected,Trinity_College_MS_28
work_963,work_7089,Undirected,Merton_College_MS_175
work_963,work_15200,Undirected,Merton_College_MS_175
work_963,work_5953,Undirected,Merton_College_MS_175
work_963,work_7087,Undirected,Merton_College_MS_175
work_963,work_3571,Undirected,Merton_College_MS_175
work_963,work_11289,Undirected,Merton_College_MS_175
work_963,work_7090,Undirected,Merton_College_MS_175
work_963,work_964,Undirected,Merton_College_MS_175
work_963,work_955,Undirected,Merton_College_MS_175
work_963,work_950,Undirected,Merton_College_MS_175
work_963,work_974,Undirected,Merton_College_MS_175
work_963,work_974,Undirected,Merton_College_MS_175
work_963,work_970,Undirected,Merton_College_MS_175
work_963,work_952,Undirected,Merton_College_MS_175
work_963,work_958,Undirected,Merton_College_MS_175
work_964,work_1167,Undirected,MS_Laud_Misc_257
work_964,work_15014,Undirected,MS_Laud_Misc_510
work_964,work_1946,Undirected,MS_Laud_Misc_257
work_966,work_6068,Undirected,MS_Bodl_309
work_966,work_12248,Undirected,MS_Bodl_309
work_966,work_6082,Undirected,MS_Bodl_309
work_966,work_14992,Undirected,MS_Bodl_309
work_966,work_1127,Undirected,MS_Bodl_309
work_968,work_5072,Undirected,MS_Bodl_712
work_968,work_5081,Undirected,MS_Digby_101
work_968,work_1056,Undirected,St_Johns_College_MS_99
work_968,work_1341,Undirected,St_Johns_College_MS_99
work_968,work_3115,Undirected,MS_Bodl_712
work_968,work_210,Undirected,MS_Fairfax_12
work_968,work_3227,Undirected,St_Johns_College_MS_99
work_968,work_2807,Undirected,St_Johns_College_MS_99
work_968,work_12827,Undirected,MS_Barlow_39
work_968,work_10955,Undirected,MS_Bodl_712
work_968,work_1341,Undirected,Christ_Church_MS_99-part3
work_968,work_281,Undirected,MS_Bodl_163-part1
work_968,work_14034,Undirected,MS_Bodl_302-part3
work_968,work_16324,Undirected,MS_Bodl_302-part3
work_968,work_16323,Undirected,MS_Bodl_302-part3
work_968,work_1341,Undirected,MS_Digby_211
work_968,work_1341,Undirected,MS_Fairfax_12
work_970,work_1501,Undirected,Merton_College_MS_177
work_973,work_2084,Undirected,MS_Bodl_821
work_976,work_977,Undirected,MS_Bodl_109
work_977,work_976,Undirected,MS_Bodl_596-part3
work_977,work_12232,Undirected,MS_Laud_Misc_491
work_977,work_968,Undirected,MS_Digby_59
work_977,work_293,Undirected,MS_Digby_59
work_977,work_12827,Undirected,MS_Digby_59
work_977,work_15373,Undirected,MS_Digby_59
work_977,work_12902,Undirected,MS_Digby_175
work_977,work_976,Undirected,MS_Digby_175
work_977,work_13315,Undirected,MS_Digby_175
work_977,work_12837,Undirected,MS_Digby_175
work_977,work_12227,Undirected,MS_Bodl_596-part3
work_977,work_12851,Undirected,MS_Laud_Misc_491
work_977,work_12837,Undirected,MS_Laud_Misc_491
work_977,work_12902,Undirected,MS_Laud_Misc_491
work_977,work_13582,Undirected,MS_Bodl_596-part3
work_977,work_2973,Undirected,MS_Bodl_596-part3
work_978,work_3678,Undirected,MS_Rawl_C_893
work_978,work_979,Undirected,MS_Rawl_C_893
work_982,work_14255,Undirected,MS_Canon_Class_Lat_112
work_982,work_980,Undirected,MS_Canon_Class_Lat_112
work_982,work_981,Undirected,MS_Canon_Class_Lat_112
work_982,work_3077,Undirected,MS_Canon_Class_Lat_112
work_988,work_2722,Undirected,MS_Rawl_poet_35
work_988,work_6595,Undirected,MS_Rawl_poet_32-part1
work_991,work_11697,Undirected,MS_Wood_empt_23
work_999,work_1000,Undirected,MS_Lat_class_c_9
work_999,work_11150,Undirected,MS_Lat_class_c_9
